,1,2,3,4,5,6,7,8,9,10,accuracy,macro avg,weighted avg
precision,0.0,0.0,0.0,0.0,0.05714285714285714,0.0,0.0,0.0,0.0,0.0,0.04,0.005714285714285714,0.005714285714285714
recall,0.0,0.0,0.0,0.0,0.4,0.0,0.0,0.0,0.0,0.0,0.04,0.04,0.04
f1-score,0.0,0.0,0.0,0.0,0.09999999999999999,0.0,0.0,0.0,0.0,0.0,0.04,0.009999999999999998,0.009999999999999998
support,5.0,5.0,5.0,5.0,5.0,5.0,5.0,5.0,5.0,5.0,0.04,50.0,50.0
