,1,2,3,4,5,6,7,8,9,10,accuracy,macro avg,weighted avg
precision,0.25,0.0,0.0,0.0,0.0,0.5,0.14285714285714285,0.16666666666666666,0.25,0.0,0.16,0.13095238095238096,0.13095238095238096
recall,0.4,0.0,0.0,0.0,0.0,0.2,0.6,0.2,0.2,0.0,0.16,0.15999999999999998,0.16
f1-score,0.3076923076923077,0.0,0.0,0.0,0.0,0.28571428571428575,0.23076923076923073,0.1818181818181818,0.22222222222222224,0.0,0.16,0.12282162282162283,0.12282162282162283
support,5.0,5.0,5.0,5.0,5.0,5.0,5.0,5.0,5.0,5.0,0.16,50.0,50.0
