TestFile,Diff
1_mp3,22.27460154027521
11_mp3,0.0
21_mp3,0.0
31_mp3,0.0
(Avg.)shampoo,5.5686503850688025
