TestFile,Diff
1_mp3,22.65550048828125
11_mp3,16.824886474609375
21_mp3,12.761912841796875
31_mp3,21.25005859375
(Avg.)shampoo,18.373089599609372
