,1,2,3,4,5,6,7,8,9,10,accuracy,macro avg,weighted avg
precision,0.0,0.0,0.0,0.0,0.5,0.0,0.0,0.09090909090909091,0.0,0.0,0.04,0.0590909090909091,0.05909090909090909
recall,0.0,0.0,0.0,0.0,0.2,0.0,0.0,0.2,0.0,0.0,0.04,0.04,0.04
f1-score,0.0,0.0,0.0,0.0,0.28571428571428575,0.0,0.0,0.12500000000000003,0.0,0.0,0.04,0.04107142857142858,0.04107142857142858
support,5.0,5.0,5.0,5.0,5.0,5.0,5.0,5.0,5.0,5.0,0.04,50.0,50.0
