,1,2,3,4,5,6,7,8,9,10,accuracy,macro avg,weighted avg
precision,0.05263157894736842,0.0,0.0,0.0,0.0,0.0,0.0,0.0,0.0,0.10526315789473684,0.06,0.015789473684210527,0.015789473684210527
recall,0.2,0.0,0.0,0.0,0.0,0.0,0.0,0.0,0.0,0.4,0.06,0.06000000000000001,0.06
f1-score,0.08333333333333333,0.0,0.0,0.0,0.0,0.0,0.0,0.0,0.0,0.16666666666666666,0.06,0.025,0.025
support,5.0,5.0,5.0,5.0,5.0,5.0,5.0,5.0,5.0,5.0,0.06,50.0,50.0
