,1,2,3,4,5,6,7,8,9,10,accuracy,macro avg,weighted avg
precision,0.0,0.0,0.0,0.0,0.0,0.0,0.16666666666666666,0.16666666666666666,0.16666666666666666,1.0,0.14,0.15,0.15
recall,0.0,0.0,0.0,0.0,0.0,0.0,0.6,0.2,0.2,0.4,0.14,0.13999999999999999,0.14
f1-score,0.0,0.0,0.0,0.0,0.0,0.0,0.2608695652173913,0.1818181818181818,0.1818181818181818,0.5714285714285715,0.14,0.11959345002823266,0.11959345002823264
support,5.0,5.0,5.0,5.0,5.0,5.0,5.0,5.0,5.0,5.0,0.14,50.0,50.0
