,1,2,3,4,5,6,7,8,9,10,accuracy,macro avg,weighted avg
precision,0.045454545454545456,0.0,0.0,0.0,0.0,0.0,0.0,0.0625,0.0,0.0,0.04,0.010795454545454546,0.010795454545454546
recall,0.2,0.0,0.0,0.0,0.0,0.0,0.0,0.2,0.0,0.0,0.04,0.04,0.04
f1-score,0.07407407407407407,0.0,0.0,0.0,0.0,0.0,0.0,0.09523809523809523,0.0,0.0,0.04,0.01693121693121693,0.01693121693121693
support,5.0,5.0,5.0,5.0,5.0,5.0,5.0,5.0,5.0,5.0,0.04,50.0,50.0
