,1,2,3,4,5,6,7,8,9,10,accuracy,macro avg,weighted avg
precision,0.0,0.0,0.0,0.14285714285714285,0.0,0.2857142857142857,0.0,0.0,0.0,0.0,0.12,0.04285714285714286,0.042857142857142844
recall,0.0,0.0,0.0,0.8,0.0,0.4,0.0,0.0,0.0,0.0,0.12,0.12000000000000002,0.12
f1-score,0.0,0.0,0.0,0.24242424242424243,0.0,0.3333333333333333,0.0,0.0,0.0,0.0,0.12,0.05757575757575757,0.05757575757575758
support,5.0,5.0,5.0,5.0,5.0,5.0,5.0,5.0,5.0,5.0,0.12,50.0,50.0
