,1,2,3,4,5,6,7,8,9,10,accuracy,macro avg,weighted avg
precision,0.26666666666666666,0.4,0.0,0.0,1.0,0.4444444444444444,0.0,0.15,0.0,0.0,0.29411764705882354,0.2261111111111111,0.23039215686274508
recall,0.8,0.4,0.0,0.0,0.4,0.6666666666666666,0.0,0.6,0.0,0.0,0.29411764705882354,0.2866666666666667,0.29411764705882354
f1-score,0.4,0.4000000000000001,0.0,0.0,0.5714285714285715,0.5333333333333333,0.0,0.24,0.0,0.0,0.29411764705882354,0.2144761904761905,0.22072829131652663
support,5.0,5.0,5.0,5.0,5.0,6.0,5.0,5.0,5.0,5.0,0.29411764705882354,51.0,51.0
