,1,2,3,4,5,6,7,8,9,10,accuracy,macro avg,weighted avg
precision,0.0,0.25,0.16666666666666666,1.0,0.0,0.5,0.75,0.21428571428571427,0.0,1.0,0.28,0.38809523809523816,0.3880952380952381
recall,0.0,0.2,0.8,0.2,0.0,0.2,0.6,0.6,0.0,0.2,0.28,0.27999999999999997,0.28
f1-score,0.0,0.22222222222222224,0.27586206896551724,0.33333333333333337,0.0,0.28571428571428575,0.6666666666666665,0.3157894736842105,0.0,0.33333333333333337,0.28,0.2432921383919569,0.24329213839195687
support,5.0,5.0,5.0,5.0,5.0,5.0,5.0,5.0,5.0,5.0,0.28,50.0,50.0
