,1,2,3,4,5,6,7,8,9,10,accuracy,macro avg,weighted avg
precision,0.4,1.0,0.2222222222222222,0.0,0.5714285714285714,0.0,0.5,0.5,0.0,0.25,0.38,0.3443650793650794,0.3443650793650794
recall,0.4,0.4,0.8,0.0,0.8,0.0,0.8,0.4,0.0,0.2,0.38,0.38,0.38
f1-score,0.4000000000000001,0.5714285714285715,0.3478260869565218,0.0,0.6666666666666666,0.0,0.6153846153846154,0.4444444444444445,0.0,0.22222222222222224,0.38,0.3267972607103042,0.32679726071030424
support,5.0,5.0,5.0,5.0,5.0,5.0,5.0,5.0,5.0,5.0,0.38,50.0,50.0
