,1,2,3,4,5,6,7,8,9,10,accuracy,macro avg,weighted avg
precision,0.5,1.0,0.45454545454545453,0.6666666666666666,0.5,0.4,0.5555555555555556,1.0,1.0,0.75,0.5918367346938775,0.6826767676767677,0.6884456813028241
recall,0.2,0.4,1.0,0.8,0.6,0.5,1.0,0.2,0.6,0.6,0.5918367346938775,0.59,0.5918367346938775
f1-score,0.28571428571428575,0.5714285714285715,0.625,0.7272727272727272,0.5454545454545454,0.4444444444444445,0.7142857142857143,0.33333333333333337,0.7499999999999999,0.6666666666666665,0.5918367346938775,0.5663600288600288,0.5688481020113673
support,5.0,5.0,5.0,5.0,5.0,4.0,5.0,5.0,5.0,5.0,0.5918367346938775,49.0,49.0
