,1,2,3,4,5,6,7,8,9,10,accuracy,macro avg,weighted avg
precision,0.0,0.23809523809523808,0.0,0.0,0.0,1.0,0.0,0.2857142857142857,0.0,0.23529411764705882,0.23529411764705882,0.17591036414565825,0.19206898445652767
recall,0.0,1.0,0.0,0.0,0.0,0.16666666666666666,0.0,0.4,0.0,0.8,0.23529411764705882,0.23666666666666666,0.23529411764705882
f1-score,0.0,0.3846153846153846,0.0,0.0,0.0,0.2857142857142857,0.0,0.3333333333333333,0.0,0.3636363636363636,0.23529411764705882,0.13672993672993672,0.13965119847472787
support,5.0,5.0,5.0,5.0,5.0,6.0,5.0,5.0,5.0,5.0,0.23529411764705882,51.0,51.0
