,1,2,3,4,5,6,7,8,9,10,accuracy,macro avg,weighted avg
precision,0.7142857142857143,0.75,0.4166666666666667,1.0,1.0,0.8,0.7142857142857143,0.5,1.0,1.0,0.7,0.7895238095238095,0.7895238095238095
recall,1.0,0.6,1.0,0.2,0.8,0.8,1.0,0.4,0.8,0.4,0.7,0.7,0.7
f1-score,0.8333333333333333,0.6666666666666665,0.5882352941176471,0.33333333333333337,0.888888888888889,0.8000000000000002,0.8333333333333333,0.4444444444444445,0.888888888888889,0.5714285714285715,0.7,0.6848552754435108,0.6848552754435108
support,5.0,5.0,5.0,5.0,5.0,5.0,5.0,5.0,5.0,5.0,0.7,50.0,50.0
