,1,2,3,4,5,6,7,8,9,10,accuracy,macro avg,weighted avg
precision,0.0,0.5,0.0,0.16666666666666666,0.5,0.6666666666666666,1.0,0.0,0.5,1.0,0.2857142857142857,0.4333333333333333,0.42857142857142855
recall,0.0,0.4,0.0,0.8,0.4,0.5,0.4,0.0,0.2,0.2,0.2857142857142857,0.29000000000000004,0.2857142857142857
f1-score,0.0,0.4444444444444445,0.0,0.27586206896551724,0.4444444444444445,0.5714285714285715,0.5714285714285715,0.0,0.28571428571428575,0.33333333333333337,0.2857142857142857,0.29266557197591686,0.2869765311707606
support,5.0,5.0,5.0,5.0,5.0,4.0,5.0,5.0,5.0,5.0,0.2857142857142857,49.0,49.0
