,1,2,3,4,5,6,7,8,9,10,accuracy,macro avg,weighted avg
precision,0.0,0.0,0.4444444444444444,0.0,0.3,0.16,0.5,0.0,1.0,0.0,0.2653061224489796,0.24044444444444446,0.2420861678004535
recall,0.0,0.0,0.8,0.0,0.6,1.0,0.2,0.0,0.2,0.0,0.2653061224489796,0.28,0.2653061224489796
f1-score,0.0,0.0,0.5714285714285714,0.0,0.4,0.2758620689655173,0.28571428571428575,0.0,0.33333333333333337,0.0,0.2653061224489796,0.1866338259441708,0.18481284139271473
support,5.0,5.0,5.0,5.0,5.0,4.0,5.0,5.0,5.0,5.0,0.2653061224489796,49.0,49.0
