,1,2,3,4,5,6,7,8,9,10,accuracy,macro avg,weighted avg
precision,1.0,0.2631578947368421,0.0,1.0,0.0,0.6666666666666666,0.14285714285714285,1.0,0.0,0.25,0.35294117647058826,0.4322681704260651,0.43686421937195935
recall,0.6,1.0,0.0,0.2,0.0,0.3333333333333333,0.2,0.4,0.0,0.8,0.35294117647058826,0.35333333333333333,0.35294117647058826
f1-score,0.7499999999999999,0.4166666666666667,0.0,0.33333333333333337,0.0,0.4444444444444444,0.16666666666666666,0.5714285714285715,0.0,0.38095238095238093,0.35294117647058826,0.30634920634920637,0.30905695611577966
support,5.0,5.0,5.0,5.0,5.0,6.0,5.0,5.0,5.0,5.0,0.35294117647058826,51.0,51.0
