,1,2,3,4,5,6,7,8,9,10,accuracy,macro avg,weighted avg
precision,0.5,0.0,0.3333333333333333,0.0,0.7142857142857143,1.0,0.18181818181818182,0.0,0.375,1.0,0.4,0.4104437229437229,0.41044372294372294
recall,0.4,0.0,0.2,0.0,1.0,0.6,0.8,0.0,0.6,0.4,0.4,0.4000000000000001,0.4
f1-score,0.4444444444444445,0.0,0.25,0.0,0.8333333333333333,0.7499999999999999,0.2962962962962963,0.0,0.4615384615384615,0.5714285714285715,0.4,0.3607041107041107,0.3607041107041107
support,5.0,5.0,5.0,5.0,5.0,5.0,5.0,5.0,5.0,5.0,0.4,50.0,50.0
