,1,2,3,4,5,6,7,8,9,10,accuracy,macro avg,weighted avg
precision,0.0,0.6666666666666666,0.0,0.2222222222222222,0.08333333333333333,1.0,0.625,0.0,0.25,0.375,0.32653061224489793,0.32222222222222224,0.30839002267573695
recall,0.0,0.4,0.0,0.4,0.2,0.5,1.0,0.0,0.2,0.6,0.32653061224489793,0.33,0.32653061224489793
f1-score,0.0,0.5,0.0,0.2857142857142857,0.11764705882352941,0.6666666666666666,0.7692307692307693,0.0,0.22222222222222224,0.4615384615384615,0.32653061224489793,0.3023019464195935,0.2948659317206736
support,5.0,5.0,5.0,5.0,5.0,4.0,5.0,5.0,5.0,5.0,0.32653061224489793,49.0,49.0
