,1,2,3,4,5,6,7,8,9,10,accuracy,macro avg,weighted avg
precision,0.0,0.0,0.19047619047619047,0.0,0.0,0.6666666666666666,0.5,0.3333333333333333,0.13333333333333333,0.0,0.22,0.18238095238095237,0.18238095238095234
recall,0.0,0.0,0.8,0.0,0.0,0.4,0.4,0.2,0.4,0.0,0.22,0.22000000000000003,0.22
f1-score,0.0,0.0,0.3076923076923077,0.0,0.0,0.5,0.4444444444444445,0.25,0.2,0.0,0.22,0.1702136752136752,0.17021367521367523
support,5.0,5.0,5.0,5.0,5.0,5.0,5.0,5.0,5.0,5.0,0.22,50.0,50.0
