,1,2,3,4,5,6,7,8,9,10,accuracy,macro avg,weighted avg
precision,0.0,0.125,0.0,0.08333333333333333,0.0,0.6,0.25,0.25,0.25,1.0,0.23529411764705882,0.25583333333333336,0.2625816993464052
recall,0.0,0.2,0.0,0.2,0.0,0.5,0.2,0.8,0.2,0.2,0.23529411764705882,0.23000000000000004,0.23529411764705882
f1-score,0.0,0.15384615384615385,0.0,0.11764705882352941,0.0,0.5454545454545454,0.22222222222222224,0.38095238095238093,0.22222222222222224,0.33333333333333337,0.23529411764705882,0.19756779168543875,0.2043891005828722
support,5.0,5.0,5.0,5.0,5.0,6.0,5.0,5.0,5.0,5.0,0.23529411764705882,51.0,51.0
