,1,2,3,4,5,6,7,8,9,10,accuracy,macro avg,weighted avg
precision,0.4166666666666667,0.0,0.36363636363636365,0.18181818181818182,0.5,1.0,0.5,0.0,1.0,0.0,0.4,0.3962121212121212,0.39621212121212124
recall,1.0,0.0,0.8,0.4,0.2,0.4,1.0,0.0,0.2,0.0,0.4,0.4,0.4
f1-score,0.5882352941176471,0.0,0.5000000000000001,0.25000000000000006,0.28571428571428575,0.5714285714285715,0.6666666666666666,0.0,0.33333333333333337,0.0,0.4,0.31953781512605045,0.31953781512605045
support,5.0,5.0,5.0,5.0,5.0,5.0,5.0,5.0,5.0,5.0,0.4,50.0,50.0
