,1,2,3,4,5,6,7,8,9,10,accuracy,macro avg,weighted avg
precision,0.75,0.3333333333333333,0.5,0.6,0.75,0.8571428571428571,0.6666666666666666,0.6,0.75,0.6,0.6078431372549019,0.6407142857142857,0.6449579831932772
recall,0.6,0.8,0.2,0.6,0.6,1.0,0.4,0.6,0.6,0.6,0.6078431372549019,0.6,0.6078431372549019
f1-score,0.6666666666666665,0.47058823529411764,0.28571428571428575,0.6,0.6666666666666665,0.923076923076923,0.5,0.6,0.6666666666666665,0.6,0.6078431372549019,0.5979379444085324,0.6043132185000697
support,5.0,5.0,5.0,5.0,5.0,6.0,5.0,5.0,5.0,5.0,0.6078431372549019,51.0,51.0
