,1,2,3,4,5,6,7,8,9,10,accuracy,macro avg,weighted avg
precision,0.2,0.0,0.1,0.15384615384615385,0.0,0.5,0.0,0.23076923076923078,0.42857142857142855,0.0,0.21568627450980393,0.16131868131868132,0.16795949148890324
recall,0.2,0.0,0.2,0.4,0.0,0.16666666666666666,0.0,0.6,0.6,0.0,0.21568627450980393,0.21666666666666665,0.21568627450980393
f1-score,0.20000000000000004,0.0,0.13333333333333333,0.2222222222222222,0.0,0.25,0.0,0.33333333333333337,0.5,0.0,0.21568627450980393,0.1638888888888889,0.1655773420479303
support,5.0,5.0,5.0,5.0,5.0,6.0,5.0,5.0,5.0,5.0,0.21568627450980393,51.0,51.0
