,1,2,3,4,5,6,7,8,9,10,accuracy,macro avg,weighted avg
precision,0.375,0.0,0.25,0.5,0.3,0.5,0.6666666666666666,0.0,1.0,0.5,0.3877551020408163,0.4091666666666667,0.407312925170068
recall,0.6,0.0,0.4,0.4,0.6,0.25,0.4,0.0,0.4,0.8,0.3877551020408163,0.38499999999999995,0.3877551020408163
f1-score,0.4615384615384615,0.0,0.3076923076923077,0.4444444444444445,0.4,0.3333333333333333,0.5,0.0,0.5714285714285715,0.6153846153846154,0.3877551020408163,0.36338217338217343,0.36399541501582316
support,5.0,5.0,5.0,5.0,5.0,4.0,5.0,5.0,5.0,5.0,0.3877551020408163,49.0,49.0
