,1,2,3,4,5,6,7,8,9,10,accuracy,macro avg,weighted avg
precision,0.75,0.3333333333333333,0.36363636363636365,0.3333333333333333,0.5,0.3333333333333333,0.8333333333333334,1.0,0.6,0.6666666666666666,0.5,0.5713636363636364,0.5713636363636363
recall,0.6,0.4,0.8,0.6,0.2,0.2,1.0,0.2,0.6,0.4,0.5,0.5,0.5
f1-score,0.6666666666666665,0.3636363636363636,0.5000000000000001,0.42857142857142855,0.28571428571428575,0.25,0.9090909090909091,0.33333333333333337,0.6,0.5,0.5,0.48370129870129863,0.48370129870129874
support,5.0,5.0,5.0,5.0,5.0,5.0,5.0,5.0,5.0,5.0,0.5,50.0,50.0
