,1,2,3,4,5,6,7,8,9,10,accuracy,macro avg,weighted avg
precision,0.0,0.0,0.125,0.3,0.14285714285714285,0.0,0.23076923076923078,0.0,0.3333333333333333,1.0,0.22448979591836735,0.21319597069597068,0.21754690887343947
recall,0.0,0.0,0.2,0.6,0.2,0.0,0.6,0.0,0.2,0.4,0.22448979591836735,0.22000000000000003,0.22448979591836735
f1-score,0.0,0.0,0.15384615384615385,0.4,0.16666666666666666,0.0,0.33333333333333337,0.0,0.25,0.5714285714285715,0.22448979591836735,0.18752747252747254,0.19135456380354343
support,5.0,5.0,5.0,5.0,5.0,4.0,5.0,5.0,5.0,5.0,0.22448979591836735,49.0,49.0
