,1,2,3,4,5,6,7,8,9,10,accuracy,macro avg,weighted avg
precision,0.2,0.2857142857142857,0.29411764705882354,0.6666666666666666,0.0,0.0,0.6666666666666666,1.0,0.0,0.25,0.3469387755102041,0.3363165266106442,0.3431801291945349
recall,0.2,0.4,1.0,0.4,0.0,0.0,0.8,0.2,0.0,0.4,0.3469387755102041,0.33999999999999997,0.3469387755102041
f1-score,0.20000000000000004,0.3333333333333333,0.45454545454545453,0.5,0.0,0.0,0.7272727272727272,0.33333333333333337,0.0,0.3076923076923077,0.3469387755102041,0.28561771561771565,0.29144664858950575
support,5.0,5.0,5.0,5.0,5.0,4.0,5.0,5.0,5.0,5.0,0.3469387755102041,49.0,49.0
