,1,2,3,4,5,6,7,8,9,10,accuracy,macro avg,weighted avg
precision,0.6,0.3076923076923077,0.0,0.5,0.4444444444444444,0.625,0.3333333333333333,0.3333333333333333,0.5,0.5,0.45098039215686275,0.4143803418803419,0.41851013909837437
recall,0.6,0.8,0.0,0.4,0.8,0.8333333333333334,0.2,0.2,0.4,0.2,0.45098039215686275,0.44333333333333336,0.45098039215686275
f1-score,0.6,0.4444444444444444,0.0,0.4444444444444445,0.5714285714285714,0.7142857142857143,0.25,0.25,0.4444444444444445,0.28571428571428575,0.45098039215686275,0.4004761904761905,0.40662931839402433
support,5.0,5.0,5.0,5.0,5.0,6.0,5.0,5.0,5.0,5.0,0.45098039215686275,51.0,51.0
