,1,2,3,4,5,6,7,8,9,10,accuracy,macro avg,weighted avg
precision,0.0,0.0,0.0,0.0,0.09523809523809523,0.0,0.0,0.0,0.0,0.0,0.08,0.009523809523809523,0.009523809523809523
recall,0.0,0.0,0.0,0.0,0.8,0.0,0.0,0.0,0.0,0.0,0.08,0.08,0.08
f1-score,0.0,0.0,0.0,0.0,0.1702127659574468,0.0,0.0,0.0,0.0,0.0,0.08,0.01702127659574468,0.01702127659574468
support,5.0,5.0,5.0,5.0,5.0,5.0,5.0,5.0,5.0,5.0,0.08,50.0,50.0
