,1,2,3,4,5,6,7,8,9,10,accuracy,macro avg,weighted avg
precision,0.0,0.0,0.25,0.0,0.5,0.0,0.0,0.09090909090909091,0.0,0.2,0.08,0.1040909090909091,0.1040909090909091
recall,0.0,0.0,0.2,0.0,0.2,0.0,0.0,0.2,0.0,0.2,0.08,0.08,0.08
f1-score,0.0,0.0,0.22222222222222224,0.0,0.28571428571428575,0.0,0.0,0.12500000000000003,0.0,0.20000000000000004,0.08,0.08329365079365081,0.08329365079365081
support,5.0,5.0,5.0,5.0,5.0,5.0,5.0,5.0,5.0,5.0,0.08,50.0,50.0
