,1,2,3,4,5,6,7,8,9,10,accuracy,macro avg,weighted avg
precision,0.05263157894736842,0.0,0.0,0.0,0.2,0.0,0.0,0.3333333333333333,0.0,0.13333333333333333,0.1,0.07192982456140351,0.0719298245614035
recall,0.2,0.0,0.0,0.0,0.2,0.0,0.0,0.2,0.0,0.4,0.1,0.1,0.1
f1-score,0.08333333333333333,0.0,0.0,0.0,0.20000000000000004,0.0,0.0,0.25,0.0,0.2,0.1,0.07333333333333333,0.07333333333333333
support,5.0,5.0,5.0,5.0,5.0,5.0,5.0,5.0,5.0,5.0,0.1,50.0,50.0
