,1,2,3,4,5,6,7,8,9,10,accuracy,macro avg,weighted avg
precision,0.0,0.19047619047619047,0.0,0.0,0.0,1.0,0.0,0.125,0.0,0.0,0.14,0.13154761904761905,0.13154761904761905
recall,0.0,0.8,0.0,0.0,0.0,0.2,0.0,0.4,0.0,0.0,0.14,0.14,0.14
f1-score,0.0,0.3076923076923077,0.0,0.0,0.0,0.33333333333333337,0.0,0.19047619047619047,0.0,0.0,0.14,0.08315018315018316,0.08315018315018316
support,5.0,5.0,5.0,5.0,5.0,5.0,5.0,5.0,5.0,5.0,0.14,50.0,50.0
