,1,2,3,4,5,6,7,8,9,10,accuracy,macro avg,weighted avg
precision,0.0,0.0,0.0,0.0,0.0,0.5,0.15789473684210525,0.16666666666666666,0.2,0.0,0.12,0.1024561403508772,0.10245614035087719
recall,0.0,0.0,0.0,0.0,0.0,0.2,0.6,0.2,0.2,0.0,0.12,0.12,0.12
f1-score,0.0,0.0,0.0,0.0,0.0,0.28571428571428575,0.25,0.1818181818181818,0.20000000000000004,0.0,0.12,0.09175324675324675,0.09175324675324675
support,5.0,5.0,5.0,5.0,5.0,5.0,5.0,5.0,5.0,5.0,0.12,50.0,50.0
