,1,2,3,4,5,6,7,8,9,10,accuracy,macro avg,weighted avg
precision,1.0,0.0,0.0,0.25,0.125,0.2,0.16666666666666666,0.125,0.0,0.2,0.14285714285714285,0.2066666666666667,0.20680272108843537
recall,0.2,0.0,0.0,0.2,0.2,0.25,0.2,0.2,0.0,0.2,0.14285714285714285,0.145,0.14285714285714285
f1-score,0.33333333333333337,0.0,0.0,0.22222222222222224,0.15384615384615385,0.22222222222222224,0.1818181818181818,0.15384615384615385,0.0,0.20000000000000004,0.14285714285714285,0.14672882672882673,0.14518814518814518
support,5.0,5.0,5.0,5.0,5.0,4.0,5.0,5.0,5.0,5.0,0.14285714285714285,49.0,49.0
