,1,2,3,4,5,6,7,8,9,10,accuracy,macro avg,weighted avg
precision,0.0,0.0,0.0,0.1111111111111111,0.5,0.0,0.0,0.2,0.0,0.25,0.14285714285714285,0.10611111111111111,0.1082766439909297
recall,0.0,0.0,0.0,0.2,0.2,0.0,0.0,0.2,0.0,0.8,0.14285714285714285,0.14,0.14285714285714285
f1-score,0.0,0.0,0.0,0.14285714285714285,0.28571428571428575,0.0,0.0,0.20000000000000004,0.0,0.38095238095238093,0.14285714285714285,0.10095238095238095,0.10301263362487852
support,5.0,5.0,5.0,5.0,5.0,4.0,5.0,5.0,5.0,5.0,0.14285714285714285,49.0,49.0
