,1,2,3,4,5,6,7,8,9,10,accuracy,macro avg,weighted avg
precision,0.0,0.0,0.0,0.0,0.0,0.0,0.25,0.0,0.1111111111111111,0.0,0.0392156862745098,0.03611111111111111,0.035403050108932466
recall,0.0,0.0,0.0,0.0,0.0,0.0,0.2,0.0,0.2,0.0,0.0392156862745098,0.04,0.0392156862745098
f1-score,0.0,0.0,0.0,0.0,0.0,0.0,0.22222222222222224,0.0,0.14285714285714285,0.0,0.0392156862745098,0.03650793650793651,0.03579209461562403
support,5.0,5.0,5.0,5.0,5.0,6.0,5.0,5.0,5.0,5.0,0.0392156862745098,51.0,51.0
