,1,2,3,4,5,6,7,8,9,10,accuracy,macro avg,weighted avg
precision,0.4444444444444444,0.0,0.0,0.2222222222222222,0.2727272727272727,0.14285714285714285,0.16666666666666666,0.0,0.0,0.0,0.22,0.12489177489177487,0.12489177489177489
recall,0.8,0.0,0.0,0.4,0.6,0.2,0.2,0.0,0.0,0.0,0.22,0.22000000000000003,0.22
f1-score,0.5714285714285714,0.0,0.0,0.2857142857142857,0.37499999999999994,0.16666666666666666,0.1818181818181818,0.0,0.0,0.0,0.22,0.15806277056277054,0.15806277056277054
support,5.0,5.0,5.0,5.0,5.0,5.0,5.0,5.0,5.0,5.0,0.22,50.0,50.0
