,1,2,3,4,5,6,7,8,9,10,accuracy,macro avg,weighted avg
precision,0.0,0.0,0.0,0.16666666666666666,0.0,0.0,0.0,0.0,0.14285714285714285,0.0,0.0392156862745098,0.030952380952380953,0.030345471521942106
recall,0.0,0.0,0.0,0.2,0.0,0.0,0.0,0.0,0.2,0.0,0.0392156862745098,0.04,0.0392156862745098
f1-score,0.0,0.0,0.0,0.1818181818181818,0.0,0.0,0.0,0.0,0.16666666666666666,0.0,0.0392156862745098,0.034848484848484844,0.03416518122400475
support,5.0,5.0,5.0,5.0,5.0,6.0,5.0,5.0,5.0,5.0,0.0392156862745098,51.0,51.0
