,1,2,3,4,5,6,7,8,9,10,accuracy,macro avg,weighted avg
precision,0.0,0.0,0.15,0.0,0.0,0.0,0.0,0.0,0.375,0.0,0.12244897959183673,0.052500000000000005,0.05357142857142857
recall,0.0,0.0,0.6,0.0,0.0,0.0,0.0,0.0,0.6,0.0,0.12244897959183673,0.12,0.12244897959183673
f1-score,0.0,0.0,0.24,0.0,0.0,0.0,0.0,0.0,0.4615384615384615,0.0,0.12244897959183673,0.07015384615384615,0.07158555729984302
support,5.0,5.0,5.0,5.0,5.0,4.0,5.0,5.0,5.0,5.0,0.12244897959183673,49.0,49.0
