,1,2,3,4,5,6,7,8,9,10,accuracy,macro avg,weighted avg
precision,0.0,0.0,0.5,0.16666666666666666,0.0,0.0,0.06666666666666667,0.6666666666666666,0.4,0.1111111111111111,0.16326530612244897,0.1911111111111111,0.1950113378684807
recall,0.0,0.0,0.2,0.2,0.0,0.0,0.2,0.4,0.4,0.2,0.16326530612244897,0.15999999999999998,0.16326530612244897
f1-score,0.0,0.0,0.28571428571428575,0.1818181818181818,0.0,0.0,0.1,0.5,0.4000000000000001,0.14285714285714285,0.16326530612244897,0.16103896103896104,0.16432547044791943
support,5.0,5.0,5.0,5.0,5.0,4.0,5.0,5.0,5.0,5.0,0.16326530612244897,49.0,49.0
