,1,2,3,4,5,6,7,8,9,10,accuracy,macro avg,weighted avg
precision,0.25,0.23529411764705882,0.5,0.25,0.6666666666666666,0.0,0.3333333333333333,0.0,0.3333333333333333,0.5,0.28,0.30686274509803924,0.3068627450980392
recall,0.2,0.8,0.4,0.2,0.4,0.0,0.2,0.0,0.2,0.4,0.28,0.28,0.28
f1-score,0.22222222222222224,0.3636363636363636,0.4444444444444445,0.22222222222222224,0.5,0.0,0.25,0.0,0.25,0.4444444444444445,0.28,0.2696969696969697,0.2696969696969697
support,5.0,5.0,5.0,5.0,5.0,5.0,5.0,5.0,5.0,5.0,0.28,50.0,50.0
