,1,2,3,4,5,6,7,8,9,10,accuracy,macro avg,weighted avg
precision,0.5,0.0,0.0,0.0,0.0,0.0,0.14285714285714285,0.0,0.0,0.0,0.0392156862745098,0.06428571428571428,0.06302521008403361
recall,0.2,0.0,0.0,0.0,0.0,0.0,0.2,0.0,0.0,0.0,0.0392156862745098,0.04,0.0392156862745098
f1-score,0.28571428571428575,0.0,0.0,0.0,0.0,0.0,0.16666666666666666,0.0,0.0,0.0,0.0392156862745098,0.045238095238095244,0.04435107376283847
support,5.0,5.0,5.0,5.0,5.0,6.0,5.0,5.0,5.0,5.0,0.0392156862745098,51.0,51.0
