,1,2,3,4,5,6,7,8,9,10,accuracy,macro avg,weighted avg
precision,0.1111111111111111,0.0,0.0,0.0,0.0,0.0,0.0,0.0,0.0,0.0,0.04,0.01111111111111111,0.011111111111111112
recall,0.4,0.0,0.0,0.0,0.0,0.0,0.0,0.0,0.0,0.0,0.04,0.04,0.04
f1-score,0.1739130434782609,0.0,0.0,0.0,0.0,0.0,0.0,0.0,0.0,0.0,0.04,0.01739130434782609,0.017391304347826087
support,5.0,5.0,5.0,5.0,5.0,5.0,5.0,5.0,5.0,5.0,0.04,50.0,50.0
