,1,2,3,4,5,6,7,8,9,10,accuracy,macro avg,weighted avg
precision,0.2,0.0,0.09090909090909091,0.0,0.125,0.0,0.0,0.0,0.25,1.0,0.11764705882352941,0.1665909090909091,0.16332442067736186
recall,0.2,0.0,0.2,0.0,0.2,0.0,0.0,0.0,0.4,0.2,0.11764705882352941,0.12,0.11764705882352941
f1-score,0.20000000000000004,0.0,0.12500000000000003,0.0,0.15384615384615385,0.0,0.0,0.0,0.3076923076923077,0.33333333333333337,0.11764705882352941,0.11198717948717948,0.10979135243841127
support,5.0,5.0,5.0,5.0,5.0,6.0,5.0,5.0,5.0,5.0,0.11764705882352941,51.0,51.0
