,1,2,3,4,5,6,7,8,9,10,accuracy,macro avg,weighted avg
precision,0.0,0.2,0.1,0.0,0.0,0.0,0.25,0.5,0.0,0.0,0.12,0.10500000000000001,0.105
recall,0.0,0.2,0.2,0.0,0.0,0.0,0.6,0.2,0.0,0.0,0.12,0.12000000000000002,0.12
f1-score,0.0,0.20000000000000004,0.13333333333333333,0.0,0.0,0.0,0.35294117647058826,0.28571428571428575,0.0,0.0,0.12,0.09719887955182074,0.09719887955182074
support,5.0,5.0,5.0,5.0,5.0,5.0,5.0,5.0,5.0,5.0,0.12,50.0,50.0
