,1,2,3,4,5,6,7,8,9,10,accuracy,macro avg,weighted avg
precision,0.0,0.09090909090909091,0.0,0.0,0.07692307692307693,0.0,0.0,0.0,0.0,0.0,0.0392156862745098,0.016783216783216783,0.016454134101192924
recall,0.0,0.2,0.0,0.0,0.2,0.0,0.0,0.0,0.0,0.0,0.0392156862745098,0.04,0.0392156862745098
f1-score,0.0,0.12500000000000003,0.0,0.0,0.1111111111111111,0.0,0.0,0.0,0.0,0.0,0.0392156862745098,0.023611111111111114,0.023148148148148154
support,5.0,5.0,5.0,5.0,5.0,6.0,5.0,5.0,5.0,5.0,0.0392156862745098,51.0,51.0
