,1,2,3,4,5,6,7,8,9,10,accuracy,macro avg,weighted avg
precision,0.0,0.0,0.0,0.0,0.0,0.0,0.25,0.0,0.2222222222222222,0.4,0.10204081632653061,0.08722222222222223,0.08900226757369614
recall,0.0,0.0,0.0,0.0,0.0,0.0,0.2,0.0,0.4,0.4,0.10204081632653061,0.1,0.10204081632653061
f1-score,0.0,0.0,0.0,0.0,0.0,0.0,0.22222222222222224,0.0,0.2857142857142857,0.4000000000000001,0.10204081632653061,0.0907936507936508,0.0926465824425008
support,5.0,5.0,5.0,5.0,5.0,4.0,5.0,5.0,5.0,5.0,0.10204081632653061,49.0,49.0
