,1,2,3,4,5,6,7,8,9,10,accuracy,macro avg,weighted avg
precision,0.3333333333333333,0.5,0.0,0.2,0.0,0.0,0.0,0.0,0.06666666666666667,0.125,0.09803921568627451,0.12249999999999998,0.12009803921568625
recall,0.2,0.2,0.0,0.2,0.0,0.0,0.0,0.0,0.2,0.2,0.09803921568627451,0.1,0.09803921568627451
f1-score,0.25,0.28571428571428575,0.0,0.20000000000000004,0.0,0.0,0.0,0.0,0.1,0.15384615384615385,0.09803921568627451,0.09895604395604397,0.09701572936867055
support,5.0,5.0,5.0,5.0,5.0,6.0,5.0,5.0,5.0,5.0,0.09803921568627451,51.0,51.0
