,1,2,3,4,5,6,7,8,9,10,accuracy,macro avg,weighted avg
precision,0.0,0.0,0.0,1.0,0.0,0.0,0.13636363636363635,0.25,0.5,0.0,0.12244897959183673,0.18863636363636363,0.1924860853432282
recall,0.0,0.0,0.0,0.2,0.0,0.0,0.6,0.2,0.2,0.0,0.12244897959183673,0.12,0.12244897959183673
f1-score,0.0,0.0,0.0,0.33333333333333337,0.0,0.0,0.22222222222222218,0.22222222222222224,0.28571428571428575,0.0,0.12244897959183673,0.10634920634920635,0.10851959831551669
support,5.0,5.0,5.0,5.0,5.0,4.0,5.0,5.0,5.0,5.0,0.12244897959183673,49.0,49.0
