,1,2,3,4,5,6,7,8,9,10,accuracy,macro avg,weighted avg
precision,0.3333333333333333,0.0,0.0,0.0,0.0,0.0,0.0,0.08333333333333333,0.09090909090909091,0.1111111111111111,0.08,0.06186868686868687,0.06186868686868687
recall,0.2,0.0,0.0,0.0,0.0,0.0,0.0,0.2,0.2,0.2,0.08,0.08,0.08
f1-score,0.25,0.0,0.0,0.0,0.0,0.0,0.0,0.11764705882352941,0.12500000000000003,0.14285714285714285,0.08,0.06355042016806722,0.06355042016806722
support,5.0,5.0,5.0,5.0,5.0,5.0,5.0,5.0,5.0,5.0,0.08,50.0,50.0
