,1,2,3,4,5,6,7,8,9,10,accuracy,macro avg,weighted avg
precision,0.11267605633802817,0.07352941176470588,0.11450381679389313,0.05128205128205128,0.16666666666666666,0.09523809523809523,0.10144927536231885,0.12087912087912088,0.125,0.10416666666666667,0.09934497816593886,0.10653911609915467,0.10731045476272488
recall,0.09876543209876543,0.05555555555555555,0.17045454545454544,0.14705882352941177,0.14705882352941177,0.08450704225352113,0.0673076923076923,0.10091743119266056,0.07563025210084033,0.0847457627118644,0.09934497816593886,0.10320013607342686,0.09934497816593886
f1-score,0.10526315789473684,0.06329113924050633,0.136986301369863,0.07604562737642585,0.15625,0.08955223880597014,0.0809248554913295,0.10999999999999999,0.09424083769633507,0.09345794392523364,0.09934497816593886,0.10060121018004002,0.09943286735658052
support,81.0,90.0,88.0,68.0,68.0,71.0,104.0,109.0,119.0,118.0,0.09934497816593886,916.0,916.0
