,1,2,3,4,5,6,7,8,9,10,accuracy,macro avg,weighted avg
precision,0.05142857142857143,0.0873015873015873,0.17682926829268292,0.07894736842105263,0.019230769230769232,0.12280701754385964,0.0,0.12121212121212122,0.3125,0.375,0.10303830911492734,0.13452567034306445,0.14084974453625707
recall,0.15789473684210525,0.1527777777777778,0.34523809523809523,0.10843373493975904,0.016129032258064516,0.0875,0.0,0.04597701149425287,0.060240963855421686,0.039473684210526314,0.10303830911492734,0.10136650366160027,0.10303830911492734
f1-score,0.07758620689655171,0.11111111111111112,0.23387096774193547,0.09137055837563451,0.017543859649122806,0.10218978102189781,0.0,0.06666666666666667,0.10101010101010101,0.07142857142857142,0.10303830911492734,0.08727778239015925,0.09052396700265648
support,57.0,72.0,84.0,83.0,62.0,80.0,73.0,87.0,83.0,76.0,0.10303830911492734,757.0,757.0
