,1,2,3,4,5,6,7,8,9,10,accuracy,macro avg,weighted avg
precision,0.08,0.11363636363636363,0.08771929824561403,0.041666666666666664,0.04819277108433735,0.2926829268292683,0.0875,0.06493506493506493,0.07317073170731707,0.09259259259259259,0.08776595744680851,0.09820964156972244,0.10671266257145011
recall,0.0392156862745098,0.05952380952380952,0.06756756756756757,0.02702702702702703,0.05714285714285714,0.11538461538461539,0.0958904109589041,0.07352941176470588,0.19672131147540983,0.23809523809523808,0.08776595744680851,0.09700979352146444,0.08776595744680851
f1-score,0.05263157894736842,0.07812499999999999,0.07633587786259542,0.03278688524590164,0.05228758169934641,0.16551724137931037,0.0915032679738562,0.06896551724137931,0.10666666666666665,0.13333333333333333,0.08776595744680851,0.08581529503497579,0.08557977359871656
support,102.0,84.0,74.0,74.0,70.0,104.0,73.0,68.0,61.0,42.0,0.08776595744680851,752.0,752.0
