,1,2,3,4,5,6,7,8,9,10,accuracy,macro avg,weighted avg
precision,0.08955223880597014,0.13636363636363635,0.08823529411764706,0.05555555555555555,0.08333333333333333,0.1323529411764706,0.14583333333333334,0.037037037037037035,0.038461538461538464,0.09090909090909091,0.08909574468085106,0.08976339990936127,0.09329271731442179
recall,0.11764705882352941,0.10714285714285714,0.12162162162162163,0.06756756756756757,0.1,0.08653846153846154,0.0958904109589041,0.014705882352941176,0.04918032786885246,0.11904761904761904,0.08909574468085106,0.08793418069223542,0.08909574468085106
f1-score,0.10169491525423728,0.11999999999999998,0.10227272727272729,0.06097560975609756,0.0909090909090909,0.10465116279069767,0.11570247933884298,0.021052631578947364,0.04316546762589928,0.10309278350515463,0.08909574468085106,0.08635168680316949,0.08859237494871607
support,102.0,84.0,74.0,74.0,70.0,104.0,73.0,68.0,61.0,42.0,0.08909574468085106,752.0,752.0
