,1,2,3,4,5,6,7,8,9,10,accuracy,macro avg,weighted avg
precision,0.1,0.2625,0.12264150943396226,0.05555555555555555,0.06153846153846154,0.05747126436781609,0.07142857142857142,0.2,0.125,0.11711711711711711,0.11572052401746726,0.1173252479441484,0.12279879586363322
recall,0.1111111111111111,0.23333333333333334,0.14772727272727273,0.10294117647058823,0.058823529411764705,0.07042253521126761,0.057692307692307696,0.1743119266055046,0.07563025210084033,0.11016949152542373,0.11572052401746726,0.1142162936189414,0.11572052401746726
f1-score,0.10526315789473685,0.24705882352941178,0.13402061855670103,0.07216494845360824,0.06015037593984963,0.06329113924050633,0.06382978723404256,0.18627450980392157,0.09424083769633507,0.11353711790393012,0.11572052401746726,0.11398313162530434,0.11746811825811902
support,81.0,90.0,88.0,68.0,68.0,71.0,104.0,109.0,119.0,118.0,0.11572052401746726,916.0,916.0
