,1,2,3,4,5,6,7,8,9,10,accuracy,macro avg,weighted avg
precision,0.1,0.14285714285714285,0.1346153846153846,0.1,0.024390243902439025,0.11475409836065574,0.11009174311926606,0.17777777777777778,0.08888888888888889,0.09448818897637795,0.11492734478203434,0.1087863468497933,0.11142427164936046
recall,0.07017543859649122,0.08333333333333333,0.08333333333333333,0.07228915662650602,0.016129032258064516,0.0875,0.1643835616438356,0.27586206896551724,0.0963855421686747,0.15789473684210525,0.11492734478203434,0.11072862037678613,0.11492734478203434
f1-score,0.08247422680412371,0.10526315789473685,0.10294117647058822,0.08391608391608392,0.019417475728155338,0.09929078014184398,0.13186813186813187,0.2162162162162162,0.09248554913294799,0.11822660098522167,0.11492734478203434,0.10520993991580499,0.10850452401771414
support,57.0,72.0,84.0,83.0,62.0,80.0,73.0,87.0,83.0,76.0,0.11492734478203434,757.0,757.0
