,1,2,3,4,5,6,7,8,9,10,accuracy,macro avg,weighted avg
precision,0.023255813953488372,0.125,0.14893617021276595,0.25806451612903225,0.10416666666666667,0.022222222222222223,0.13392857142857142,0.20348837209302326,0.09482758620689655,0.1650485436893204,0.13870541611624834,0.12789384626019867,0.1326107512615343
recall,0.017543859649122806,0.06944444444444445,0.08333333333333333,0.0963855421686747,0.08064516129032258,0.0125,0.2054794520547945,0.40229885057471265,0.13253012048192772,0.2236842105263158,0.13870541611624834,0.13238449745236486,0.13870541611624834
f1-score,0.019999999999999997,0.08928571428571429,0.10687022900763359,0.14035087719298248,0.0909090909090909,0.016,0.16216216216216214,0.2702702702702703,0.11055276381909547,0.18994413407821228,0.13870541611624834,0.11963452417251612,0.12427231446086426
support,57.0,72.0,84.0,83.0,62.0,80.0,73.0,87.0,83.0,76.0,0.13870541611624834,757.0,757.0
