,1,2,3,4,5,6,7,8,9,10,accuracy,macro avg,weighted avg
precision,0.07142857142857142,0.16326530612244897,0.08333333333333333,0.1282051282051282,0.09411764705882353,0.19047619047619047,0.046875,0.07142857142857142,0.08108108108108109,0.125,0.10372340425531915,0.10552108291341485,0.10841299077204311
recall,0.049019607843137254,0.09523809523809523,0.08108108108108109,0.13513513513513514,0.11428571428571428,0.11538461538461539,0.0410958904109589,0.058823529411764705,0.14754098360655737,0.30952380952380953,0.10372340425531915,0.11471284619208688,0.10372340425531915
f1-score,0.05813953488372093,0.12030075187969926,0.08219178082191782,0.13157894736842105,0.10322580645161292,0.1437125748502994,0.043795620437956206,0.06451612903225808,0.10465116279069768,0.1780821917808219,0.10372340425531915,0.10301945002974053,0.1003640876188229
support,102.0,84.0,74.0,74.0,70.0,104.0,73.0,68.0,61.0,42.0,0.10372340425531915,752.0,752.0
