,1,2,3,4,5,6,7,8,9,10,accuracy,macro avg,weighted avg
precision,0.07462686567164178,0.08,0.16233766233766234,0.07086614173228346,0.07058823529411765,0.08108108108108109,0.12222222222222222,0.14432989690721648,0.056338028169014086,0.10526315789473684,0.10262008733624454,0.0967653291309976,0.09877128019362295
recall,0.06172839506172839,0.06666666666666667,0.2840909090909091,0.1323529411764706,0.08823529411764706,0.08450704225352113,0.10576923076923077,0.12844036697247707,0.03361344537815126,0.06779661016949153,0.10262008733624454,0.10532009016562935,0.10262008733624454
f1-score,0.06756756756756756,0.07272727272727272,0.2066115702479339,0.0923076923076923,0.0784313725490196,0.08275862068965517,0.1134020618556701,0.13592233009708737,0.042105263157894736,0.08247422680412371,0.10262008733624454,0.09743079780039172,0.09720327256737545
support,81.0,90.0,88.0,68.0,68.0,71.0,104.0,109.0,119.0,118.0,0.10262008733624454,916.0,916.0
