,1,2,3,4,5,6,7,8,9,10,accuracy,macro avg,weighted avg
precision,0.04918032786885246,0.1076923076923077,0.13548387096774195,0.11504424778761062,0.12280701754385964,0.11538461538461539,0.19047619047619047,0.2,0.15853658536585366,0.09333333333333334,0.12681638044914134,0.1287938496420365,0.1319522836353796
recall,0.05263157894736842,0.09722222222222222,0.25,0.1566265060240964,0.11290322580645161,0.075,0.1095890410958904,0.12643678160919541,0.1566265060240964,0.09210526315789473,0.12681638044914134,0.12291411248872156,0.12681638044914134
f1-score,0.05084745762711864,0.10218978102189782,0.17573221757322177,0.13265306122448978,0.1176470588235294,0.09090909090909093,0.1391304347826087,0.15492957746478875,0.1575757575757576,0.09271523178807947,0.12681638044914134,0.12143296687905829,0.12464341488657961
support,57.0,72.0,84.0,83.0,62.0,80.0,73.0,87.0,83.0,76.0,0.12681638044914134,757.0,757.0
