,1,2,3,4,5,6,7,8,9,10,accuracy,macro avg,weighted avg
precision,0.14084507042253522,0.04477611940298507,0.1111111111111111,0.125,0.15625,0.16901408450704225,0.11764705882352941,0.06060606060606061,0.07692307692307693,0.05714285714285714,0.10106382978723404,0.10593154389391976,0.11159086879194338
recall,0.09803921568627451,0.03571428571428571,0.10810810810810811,0.12162162162162163,0.14285714285714285,0.11538461538461539,0.0821917808219178,0.058823529411764705,0.09836065573770492,0.19047619047619047,0.10106382978723404,0.10515771458196262,0.10106382978723404
f1-score,0.11560693641618497,0.03973509933774834,0.1095890410958904,0.12328767123287672,0.14925373134328357,0.13714285714285712,0.0967741935483871,0.05970149253731344,0.08633093525179857,0.08791208791208792,0.10106382978723404,0.10053340458184282,0.10260088201100327
support,102.0,84.0,74.0,74.0,70.0,104.0,73.0,68.0,61.0,42.0,0.10106382978723404,752.0,752.0
