,1,2,3,4,5,6,7,8,9,10,accuracy,macro avg,weighted avg
precision,0.125,0.09230769230769231,0.12162162162162163,0.11926605504587157,0.11320754716981132,0.16666666666666666,0.24489795918367346,0.1875,0.11764705882352941,0.08536585365853659,0.13164893617021275,0.13734804544774032,0.1395967863361207
recall,0.0784313725490196,0.07142857142857142,0.12162162162162163,0.17567567567567569,0.17142857142857143,0.19230769230769232,0.1643835616438356,0.08823529411764706,0.09836065573770492,0.16666666666666666,0.13164893617021275,0.13285396831770063,0.13164893617021275
f1-score,0.0963855421686747,0.08053691275167785,0.12162162162162163,0.14207650273224043,0.13636363636363635,0.17857142857142855,0.1967213114754098,0.12,0.10714285714285714,0.11290322580645162,0.13164893617021275,0.12923230386339984,0.13035276037061813
support,102.0,84.0,74.0,74.0,70.0,104.0,73.0,68.0,61.0,42.0,0.13164893617021275,752.0,752.0
