,1,2,3,4,5,6,7,8,9,10,accuracy,macro avg,weighted avg
precision,0.06722689075630252,0.1111111111111111,0.13138686131386862,0.09615384615384616,0.08695652173913043,0.1440677966101695,0.06666666666666667,0.05263157894736842,0.1,0.18181818181818182,0.1037117903930131,0.10380194551166451,0.10448958669876346
recall,0.09876543209876543,0.18888888888888888,0.20454545454545456,0.29411764705882354,0.11764705882352941,0.23943661971830985,0.019230769230769232,0.01834862385321101,0.008403361344537815,0.01694915254237288,0.1037117903930131,0.12063330081046626,0.1037117903930131
f1-score,0.08,0.139917695473251,0.16000000000000003,0.14492753623188406,0.09999999999999999,0.1798941798941799,0.029850746268656716,0.027210884353741496,0.015503875968992248,0.031007751937984496,0.1037117903930131,0.090831267012869,0.0809546853759147
support,81.0,90.0,88.0,68.0,68.0,71.0,104.0,109.0,119.0,118.0,0.1037117903930131,916.0,916.0
