,1,2,3,4,5,6,7,8,9,10,accuracy,macro avg,weighted avg
precision,0.12903225806451613,0.11842105263157894,0.19047619047619047,0.0,0.08333333333333333,0.125,0.13953488372093023,0.26373626373626374,0.16541353383458646,0.15,0.15191545574636725,0.1364947515797399,0.13911261021237953
recall,0.14035087719298245,0.125,0.09523809523809523,0.0,0.06451612903225806,0.05,0.1643835616438356,0.27586206896551724,0.26506024096385544,0.3157894736842105,0.15191545574636725,0.14962004467207546,0.15191545574636725
f1-score,0.13445378151260504,0.12162162162162163,0.12698412698412698,0.0,0.07272727272727274,0.07142857142857144,0.1509433962264151,0.2696629213483146,0.20370370370370372,0.20338983050847456,0.15191545574636725,0.13549152260611058,0.13758948771585425
support,57.0,72.0,84.0,83.0,62.0,80.0,73.0,87.0,83.0,76.0,0.15191545574636725,757.0,757.0
