,1,2,3,4,5,6,7,8,9,10,accuracy,macro avg,weighted avg
precision,0.10344827586206896,0.15,0.12389380530973451,0.09016393442622951,0.039473684210526314,0.14130434782608695,0.05,0.1568627450980392,0.23076923076923078,0.12,0.1091703056768559,0.12059160235019162,0.12614575289548094
recall,0.14814814814814814,0.16666666666666666,0.1590909090909091,0.16176470588235295,0.08823529411764706,0.36619718309859156,0.019230769230769232,0.07339449541284404,0.025210084033613446,0.025423728813559324,0.1091703056768559,0.12333619844951013,0.1091703056768559
f1-score,0.1218274111675127,0.15789473684210525,0.13930348258706468,0.11578947368421053,0.05454545454545454,0.20392156862745095,0.027777777777777776,0.1,0.04545454545454545,0.04195804195804197,0.1091703056768559,0.10084724926441638,0.09448415756464486
support,81.0,90.0,88.0,68.0,68.0,71.0,104.0,109.0,119.0,118.0,0.1091703056768559,916.0,916.0
