,1,2,3,4,5,6,7,8,9,10,accuracy,macro avg,weighted avg
precision,0.06666666666666667,0.12389380530973451,0.13414634146341464,0.08602150537634409,0.07547169811320754,0.13815789473684212,0.06060606060606061,0.11904761904761904,0.0967741935483871,0.18518518518518517,0.10698689956331878,0.10859709700534614,0.11112802462182597
recall,0.1111111111111111,0.15555555555555556,0.125,0.11764705882352941,0.11764705882352941,0.29577464788732394,0.038461538461538464,0.09174311926605505,0.025210084033613446,0.0847457627118644,0.10698689956331878,0.11628959366741205,0.10698689956331878
f1-score,0.08333333333333334,0.13793103448275865,0.12941176470588237,0.09937888198757763,0.09195402298850575,0.18834080717488794,0.047058823529411764,0.10362694300518135,0.04000000000000001,0.11627906976744184,0.10698689956331878,0.10373146809749807,0.1000057291621598
support,81.0,90.0,88.0,68.0,68.0,71.0,104.0,109.0,119.0,118.0,0.10698689956331878,916.0,916.0
