,1,2,3,4,5,6,7,8,9,10,accuracy,macro avg,weighted avg
precision,0.06666666666666667,0.21052631578947367,0.1619718309859155,0.0457516339869281,0.1,0.058823529411764705,0.08,0.14285714285714285,0.10666666666666667,0.15126050420168066,0.11026200873362445,0.11245242905662386,0.11694538498659368
recall,0.024691358024691357,0.044444444444444446,0.26136363636363635,0.10294117647058823,0.10294117647058823,0.056338028169014086,0.07692307692307693,0.1834862385321101,0.06722689075630252,0.15254237288135594,0.11026200873362445,0.1072898399035808,0.11026200873362445
f1-score,0.036036036036036036,0.07339449541284404,0.2,0.06334841628959276,0.10144927536231883,0.05755395683453238,0.0784313725490196,0.1606425702811245,0.08247422680412371,0.1518987341772152,0.11026200873362445,0.10052290837468073,0.10460958952183338
support,81.0,90.0,88.0,68.0,68.0,71.0,104.0,109.0,119.0,118.0,0.11026200873362445,916.0,916.0
