,1,2,3,4,5,6,7,8,9,10,accuracy,macro avg,weighted avg
precision,0.08695652173913043,0.10687022900763359,0.0975609756097561,0.08208955223880597,0.056074766355140186,0.15263157894736842,0.14285714285714285,0.17647058823529413,0.2,0.6,0.1091703056768559,0.1701511354990272,0.1901436871939482
recall,0.1728395061728395,0.15555555555555556,0.13636363636363635,0.16176470588235295,0.08823529411764706,0.4084507042253521,0.028846153846153848,0.05504587155963303,0.01680672268907563,0.025423728813559324,0.1091703056768559,0.12493318792258053,0.1091703056768559
f1-score,0.11570247933884298,0.12669683257918551,0.1137440758293839,0.10891089108910892,0.06857142857142857,0.2222222222222222,0.048,0.08391608391608392,0.031007751937984496,0.04878048780487805,0.1091703056768559,0.09675522532891186,0.08975495975404149
support,81.0,90.0,88.0,68.0,68.0,71.0,104.0,109.0,119.0,118.0,0.1091703056768559,916.0,916.0
