,1,2,3,4,5,6,7,8,9,10,accuracy,macro avg,weighted avg
precision,0.0,0.034482758620689655,0.14285714285714285,0.125,0.1276595744680851,0.09259259259259259,0.1125,0.09774436090225563,0.15789473684210525,0.08823529411764706,0.10700132100396301,0.09789664604005183,0.10133086466902311
recall,0.0,0.013888888888888888,0.20238095238095238,0.1927710843373494,0.0967741935483871,0.125,0.1232876712328767,0.14942528735632185,0.07228915662650602,0.039473684210526314,0.10700132100396301,0.10152909185818086,0.10700132100396301
f1-score,0.0,0.019801980198019802,0.16748768472906403,0.15165876777251186,0.11009174311926605,0.10638297872340426,0.11764705882352942,0.11818181818181818,0.09917355371900825,0.05454545454545454,0.10700132100396301,0.09449710398120766,0.09863358674762508
support,57.0,72.0,84.0,83.0,62.0,80.0,73.0,87.0,83.0,76.0,0.10700132100396301,757.0,757.0
