,1,2,3,4,5,6,7,8,9,10,accuracy,macro avg,weighted avg
precision,0.18840579710144928,0.15555555555555556,0.13333333333333333,0.20588235294117646,0.08333333333333333,0.15254237288135594,0.14285714285714285,0.1,0.07692307692307693,0.07971014492753623,0.1196808510638298,0.13185431098539596,0.1387665745693593
recall,0.12745098039215685,0.08333333333333333,0.08108108108108109,0.0945945945945946,0.07142857142857142,0.08653846153846154,0.1917808219178082,0.14705882352941177,0.13114754098360656,0.2619047619047619,0.1196808510638298,0.12763189707037872,0.1196808510638298
f1-score,0.15204678362573099,0.10852713178294573,0.10084033613445378,0.12962962962962965,0.07692307692307691,0.11042944785276074,0.16374269005847952,0.11904761904761905,0.09696969696969698,0.12222222222222222,0.1196808510638298,0.11803786342466156,0.11921016721466574
support,102.0,84.0,74.0,74.0,70.0,104.0,73.0,68.0,61.0,42.0,0.1196808510638298,752.0,752.0
