,1,2,3,4,5,6,7,8,9,10,accuracy,macro avg,weighted avg
precision,0.07086614173228346,0.12380952380952381,0.102803738317757,0.10526315789473684,0.07446808510638298,0.16260162601626016,0.17,0.14606741573033707,0.06521739130434782,0.1836734693877551,0.12008733624454149,0.12047705492993843,0.12306972798465564
recall,0.1111111111111111,0.14444444444444443,0.125,0.11764705882352941,0.10294117647058823,0.28169014084507044,0.16346153846153846,0.11926605504587157,0.025210084033613446,0.07627118644067797,0.12008733624454149,0.1267042795676445,0.12008733624454149
f1-score,0.08653846153846155,0.13333333333333333,0.11282051282051281,0.1111111111111111,0.08641975308641975,0.20618556701030927,0.16666666666666666,0.13131313131313133,0.03636363636363636,0.10778443113772457,0.12008733624454149,0.11785366043813066,0.11539453579036402
support,81.0,90.0,88.0,68.0,68.0,71.0,104.0,109.0,119.0,118.0,0.12008733624454149,916.0,916.0
