,1,2,3,4,5,6,7,8,9,10,accuracy,macro avg,weighted avg
precision,0.05555555555555555,0.07142857142857142,0.12195121951219512,0.07317073170731707,0.12698412698412698,0.09009009009009009,0.13253012048192772,0.10526315789473684,0.09195402298850575,0.1292517006802721,0.10262008733624454,0.09981792973232986,0.10165748001049156
recall,0.024691358024691357,0.05555555555555555,0.11363636363636363,0.1323529411764706,0.11764705882352941,0.14084507042253522,0.10576923076923077,0.11009174311926606,0.06722689075630252,0.16101694915254236,0.10262008733624454,0.10288331614364873,0.10262008733624454
f1-score,0.034188034188034185,0.0625,0.1176470588235294,0.09424083769633508,0.12213740458015267,0.10989010989010989,0.11764705882352942,0.10762331838565022,0.07766990291262137,0.14339622641509434,0.10262008733624454,0.09869399517150565,0.09977379826197198
support,81.0,90.0,88.0,68.0,68.0,71.0,104.0,109.0,119.0,118.0,0.10262008733624454,916.0,916.0
