,1,2,3,4,5,6,7,8,9,10,accuracy,macro avg,weighted avg
precision,0.13333333333333333,0.15555555555555556,0.12121212121212122,0.08108108108108109,0.12,0.1590909090909091,0.10256410256410256,0.12903225806451613,0.1375,0.09333333333333334,0.12101063829787234,0.12327026942349521,0.12653017449120316
recall,0.0784313725490196,0.08333333333333333,0.10810810810810811,0.04054054054054054,0.08571428571428572,0.0673076923076923,0.1095890410958904,0.11764705882352941,0.36065573770491804,0.3333333333333333,0.12101063829787234,0.13846605035106507,0.12101063829787234
f1-score,0.09876543209876543,0.10852713178294573,0.11428571428571428,0.05405405405405406,0.09999999999999999,0.09459459459459459,0.10596026490066225,0.12307692307692307,0.1990950226244344,0.14583333333333334,0.12101063829787234,0.1144192470751427,0.11018545256102634
support,102.0,84.0,74.0,74.0,70.0,104.0,73.0,68.0,61.0,42.0,0.12101063829787234,752.0,752.0
