,1,2,3,4,5,6,7,8,9,10,accuracy,macro avg,weighted avg
precision,0.08333333333333333,0.15306122448979592,0.15625,0.017543859649122806,0.07017543859649122,0.09433962264150944,0.11475409836065574,0.15517241379310345,0.15037593984962405,0.16304347826086957,0.12285336856010567,0.11580494089745055,0.11756823256818821
recall,0.12280701754385964,0.20833333333333334,0.11904761904761904,0.012048192771084338,0.06451612903225806,0.0625,0.0958904109589041,0.10344827586206896,0.24096385542168675,0.19736842105263158,0.12285336856010567,0.12269232550234459,0.12285336856010567
f1-score,0.09929078014184398,0.17647058823529413,0.13513513513513511,0.014285714285714285,0.06722689075630252,0.07518796992481203,0.10447761194029849,0.12413793103448276,0.18518518518518517,0.17857142857142858,0.12285336856010567,0.1159969235210497,0.11684847013528185
support,57.0,72.0,84.0,83.0,62.0,80.0,73.0,87.0,83.0,76.0,0.12285336856010567,757.0,757.0
