,1,2,3,4,5,6,7,8,9,10,accuracy,macro avg,weighted avg
precision,0.054945054945054944,0.14457831325301204,0.19540229885057472,0.10743801652892562,0.054945054945054944,0.14634146341463414,0.1276595744680851,0.1,0.1111111111111111,0.10810810810810811,0.11624834874504623,0.11505289956245608,0.11815608060212272
recall,0.08771929824561403,0.16666666666666666,0.20238095238095238,0.1566265060240964,0.08064516129032258,0.225,0.0821917808219178,0.05747126436781609,0.03614457831325301,0.05263157894736842,0.11624834874504623,0.11474777870580073,0.11624834874504623
f1-score,0.06756756756756756,0.15483870967741936,0.19883040935672514,0.12745098039215685,0.065359477124183,0.17733990147783252,0.1,0.072992700729927,0.05454545454545454,0.07079646017699115,0.11624834874504623,0.1089721661048257,0.11106680656643743
support,57.0,72.0,84.0,83.0,62.0,80.0,73.0,87.0,83.0,76.0,0.11624834874504623,757.0,757.0
