,1,2,3,4,5,6,7,8,9,10,accuracy,macro avg,weighted avg
precision,0.1346153846153846,0.0847457627118644,0.09302325581395349,0.09722222222222222,0.0847457627118644,0.06153846153846154,0.10465116279069768,0.13043478260869565,0.0989010989010989,0.10869565217391304,0.10171730515191546,0.09985735460881559,0.09946169845052347
recall,0.12280701754385964,0.06944444444444445,0.047619047619047616,0.08433734939759036,0.08064516129032258,0.05,0.1232876712328767,0.13793103448275862,0.10843373493975904,0.19736842105263158,0.10171730515191546,0.10218738820032906,0.10171730515191546
f1-score,0.12844036697247704,0.07633587786259542,0.06299212598425197,0.0903225806451613,0.08264462809917356,0.055172413793103454,0.11320754716981131,0.1340782122905028,0.10344827586206898,0.14018691588785048,0.10171730515191546,0.09868289445669963,0.09816713984419946
support,57.0,72.0,84.0,83.0,62.0,80.0,73.0,87.0,83.0,76.0,0.10171730515191546,757.0,757.0
