,1,2,3,4,5,6,7,8,9,10,accuracy,macro avg,weighted avg
precision,0.1346153846153846,0.11428571428571428,0.12030075187969924,0.05263157894736842,0.0673076923076923,0.078125,0.13725490196078433,0.125,0.21367521367521367,0.18181818181818182,0.12663755458515283,0.12250144194900388,0.13128840364206937
recall,0.08641975308641975,0.044444444444444446,0.18181818181818182,0.07352941176470588,0.10294117647058823,0.07042253521126761,0.1346153846153846,0.11926605504587157,0.21008403361344538,0.1694915254237288,0.12663755458515283,0.11930325014940382,0.12663755458515283
f1-score,0.10526315789473684,0.064,0.14479638009049772,0.061349693251533735,0.0813953488372093,0.07407407407407407,0.13592233009708737,0.12206572769953052,0.211864406779661,0.17543859649122806,0.12663755458515283,0.11761697152155585,0.12592688297032942
support,81.0,90.0,88.0,68.0,68.0,71.0,104.0,109.0,119.0,118.0,0.12663755458515283,916.0,916.0
