,1,2,3,4,5,6,7,8,9,10,accuracy,macro avg,weighted avg
precision,0.1,0.037037037037037035,0.14516129032258066,0.2054794520547945,0.12994350282485875,0.1597222222222222,0.1590909090909091,0.125,0.0847457627118644,0.04411764705882353,0.12898936170212766,0.11902978233230903,0.12247573327316326
recall,0.049019607843137254,0.011904761904761904,0.12162162162162163,0.20270270270270271,0.32857142857142857,0.22115384615384615,0.0958904109589041,0.08823529411764706,0.08196721311475409,0.07142857142857142,0.12898936170212766,0.1272495458417375,0.12898936170212766
f1-score,0.06578947368421052,0.018018018018018018,0.1323529411764706,0.20408163265306123,0.1862348178137652,0.1854838709677419,0.11965811965811964,0.10344827586206896,0.08333333333333333,0.05454545454545454,0.12898936170212766,0.11529459377122438,0.11780681654016345
support,102.0,84.0,74.0,74.0,70.0,104.0,73.0,68.0,61.0,42.0,0.12898936170212766,752.0,752.0
