,1,2,3,4,5,6,7,8,9,10,accuracy,macro avg,weighted avg
precision,0.1656441717791411,0.12222222222222222,0.13,0.09523809523809523,0.10810810810810811,0.19444444444444445,0.16363636363636364,0.04285714285714286,0.09523809523809523,0.0,0.12367021276595745,0.11173886435236127,0.12272479400905845
recall,0.2647058823529412,0.13095238095238096,0.17567567567567569,0.05405405405405406,0.11428571428571428,0.1346153846153846,0.1232876712328767,0.04411764705882353,0.06557377049180328,0.0,0.12367021276595745,0.11072681807196542,0.12367021276595745
f1-score,0.20377358490566036,0.12643678160919541,0.14942528735632185,0.06896551724137931,0.11111111111111112,0.1590909090909091,0.140625,0.04347826086956522,0.07766990291262135,0.0,0.12367021276595745,0.10805763550967637,0.11948106116464403
support,102.0,84.0,74.0,74.0,70.0,104.0,73.0,68.0,61.0,42.0,0.12367021276595745,752.0,752.0
