,1,2,3,4,5,6,7,8,9,10,accuracy,macro avg,weighted avg
precision,0.05660377358490566,0.14285714285714285,0.14285714285714285,0.10869565217391304,0.025210084033613446,0.11194029850746269,0.04081632653061224,0.08771929824561403,0.0,0.08333333333333333,0.08982826948480846,0.080003305212374,0.08189778298362772
recall,0.05263157894736842,0.125,0.16666666666666666,0.18072289156626506,0.04838709677419355,0.1875,0.0273972602739726,0.05747126436781609,0.0,0.02631578947368421,0.08982826948480846,0.08720925480699666,0.08982826948480846
f1-score,0.05454545454545454,0.13333333333333333,0.15384615384615383,0.13574660633484162,0.03314917127071823,0.14018691588785048,0.03278688524590164,0.06944444444444445,0.0,0.04,0.08982826948480846,0.07930389649086982,0.08143255923036954
support,57.0,72.0,84.0,83.0,62.0,80.0,73.0,87.0,83.0,76.0,0.08982826948480846,757.0,757.0
