,1,2,3,4,5,6,7,8,9,10,accuracy,macro avg,weighted avg
precision,0.017543859649122806,0.057971014492753624,0.14754098360655737,0.08695652173913043,0.1038961038961039,0.16483516483516483,0.1206896551724138,0.0948905109489051,0.08333333333333333,0.047619047619047616,0.10039630118890357,0.09252761952925329,0.0951316409048927
recall,0.017543859649122806,0.05555555555555555,0.10714285714285714,0.0963855421686747,0.12903225806451613,0.1875,0.1917808219178082,0.14942528735632185,0.03614457831325301,0.013157894736842105,0.10039630118890357,0.09836686549049516,0.10039630118890357
f1-score,0.017543859649122806,0.05673758865248227,0.12413793103448276,0.09142857142857143,0.11510791366906474,0.1754385964912281,0.14814814814814814,0.11607142857142856,0.05042016806722689,0.020618556701030927,0.10039630118890357,0.09156527624127866,0.09370932066659741
support,57.0,72.0,84.0,83.0,62.0,80.0,73.0,87.0,83.0,76.0,0.10039630118890357,757.0,757.0
