,1,2,3,4,5,6,7,8,9,10,accuracy,macro avg,weighted avg
precision,0.041666666666666664,0.13636363636363635,0.17692307692307693,0.11764705882352941,0.04854368932038835,0.18243243243243243,0.05263157894736842,0.0967741935483871,0.2,0.125,0.12417437252311757,0.11779823330254857,0.12256960316565317
recall,0.05263157894736842,0.125,0.27380952380952384,0.24096385542168675,0.08064516129032258,0.3375,0.0136986301369863,0.034482758620689655,0.024096385542168676,0.013157894736842105,0.12417437252311757,0.11959857885055883,0.12417437252311757
f1-score,0.04651162790697675,0.13043478260869565,0.21495327102803738,0.15810276679841895,0.0606060606060606,0.23684210526315788,0.021739130434782608,0.05084745762711865,0.043010752688172046,0.02380952380952381,0.12417437252311757,0.09868574787709443,0.10213489741838387
support,57.0,72.0,84.0,83.0,62.0,80.0,73.0,87.0,83.0,76.0,0.12417437252311757,757.0,757.0
