,1,2,3,4,5,6,7,8,9,10,accuracy,macro avg,weighted avg
precision,0.0975609756097561,0.10144927536231885,0.08823529411764706,0.13414634146341464,0.044444444444444446,0.10784313725490197,0.12903225806451613,0.125,0.05555555555555555,0.0,0.0964332892998679,0.08832672818725548,0.08943158120073623
recall,0.21052631578947367,0.19444444444444445,0.10714285714285714,0.13253012048192772,0.06451612903225806,0.1375,0.0547945205479452,0.08045977011494253,0.012048192771084338,0.0,0.0964332892998679,0.09939623503249331,0.0964332892998679
f1-score,0.13333333333333333,0.13333333333333336,0.0967741935483871,0.13333333333333336,0.05263157894736842,0.12087912087912088,0.07692307692307691,0.09790209790209789,0.019801980198019802,0.0,0.0964332892998679,0.0864912048398071,0.08600477936472982
support,57.0,72.0,84.0,83.0,62.0,80.0,73.0,87.0,83.0,76.0,0.0964332892998679,757.0,757.0
