,1,2,3,4,5,6,7,8,9,10,accuracy,macro avg,weighted avg
precision,0.06976744186046512,0.14035087719298245,0.14018691588785046,0.06722689075630252,0.046511627906976744,0.05,0.09166666666666666,0.1678832116788321,0.12244897959183673,0.17424242424242425,0.11790393013100436,0.1070285035784337,0.11448476816993514
recall,0.037037037037037035,0.08888888888888889,0.17045454545454544,0.11764705882352941,0.029411764705882353,0.04225352112676056,0.10576923076923077,0.21100917431192662,0.10084033613445378,0.19491525423728814,0.11790393013100436,0.1098226811489543,0.11790393013100436
f1-score,0.04838709677419355,0.10884353741496598,0.15384615384615385,0.08556149732620319,0.036036036036036036,0.04580152671755726,0.0982142857142857,0.1869918699186992,0.11059907834101382,0.18400000000000002,0.11790393013100436,0.10582810820891086,0.11380345553286195
support,81.0,90.0,88.0,68.0,68.0,71.0,104.0,109.0,119.0,118.0,0.11790393013100436,916.0,916.0
