,1,2,3,4,5,6,7,8,9,10,accuracy,macro avg,weighted avg
precision,0.09259259259259259,0.11403508771929824,0.11827956989247312,0.10256410256410256,0.08045977011494253,0.07746478873239436,0.07272727272727272,0.08,0.16129032258064516,0.13333333333333333,0.09606986899563319,0.10327468402570546,0.10625316754532316
recall,0.18518518518518517,0.14444444444444443,0.125,0.17647058823529413,0.10294117647058823,0.15492957746478872,0.038461538461538464,0.07339449541284404,0.04201680672268908,0.01694915254237288,0.09606986899563319,0.1059792964939745,0.09606986899563319
f1-score,0.12345679012345677,0.12745098039215688,0.12154696132596686,0.12972972972972974,0.0903225806451613,0.10328638497652583,0.050314465408805034,0.07655502392344497,0.06666666666666668,0.03007518796992481,0.09606986899563319,0.09194047711618389,0.08681552270170395
support,81.0,90.0,88.0,68.0,68.0,71.0,104.0,109.0,119.0,118.0,0.09606986899563319,916.0,916.0
