,1,2,3,4,5,6,7,8,9,10,accuracy,macro avg,weighted avg
precision,0.09302325581395349,0.06,0.21818181818181817,0.0989010989010989,0.0967741935483871,0.1,0.09278350515463918,0.18811881188118812,0.10666666666666667,0.16483516483516483,0.1215323645970938,0.12192845149829165,0.12507097475325915
recall,0.14035087719298245,0.08333333333333333,0.14285714285714285,0.10843373493975904,0.04838709677419355,0.0375,0.1232876712328767,0.21839080459770116,0.0963855421686747,0.19736842105263158,0.1215323645970938,0.11962946241492953,0.1215323645970938
f1-score,0.11188811188811187,0.06976744186046512,0.1726618705035971,0.10344827586206898,0.06451612903225806,0.054545454545454536,0.10588235294117647,0.2021276595744681,0.10126582278481014,0.17964071856287422,0.1215323645970938,0.11657438375552846,0.11918968906693317
support,57.0,72.0,84.0,83.0,62.0,80.0,73.0,87.0,83.0,76.0,0.1215323645970938,757.0,757.0
