,1,2,3,4,5,6,7,8,9,10,accuracy,macro avg,weighted avg
precision,0.13942307692307693,0.0913978494623656,0.12,0.10555555555555556,0.04918032786885246,0.1388888888888889,0.043478260869565216,0.2222222222222222,0.0,0.25,0.11353711790393013,0.11601461817905268,0.11867487796835154
recall,0.35802469135802467,0.18888888888888888,0.20454545454545456,0.27941176470588236,0.04411764705882353,0.14084507042253522,0.009615384615384616,0.03669724770642202,0.0,0.025423728813559324,0.11353711790393013,0.12875698781149753,0.11353711790393013
f1-score,0.20069204152249134,0.12318840579710144,0.15126050420168066,0.15322580645161288,0.04651162790697674,0.13986013986013987,0.015748031496062992,0.06299212598425198,0.0,0.046153846153846156,0.11353711790393013,0.0939632529374164,0.08527974080271912
support,81.0,90.0,88.0,68.0,68.0,71.0,104.0,109.0,119.0,118.0,0.11353711790393013,916.0,916.0
