,1,2,3,4,5,6,7,8,9,10,accuracy,macro avg,weighted avg
precision,0.16071428571428573,0.1016949152542373,0.21311475409836064,0.06153846153846154,0.11864406779661017,0.18085106382978725,0.125,0.10975609756097561,0.10989010989010989,0.04132231404958678,0.11702127659574468,0.12225260697324151,0.12952182432569706
recall,0.08823529411764706,0.07142857142857142,0.17567567567567569,0.05405405405405406,0.1,0.16346153846153846,0.1095890410958904,0.1323529411764706,0.16393442622950818,0.11904761904761904,0.11702127659574468,0.11777791612869751,0.11702127659574468
f1-score,0.1139240506329114,0.08391608391608392,0.1925925925925926,0.05755395683453238,0.10852713178294573,0.1717171717171717,0.11678832116788321,0.12,0.13157894736842105,0.06134969325153374,0.11702127659574468,0.11579479492640758,0.11957989934282033
support,102.0,84.0,74.0,74.0,70.0,104.0,73.0,68.0,61.0,42.0,0.11702127659574468,752.0,752.0
