,1,2,3,4,5,6,7,8,9,10,accuracy,macro avg,weighted avg
precision,0.14285714285714285,0.14035087719298245,0.11940298507462686,0.04838709677419355,0.12280701754385964,0.15,0.075,0.06666666666666667,0.1388888888888889,0.058333333333333334,0.09707446808510638,0.10626940083316942,0.1115750200745712
recall,0.058823529411764705,0.09523809523809523,0.10810810810810811,0.04054054054054054,0.1,0.08653846153846154,0.0821917808219178,0.1323529411764706,0.16393442622950818,0.16666666666666666,0.09707446808510638,0.10343945497315335,0.09707446808510638
f1-score,0.08333333333333333,0.11347517730496454,0.11347517730496452,0.044117647058823525,0.11023622047244094,0.10975609756097561,0.0784313725490196,0.08866995073891625,0.15037593984962405,0.08641975308641976,0.09707446808510638,0.09782906692594823,0.09758319452490838
support,102.0,84.0,74.0,74.0,70.0,104.0,73.0,68.0,61.0,42.0,0.09707446808510638,752.0,752.0
