,1,2,3,4,5,6,7,8,9,10,accuracy,macro avg,weighted avg
precision,0.17857142857142858,0.05555555555555555,0.10256410256410256,0.1111111111111111,0.08421052631578947,0.16923076923076924,0.07692307692307693,0.06779661016949153,0.14285714285714285,0.07142857142857142,0.11037234042553191,0.10602488947270391,0.11187166869178085
recall,0.09803921568627451,0.023809523809523808,0.05405405405405406,0.05405405405405406,0.22857142857142856,0.21153846153846154,0.0547945205479452,0.058823529411764705,0.19672131147540983,0.11904761904761904,0.11037234042553191,0.10994537181965354,0.11037234042553191
f1-score,0.12658227848101264,0.03333333333333333,0.07079646017699115,0.07272727272727272,0.12307692307692307,0.18803418803418803,0.064,0.06299212598425197,0.16551724137931034,0.08928571428571427,0.11037234042553191,0.09963455374789976,0.10279934189093891
support,102.0,84.0,74.0,74.0,70.0,104.0,73.0,68.0,61.0,42.0,0.11037234042553191,752.0,752.0
