,1,2,3,4,5,6,7,8,9,10,accuracy,macro avg,weighted avg
precision,0.04477611940298507,0.2,0.12962962962962962,0.08108108108108109,0.07142857142857142,0.13333333333333333,0.11940298507462686,0.0847457627118644,0.10240963855421686,0.09473684210526316,0.10106382978723404,0.1061543963321572,0.10708974539022148
recall,0.029411764705882353,0.09523809523809523,0.0945945945945946,0.04054054054054054,0.04285714285714286,0.038461538461538464,0.1095890410958904,0.07352941176470588,0.2786885245901639,0.42857142857142855,0.10106382978723404,0.12314820824199828,0.10106382978723404
f1-score,0.03550295857988166,0.12903225806451613,0.109375,0.05405405405405406,0.05357142857142857,0.05970149253731343,0.11428571428571428,0.07874015748031495,0.14977973568281938,0.15517241379310343,0.10106382978723404,0.0939215213049146,0.08758472045735209
support,102.0,84.0,74.0,74.0,70.0,104.0,73.0,68.0,61.0,42.0,0.10106382978723404,752.0,752.0
