,1,2,3,4,5,6,7,8,9,10,accuracy,macro avg,weighted avg
precision,0.2702702702702703,0.1509433962264151,0.18518518518518517,0.15625,0.1276595744680851,0.15702479338842976,0.05084745762711865,0.1724137931034483,0.10714285714285714,0.0,0.13829787234042554,0.13777373274118093,0.14993548125396441
recall,0.19607843137254902,0.09523809523809523,0.13513513513513514,0.13513513513513514,0.2571428571428571,0.18269230769230768,0.0410958904109589,0.14705882352941177,0.09836065573770492,0.0,0.13829787234042554,0.1287937331394155,0.13829787234042554
f1-score,0.2272727272727273,0.11678832116788321,0.15625,0.14492753623188406,0.17061611374407584,0.1688888888888889,0.045454545454545456,0.15873015873015872,0.10256410256410256,0.0,0.13829787234042554,0.1291492394054266,0.1398337634519314
support,102.0,84.0,74.0,74.0,70.0,104.0,73.0,68.0,61.0,42.0,0.13829787234042554,752.0,752.0
