,1,2,3,4,5,6,7,8,9,10,accuracy,macro avg,weighted avg
precision,0.0,0.0,0.07142857142857142,0.1,0.0,0.0,0.0,0.18181818181818182,0.0,0.0,0.10204081632653061,0.03532467532467533,0.036045587065995234
recall,0.0,0.0,0.2,0.4,0.0,0.0,0.0,0.4,0.0,0.0,0.10204081632653061,0.1,0.10204081632653061
f1-score,0.0,0.0,0.10526315789473682,0.16000000000000003,0.0,0.0,0.0,0.25000000000000006,0.0,0.0,0.10204081632653061,0.051526315789473684,0.052577873254565
support,5.0,5.0,5.0,5.0,5.0,4.0,5.0,5.0,5.0,5.0,0.10204081632653061,49.0,49.0
