,1,2,3,4,5,6,7,8,9,10,accuracy,macro avg,weighted avg
precision,0.1,0.0,0.0,0.0,0.0,0.3333333333333333,0.0,1.0,1.0,0.0,0.12,0.24333333333333335,0.24333333333333332
recall,0.6,0.0,0.0,0.0,0.0,0.2,0.0,0.2,0.2,0.0,0.12,0.12,0.12
f1-score,0.17142857142857143,0.0,0.0,0.0,0.0,0.25,0.0,0.33333333333333337,0.33333333333333337,0.0,0.12,0.10880952380952383,0.10880952380952383
support,5.0,5.0,5.0,5.0,5.0,5.0,5.0,5.0,5.0,5.0,0.12,50.0,50.0
