,1,2,3,4,5,6,7,8,9,10,accuracy,macro avg,weighted avg
precision,0.0,0.18181818181818182,0.0,0.1111111111111111,0.0,0.0,0.0,0.25,0.14285714285714285,0.0,0.1,0.06857864357864359,0.06857864357864357
recall,0.0,0.4,0.0,0.2,0.0,0.0,0.0,0.2,0.2,0.0,0.1,0.1,0.1
f1-score,0.0,0.25000000000000006,0.0,0.14285714285714285,0.0,0.0,0.0,0.22222222222222224,0.16666666666666666,0.0,0.1,0.07817460317460317,0.07817460317460317
support,5.0,5.0,5.0,5.0,5.0,5.0,5.0,5.0,5.0,5.0,0.1,50.0,50.0
