,1,2,3,4,5,6,7,8,9,10,accuracy,macro avg,weighted avg
precision,0.1875,0.0,0.0,0.0,0.0,0.125,0.0,0.2,0.0,0.0,0.12244897959183673,0.05125,0.04974489795918367
recall,0.6,0.0,0.0,0.0,0.0,0.25,0.0,0.4,0.0,0.0,0.12244897959183673,0.125,0.12244897959183673
f1-score,0.2857142857142857,0.0,0.0,0.0,0.0,0.16666666666666666,0.0,0.26666666666666666,0.0,0.0,0.12244897959183673,0.0719047619047619,0.06997084548104957
support,5.0,5.0,5.0,5.0,5.0,4.0,5.0,5.0,5.0,5.0,0.12244897959183673,49.0,49.0
