,1,2,3,4,5,6,7,8,9,10,accuracy,macro avg,weighted avg
precision,0.0,0.5,0.0,0.25,0.3333333333333333,0.14285714285714285,0.0,0.14285714285714285,0.0,0.0,0.16,0.13690476190476192,0.1369047619047619
recall,0.0,0.2,0.0,0.2,0.4,0.6,0.0,0.2,0.0,0.0,0.16,0.16,0.16
f1-score,0.0,0.28571428571428575,0.0,0.22222222222222224,0.3636363636363636,0.23076923076923073,0.0,0.16666666666666666,0.0,0.0,0.16,0.1269008769008769,0.1269008769008769
support,5.0,5.0,5.0,5.0,5.0,5.0,5.0,5.0,5.0,5.0,0.16,50.0,50.0
