,1,2,3,4,5,6,7,8,9,10,accuracy,macro avg,weighted avg
precision,0.0,0.25,0.0,0.14285714285714285,0.0,0.0,0.0,1.0,0.2,0.1,0.11764705882352941,0.1692857142857143,0.16596638655462187
recall,0.0,0.2,0.0,0.4,0.0,0.0,0.0,0.2,0.2,0.2,0.11764705882352941,0.12,0.11764705882352941
f1-score,0.0,0.22222222222222224,0.0,0.21052631578947364,0.0,0.0,0.0,0.33333333333333337,0.20000000000000004,0.13333333333333333,0.11764705882352941,0.10994152046783627,0.10778580438023164
support,5.0,5.0,5.0,5.0,5.0,6.0,5.0,5.0,5.0,5.0,0.11764705882352941,51.0,51.0
