,1,2,3,4,5,6,7,8,9,10,accuracy,macro avg,weighted avg
precision,0.0,0.0,0.0,0.0,0.14814814814814814,0.0,0.0,0.0,0.15789473684210525,0.0,0.14285714285714285,0.03060428849902534,0.03122886581533198
recall,0.0,0.0,0.0,0.0,0.8,0.0,0.0,0.0,0.6,0.0,0.14285714285714285,0.13999999999999999,0.14285714285714285
f1-score,0.0,0.0,0.0,0.0,0.25,0.0,0.0,0.0,0.25,0.0,0.14285714285714285,0.05,0.05102040816326531
support,5.0,5.0,5.0,5.0,5.0,4.0,5.0,5.0,5.0,5.0,0.14285714285714285,49.0,49.0
