,1,2,3,4,5,6,7,8,9,10,accuracy,macro avg,weighted avg
precision,0.0,0.0,0.0,0.0,0.0,0.0,0.2,0.25,0.15,0.3333333333333333,0.12244897959183673,0.09333333333333334,0.09523809523809523
recall,0.0,0.0,0.0,0.0,0.0,0.0,0.2,0.2,0.6,0.2,0.12244897959183673,0.12,0.12244897959183673
f1-score,0.0,0.0,0.0,0.0,0.0,0.0,0.20000000000000004,0.22222222222222224,0.24,0.25,0.12244897959183673,0.09122222222222223,0.09308390022675739
support,5.0,5.0,5.0,5.0,5.0,4.0,5.0,5.0,5.0,5.0,0.12244897959183673,49.0,49.0
