,1,2,3,4,5,6,7,8,9,10,accuracy,macro avg,weighted avg
precision,0.0,0.0,0.0,0.2,0.07692307692307693,0.0,0.0,0.0,0.0,0.1,0.0784313725490196,0.03769230769230769,0.03695324283559578
recall,0.0,0.0,0.0,0.4,0.2,0.0,0.0,0.0,0.0,0.2,0.0784313725490196,0.08,0.0784313725490196
f1-score,0.0,0.0,0.0,0.26666666666666666,0.1111111111111111,0.0,0.0,0.0,0.0,0.13333333333333333,0.0784313725490196,0.05111111111111111,0.05010893246187363
support,5.0,5.0,5.0,5.0,5.0,6.0,5.0,5.0,5.0,5.0,0.0784313725490196,51.0,51.0
