,1,2,3,4,5,6,7,8,9,10,accuracy,macro avg,weighted avg
precision,0.3333333333333333,0.0,0.0,0.14285714285714285,0.2,0.18181818181818182,0.08333333333333333,0.0,0.0,0.5,0.14,0.14413419913419914,0.14413419913419911
recall,0.2,0.0,0.0,0.2,0.2,0.4,0.2,0.0,0.0,0.2,0.14,0.14,0.14
f1-score,0.25,0.0,0.0,0.16666666666666666,0.20000000000000004,0.25000000000000006,0.11764705882352941,0.0,0.0,0.28571428571428575,0.14,0.1270028011204482,0.12700280112044818
support,5.0,5.0,5.0,5.0,5.0,5.0,5.0,5.0,5.0,5.0,0.14,50.0,50.0
