,1,2,3,4,5,6,7,8,9,10,accuracy,macro avg,weighted avg
precision,0.0,0.0,0.0,0.06666666666666667,0.0,0.0,0.4,0.0,0.0,0.0,0.058823529411764705,0.04666666666666667,0.04575163398692811
recall,0.0,0.0,0.0,0.2,0.0,0.0,0.4,0.0,0.0,0.0,0.058823529411764705,0.06000000000000001,0.058823529411764705
f1-score,0.0,0.0,0.0,0.1,0.0,0.0,0.4000000000000001,0.0,0.0,0.0,0.058823529411764705,0.05000000000000001,0.04901960784313726
support,5.0,5.0,5.0,5.0,5.0,6.0,5.0,5.0,5.0,5.0,0.058823529411764705,51.0,51.0
