,1,2,3,4,5,6,7,8,9,10,accuracy,macro avg,weighted avg
precision,1.0,0.0,0.0,0.5,0.0,0.0,0.16666666666666666,0.3333333333333333,0.0,0.0,0.0784313725490196,0.2,0.19607843137254902
recall,0.2,0.0,0.0,0.2,0.0,0.0,0.2,0.2,0.0,0.0,0.0784313725490196,0.08,0.0784313725490196
f1-score,0.33333333333333337,0.0,0.0,0.28571428571428575,0.0,0.0,0.1818181818181818,0.25,0.0,0.0,0.0784313725490196,0.10508658008658008,0.10302605890841186
support,5.0,5.0,5.0,5.0,5.0,6.0,5.0,5.0,5.0,5.0,0.0784313725490196,51.0,51.0
