,1,2,3,4,5,6,7,8,9,10,accuracy,macro avg,weighted avg
precision,0.0,0.5,0.125,0.0,0.0,0.0,0.0,0.07692307692307693,0.3333333333333333,0.16666666666666666,0.12244897959183673,0.12019230769230768,0.1226452119309262
recall,0.0,0.2,0.2,0.0,0.0,0.0,0.0,0.4,0.2,0.2,0.12244897959183673,0.12,0.12244897959183673
f1-score,0.0,0.28571428571428575,0.15384615384615385,0.0,0.0,0.0,0.0,0.12903225806451613,0.25,0.1818181818181818,0.12244897959183673,0.10004108794431377,0.10208274280032016
support,5.0,5.0,5.0,5.0,5.0,4.0,5.0,5.0,5.0,5.0,0.12244897959183673,49.0,49.0
