,1,2,3,4,5,6,7,8,9,10,accuracy,macro avg,weighted avg
precision,0.25,0.0,0.06666666666666667,0.0,0.2222222222222222,0.0,0.0,0.125,0.0,1.0,0.11764705882352941,0.16638888888888886,0.16312636165577343
recall,0.2,0.0,0.2,0.0,0.4,0.0,0.0,0.2,0.0,0.2,0.11764705882352941,0.12,0.11764705882352941
f1-score,0.22222222222222224,0.0,0.1,0.0,0.2857142857142857,0.0,0.0,0.15384615384615385,0.0,0.33333333333333337,0.11764705882352941,0.10951159951159953,0.10736431324666619
support,5.0,5.0,5.0,5.0,5.0,6.0,5.0,5.0,5.0,5.0,0.11764705882352941,51.0,51.0
