,1,2,3,4,5,6,7,8,9,10,accuracy,macro avg,weighted avg
precision,0.18072289156626506,0.14864864864864866,0.08620689655172414,0.088,0.08928571428571429,0.0,0.0,0.0,0.0,0.0,0.11037234042553191,0.05928641510523521,0.06657118586578871
recall,0.14705882352941177,0.2619047619047619,0.13513513513513514,0.14864864864864866,0.35714285714285715,0.0,0.0,0.0,0.0,0.0,0.11037234042553191,0.10498902263608145,0.11037234042553191
f1-score,0.16216216216216217,0.18965517241379312,0.10526315789473685,0.11055276381909547,0.14285714285714285,0.0,0.0,0.0,0.0,0.0,0.11037234042553191,0.07104903991469305,0.07771536333792921
support,102.0,84.0,74.0,74.0,70.0,104.0,73.0,68.0,61.0,42.0,0.11037234042553191,752.0,752.0
