,1,2,3,4,5,6,7,8,9,10,accuracy,macro avg,weighted avg
precision,0.10077519379844961,0.1357142857142857,0.034482758620689655,0.10480349344978165,0.0845771144278607,0.0,0.0,0.0,0.0,0.0,0.09907529722589167,0.04603528460110673,0.04274060421788292
recall,0.22807017543859648,0.2638888888888889,0.023809523809523808,0.2891566265060241,0.27419354838709675,0.0,0.0,0.0,0.0,0.0,0.09907529722589167,0.107911876303013,0.09907529722589167
f1-score,0.13978494623655913,0.1792452830188679,0.028169014084507043,0.15384615384615385,0.12927756653992395,0.0,0.0,0.0,0.0,0.0,0.09907529722589167,0.06303229637260119,0.058155930502836205
support,57.0,72.0,84.0,83.0,62.0,80.0,73.0,87.0,83.0,76.0,0.09907529722589167,757.0,757.0
