,1,2,3,4,5,6,7,8,9,10,accuracy,macro avg,weighted avg
precision,0.037037037037037035,0.0861244019138756,0.09652509652509653,0.08163265306122448,0.1724137931034483,0.0,0.0,0.0,0.0,0.0,0.08190224570673713,0.0473732981640682,0.044762670453782946
recall,0.10526315789473684,0.25,0.2976190476190476,0.0963855421686747,0.08064516129032258,0.0,0.0,0.0,0.0,0.0,0.08190224570673713,0.08299129089727818,0.08190224570673713
f1-score,0.0547945205479452,0.12811387900355872,0.1457725947521866,0.08839779005524862,0.1098901098901099,0.0,0.0,0.0,0.0,0.0,0.08190224570673713,0.0526968894249049,0.05117911269015222
support,57.0,72.0,84.0,83.0,62.0,80.0,73.0,87.0,83.0,76.0,0.08190224570673713,757.0,757.0
