,1,2,3,4,5,6,7,8,9,10,accuracy,macro avg,weighted avg
precision,0.15714285714285714,0.058823529411764705,0.09433962264150944,0.24528301886792453,0.14074074074074075,0.22033898305084745,0.16666666666666666,0.08695652173913043,0.16393442622950818,0.03773584905660377,0.13696808510638298,0.1371962215547553,0.14432652295917905
recall,0.10784313725490197,0.047619047619047616,0.06756756756756757,0.17567567567567569,0.2714285714285714,0.25,0.0958904109589041,0.058823529411764705,0.16393442622950818,0.09523809523809523,0.13696808510638298,0.13340204613840365,0.13696808510638298
f1-score,0.12790697674418605,0.05263157894736842,0.07874015748031497,0.2047244094488189,0.18536585365853658,0.23423423423423426,0.1217391304347826,0.07017543859649121,0.16393442622950818,0.05405405405405406,0.13696808510638298,0.1293506259828295,0.1352514214697747
support,102.0,84.0,74.0,74.0,70.0,104.0,73.0,68.0,61.0,42.0,0.13696808510638298,752.0,752.0
