,1,2,3,4,5,6,7,8,9,10,accuracy,macro avg,weighted avg
precision,0.10653753026634383,0.10139165009940358,0.0,0.0,0.0,0.0,0.0,0.0,0.0,0.0,0.1037117903930131,0.020792918036574744,0.01938295683462901
recall,0.5432098765432098,0.5666666666666667,0.0,0.0,0.0,0.0,0.0,0.0,0.0,0.0,0.1037117903930131,0.11098765432098764,0.1037117903930131
f1-score,0.17813765182186234,0.17200674536256325,0.0,0.0,0.0,0.0,0.0,0.0,0.0,0.0,0.1037117903930131,0.03501443971844256,0.03265257301332046
support,81.0,90.0,88.0,68.0,68.0,71.0,104.0,109.0,119.0,118.0,0.1037117903930131,916.0,916.0
