,1,2,3,4,5,6,7,8,9,10,accuracy,macro avg,weighted avg
precision,0.08133971291866028,0.1092896174863388,0.07476635514018691,0.09644670050761421,0.07964601769911504,0.0,0.0,0.0,0.0,0.0,0.08842794759825327,0.044148840375191525,0.03818594586307426
recall,0.20987654320987653,0.2222222222222222,0.18181818181818182,0.27941176470588236,0.1323529411764706,0.0,0.0,0.0,0.0,0.0,0.08842794759825327,0.10256816531326336,0.08842794759825327
f1-score,0.11724137931034483,0.14652014652014653,0.10596026490066224,0.14339622641509434,0.0994475138121547,0.0,0.0,0.0,0.0,0.0,0.08842794759825327,0.06125655309584026,0.05297078881840866
support,81.0,90.0,88.0,68.0,68.0,71.0,104.0,109.0,119.0,118.0,0.08842794759825327,916.0,916.0
