,1,2,3,4,5,6,7,8,9,10,accuracy,macro avg,weighted avg
precision,0.12589928057553956,0.0763888888888889,0.11842105263157894,0.08633093525179857,0.0782608695652174,0.0,0.0,0.0,0.0,0.0,0.10106382978723404,0.04853010269130233,0.053042953800939964
recall,0.3431372549019608,0.13095238095238096,0.12162162162162163,0.16216216216216217,0.12857142857142856,0.0,0.0,0.0,0.0,0.0,0.10106382978723404,0.08864448482095541,0.10106382978723404
f1-score,0.18421052631578946,0.09649122807017545,0.11999999999999998,0.11267605633802817,0.0972972972972973,0.0,0.0,0.0,0.0,0.0,0.10106382978723404,0.061067510802129035,0.06771752103980073
support,102.0,84.0,74.0,74.0,70.0,104.0,73.0,68.0,61.0,42.0,0.10106382978723404,752.0,752.0
