,1,2,3,4,5,6,7,8,9,10,accuracy,macro avg,weighted avg
precision,0.0997229916897507,0.09848484848484848,0.0,0.0,0.0,0.0,0.0,0.0,0.0,0.0,0.09907529722589167,0.01982078401745992,0.016875983642304995
recall,0.631578947368421,0.5416666666666666,0.0,0.0,0.0,0.0,0.0,0.0,0.0,0.0,0.09907529722589167,0.11732456140350878,0.09907529722589167
f1-score,0.17224880382775118,0.16666666666666666,0.0,0.0,0.0,0.0,0.0,0.0,0.0,0.0,0.09907529722589167,0.033891547049441785,0.02882190464753212
support,57.0,72.0,84.0,83.0,62.0,80.0,73.0,87.0,83.0,76.0,0.09907529722589167,757.0,757.0
