,1,2,3,4,5,6,7,8,9,10,accuracy,macro avg,weighted avg
precision,0.13414634146341464,0.09064327485380116,0.0,0.0,0.0,0.0,0.0,0.0,0.0,0.0,0.11436170212765957,0.02247896163172158,0.02832042808110052
recall,0.5392156862745098,0.36904761904761907,0.0,0.0,0.0,0.0,0.0,0.0,0.0,0.0,0.11436170212765957,0.09082633053221288,0.11436170212765957
f1-score,0.21484375000000003,0.14553990610328638,0.0,0.0,0.0,0.0,0.0,0.0,0.0,0.0,0.11436170212765957,0.03603836561032864,0.045398157729622426
support,102.0,84.0,74.0,74.0,70.0,104.0,73.0,68.0,61.0,42.0,0.11436170212765957,752.0,752.0
