,1,2,3,4,5,6,7,8,9,10,accuracy,macro avg,weighted avg
precision,0.06315789473684211,0.16161616161616163,0.04918032786885246,0.13565891472868216,0.08196721311475409,0.0,0.0,0.0,0.0,0.0,0.10303830911492734,0.04915805120652924,0.04717195285725577
recall,0.10526315789473684,0.2222222222222222,0.07142857142857142,0.42168674698795183,0.24193548387096775,0.0,0.0,0.0,0.0,0.0,0.10303830911492734,0.10625361824044499,0.10303830911492734
f1-score,0.07894736842105263,0.1871345029239766,0.058252427184466014,0.20527859237536655,0.12244897959183675,0.0,0.0,0.0,0.0,0.0,0.10303830911492734,0.06520618704966986,0.06274352443311858
support,57.0,72.0,84.0,83.0,62.0,80.0,73.0,87.0,83.0,76.0,0.10303830911492734,757.0,757.0
