,1,2,3,4,5,6,7,8,9,10,accuracy,macro avg,weighted avg
precision,0.060109289617486336,0.08695652173913043,0.0,0.0,0.0,0.0,0.0,0.0,0.0,0.0,0.07397622192866579,0.014706581135661678,0.01279669626606884
recall,0.38596491228070173,0.4722222222222222,0.0,0.0,0.0,0.0,0.0,0.0,0.0,0.0,0.07397622192866579,0.08581871345029239,0.07397622192866579
f1-score,0.10401891252955082,0.14686825053995678,0.0,0.0,0.0,0.0,0.0,0.0,0.0,0.0,0.07397622192866579,0.02508871630695076,0.021801310506025476
support,57.0,72.0,84.0,83.0,62.0,80.0,73.0,87.0,83.0,76.0,0.07397622192866579,757.0,757.0
