,1,2,3,4,5,6,7,8,9,10,accuracy,macro avg,weighted avg
precision,0.12694300518134716,0.14207650273224043,0.0,0.0,0.0,0.0,0.0,0.0,0.0,0.0,0.13430851063829788,0.026901950791358757,0.03308858079522022
recall,0.4803921568627451,0.6190476190476191,0.0,0.0,0.0,0.0,0.0,0.0,0.0,0.0,0.13430851063829788,0.10994397759103643,0.13430851063829788
f1-score,0.20081967213114751,0.2311111111111111,0.0,0.0,0.0,0.0,0.0,0.0,0.0,0.0,0.13430851063829788,0.043193078324225864,0.05305444134402977
support,102.0,84.0,74.0,74.0,70.0,104.0,73.0,68.0,61.0,42.0,0.13430851063829788,752.0,752.0
