,1,2,3,4,5,6,7,8,9,10,accuracy,macro avg,weighted avg
precision,0.08,0.1111111111111111,0.09392265193370165,0.04938271604938271,0.08383233532934131,0.0,0.0,0.0,0.0,0.0,0.08296943231441048,0.041824881442353676,0.03690373020078491
recall,0.09876543209876543,0.2777777777777778,0.19318181818181818,0.17647058823529413,0.20588235294117646,0.0,0.0,0.0,0.0,0.0,0.08296943231441048,0.0952077969234832,0.08296943231441048
f1-score,0.08839779005524862,0.15873015873015872,0.12639405204460968,0.07717041800643087,0.11914893617021276,0.0,0.0,0.0,0.0,0.0,0.08296943231441048,0.05698413550066607,0.05012917897830441
support,81.0,90.0,88.0,68.0,68.0,71.0,104.0,109.0,119.0,118.0,0.08296943231441048,916.0,916.0
