,1,2,3,4,5,6,7,8,9,10,accuracy,macro avg,weighted avg
precision,0.10625,0.11904761904761904,0.08759124087591241,0.0967741935483871,0.12698412698412698,0.1557377049180328,0.05,0.18181818181818182,0.26666666666666666,0.3333333333333333,0.11899563318777293,0.152420306719226,0.16308554174847792
recall,0.20987654320987653,0.16666666666666666,0.13636363636363635,0.2647058823529412,0.11764705882352941,0.2676056338028169,0.019230769230769232,0.09174311926605505,0.03361344537815126,0.03389830508474576,0.11899563318777293,0.13413510601791884,0.11899563318777293
f1-score,0.14107883817427386,0.1388888888888889,0.10666666666666667,0.14173228346456693,0.12213740458015267,0.19689119170984457,0.027777777777777776,0.12195121951219513,0.05970149253731343,0.061538461538461535,0.11899563318777293,0.11183642248501416,0.1045677443738206
support,81.0,90.0,88.0,68.0,68.0,71.0,104.0,109.0,119.0,118.0,0.11899563318777293,916.0,916.0
