,1,2,3,4,5,6,7,8,9,10,accuracy,macro avg,weighted avg
precision,0.08523908523908524,0.09655172413793103,0.0,0.0,0.0,0.0,0.0,0.0,0.0,0.0,0.0906113537117904,0.01817908093770163,0.017024040476833733
recall,0.5061728395061729,0.4666666666666667,0.0,0.0,0.0,0.0,0.0,0.0,0.0,0.0,0.0906113537117904,0.09728395061728395,0.0906113537117904
f1-score,0.14590747330960857,0.16,0.0,0.0,0.0,0.0,0.0,0.0,0.0,0.0,0.0906113537117904,0.030590747330960854,0.028622822421482855
support,81.0,90.0,88.0,68.0,68.0,71.0,104.0,109.0,119.0,118.0,0.0906113537117904,916.0,916.0
