,1,2,3,4,5,6,7,8,9,10,accuracy,macro avg,weighted avg
precision,0.14202898550724638,0.10810810810810811,0.0,0.0,0.0,0.0,0.0,0.0,0.0,0.0,0.12367021276595745,0.025013709361535453,0.03134047553566518
recall,0.4803921568627451,0.5238095238095238,0.0,0.0,0.0,0.0,0.0,0.0,0.0,0.0,0.12367021276595745,0.1004201680672269,0.12367021276595745
f1-score,0.21923937360178972,0.17922606924643586,0.0,0.0,0.0,0.0,0.0,0.0,0.0,0.0,0.12367021276595745,0.03984654428482256,0.049757188728833994
support,102.0,84.0,74.0,74.0,70.0,104.0,73.0,68.0,61.0,42.0,0.12367021276595745,752.0,752.0
