,1,2,3,4,5,6,7,8,9,10,accuracy,macro avg,weighted avg
precision,0.17964071856287425,0.1744186046511628,0.11450381679389313,0.10555555555555556,0.10106382978723404,0.0,0.0,0.0,0.0,0.0,0.13031914893617022,0.06751825253507197,0.07491140654664419
recall,0.29411764705882354,0.17857142857142858,0.20270270270270271,0.25675675675675674,0.2714285714285714,0.0,0.0,0.0,0.0,0.0,0.13031914893617022,0.12035771065182829,0.13031914893617022
f1-score,0.22304832713754646,0.17647058823529413,0.14634146341463417,0.1496062992125984,0.14728682170542634,0.0,0.0,0.0,0.0,0.0,0.13031914893617022,0.08427534997054995,0.09279876427339029
support,102.0,84.0,74.0,74.0,70.0,104.0,73.0,68.0,61.0,42.0,0.13031914893617022,752.0,752.0
