,1,2,3,4,5,6,7,8,9,10,accuracy,macro avg,weighted avg
precision,0.14327485380116958,0.11463414634146342,0.0,0.0,0.0,0.0,0.0,0.0,0.0,0.0,0.1276595744680851,0.0257909000142633,0.032238435346279556
recall,0.4803921568627451,0.5595238095238095,0.0,0.0,0.0,0.0,0.0,0.0,0.0,0.0,0.1276595744680851,0.10399159663865547,0.1276595744680851
f1-score,0.2207207207207207,0.19028340080971662,0.0,0.0,0.0,0.0,0.0,0.0,0.0,0.0,0.1276595744680851,0.04110041215304373,0.05119324359245971
support,102.0,84.0,74.0,74.0,70.0,104.0,73.0,68.0,61.0,42.0,0.1276595744680851,752.0,752.0
