,1,2,3,4,5,6,7,8,9,10,accuracy,macro avg,weighted avg
precision,0.015267175572519083,0.1810344827586207,0.05970149253731343,0.0735930735930736,0.09905660377358491,0.0,0.0,0.0,0.0,0.0,0.08586525759577279,0.042865282823511174,0.04117486351595242
recall,0.03508771929824561,0.2916666666666667,0.047619047619047616,0.20481927710843373,0.3387096774193548,0.0,0.0,0.0,0.0,0.0,0.08586525759577279,0.09179023881117485,0.08586525759577279
f1-score,0.02127659574468085,0.22340425531914893,0.052980132450331126,0.10828025477707007,0.15328467153284672,0.0,0.0,0.0,0.0,0.0,0.08586525759577279,0.055922590982407774,0.05315602938941435
support,57.0,72.0,84.0,83.0,62.0,80.0,73.0,87.0,83.0,76.0,0.08586525759577279,757.0,757.0
