,1,2,3,4,5,6,7,8,9,10,accuracy,macro avg,weighted avg
precision,0.0744920993227991,0.08280254777070063,0.0,0.0,0.0,0.0,0.0,0.0,0.0,0.0,0.07793923381770146,0.015729464709349973,0.013484587980039622
recall,0.5789473684210527,0.3611111111111111,0.0,0.0,0.0,0.0,0.0,0.0,0.0,0.0,0.07793923381770146,0.09400584795321638,0.07793923381770146
f1-score,0.132,0.13471502590673576,0.0,0.0,0.0,0.0,0.0,0.0,0.0,0.0,0.07793923381770146,0.02667150259067358,0.022752287800904852
support,57.0,72.0,84.0,83.0,62.0,80.0,73.0,87.0,83.0,76.0,0.07793923381770146,757.0,757.0
