,1,2,3,4,5,6,7,8,9,10,accuracy,macro avg,weighted avg
precision,0.08357348703170028,0.08536585365853659,0.0,0.0,0.0,0.0,0.0,0.0,0.0,0.0,0.0845442536327609,0.016893934069023685,0.014412193162776157
recall,0.5087719298245614,0.4861111111111111,0.0,0.0,0.0,0.0,0.0,0.0,0.0,0.0,0.0845442536327609,0.09948830409356726,0.0845442536327609
f1-score,0.14356435643564355,0.14522821576763487,0.0,0.0,0.0,0.0,0.0,0.0,0.0,0.0,0.0845442536327609,0.02887925722032784,0.024622985273581758
support,57.0,72.0,84.0,83.0,62.0,80.0,73.0,87.0,83.0,76.0,0.0845442536327609,757.0,757.0
