,1,2,3,4,5,6,7,8,9,10,accuracy,macro avg,weighted avg
precision,0.08571428571428572,0.08851224105461393,0.0,0.0,0.0,0.0,0.0,0.0,0.0,0.0,0.08733624454148471,0.017422652676889964,0.016276155936432748
recall,0.4074074074074074,0.5222222222222223,0.0,0.0,0.0,0.0,0.0,0.0,0.0,0.0,0.08733624454148471,0.09296296296296296,0.08733624454148471
f1-score,0.14163090128755368,0.15136876006441222,0.0,0.0,0.0,0.0,0.0,0.0,0.0,0.0,0.08733624454148471,0.029299966135196587,0.027396606342891865
support,81.0,90.0,88.0,68.0,68.0,71.0,104.0,109.0,119.0,118.0,0.08733624454148471,916.0,916.0
