,1,2,3,4,5,6,7,8,9,10,accuracy,macro avg,weighted avg
precision,0.09034267912772585,0.09403669724770643,0.0,0.0,0.0,0.0,0.0,0.0,0.0,0.0,0.09247027741083223,0.018437937637543228,0.01574659829869912
recall,0.5087719298245614,0.5694444444444444,0.0,0.0,0.0,0.0,0.0,0.0,0.0,0.0,0.09247027741083223,0.10782163742690058,0.09247027741083223
f1-score,0.15343915343915343,0.16141732283464566,0.0,0.0,0.0,0.0,0.0,0.0,0.0,0.0,0.09247027741083223,0.03148564762737991,0.026906313064895947
support,57.0,72.0,84.0,83.0,62.0,80.0,73.0,87.0,83.0,76.0,0.09247027741083223,757.0,757.0
