,1,2,3,4,5,6,7,8,9,10,accuracy,macro avg,weighted avg
precision,0.07216494845360824,0.0949367088607595,0.143646408839779,0.05573770491803279,0.045714285714285714,0.0,0.0,0.0,0.0,0.0,0.07969432314410481,0.04122000567864652,0.03704070301649436
recall,0.08641975308641975,0.16666666666666666,0.29545454545454547,0.25,0.11764705882352941,0.0,0.0,0.0,0.0,0.0,0.07969432314410481,0.09161880240311612,0.07969432314410481
f1-score,0.07865168539325842,0.12096774193548386,0.1933085501858736,0.09115281501340483,0.06584362139917696,0.0,0.0,0.0,0.0,0.0,0.07969432314410481,0.05499244139271977,0.0490663683225545
support,81.0,90.0,88.0,68.0,68.0,71.0,104.0,109.0,119.0,118.0,0.07969432314410481,916.0,916.0
