,1,2,3,4,5,6,7,8,9,10,accuracy,macro avg,weighted avg
precision,0.07297297297297298,0.09043927648578812,0.0,0.0,0.0,0.0,0.0,0.0,0.0,0.0,0.08190224570673713,0.016341224945876108,0.014096548700708327
recall,0.47368421052631576,0.4861111111111111,0.0,0.0,0.0,0.0,0.0,0.0,0.0,0.0,0.08190224570673713,0.09597953216374269,0.08190224570673713
f1-score,0.12646370023419204,0.15250544662309368,0.0,0.0,0.0,0.0,0.0,0.0,0.0,0.0,0.08190224570673713,0.02789691468572857,0.024027507358271718
support,57.0,72.0,84.0,83.0,62.0,80.0,73.0,87.0,83.0,76.0,0.08190224570673713,757.0,757.0
