,1,2,3,4,5,6,7,8,9,10,accuracy,macro avg,weighted avg
precision,0.08627450980392157,0.058394160583941604,0.09917355371900827,0.10576923076923077,0.08108108108108109,0.0,0.0,0.0,0.0,0.0,0.08951965065502183,0.04306925359571833,0.03676506951939555
recall,0.2716049382716049,0.08888888888888889,0.2727272727272727,0.3235294117647059,0.08823529411764706,0.0,0.0,0.0,0.0,0.0,0.08951965065502183,0.10449858057701193,0.08951965065502183
f1-score,0.13095238095238093,0.07048458149779735,0.14545454545454545,0.15942028985507248,0.08450704225352113,0.0,0.0,0.0,0.0,0.0,0.08951965065502183,0.05908188400133173,0.05058713294249889
support,81.0,90.0,88.0,68.0,68.0,71.0,104.0,109.0,119.0,118.0,0.08951965065502183,916.0,916.0
