,1,2,3,4,5,6,7,8,9,10,accuracy,macro avg,weighted avg
precision,0.07547169811320754,0.09302325581395349,0.15602836879432624,0.10227272727272728,0.03361344537815126,0.1259259259259259,0.11764705882352941,0.08888888888888889,0.25,0.42857142857142855,0.10700132100396301,0.14714427975821387,0.15111715381745872
recall,0.07017543859649122,0.05555555555555555,0.2619047619047619,0.21686746987951808,0.06451612903225806,0.2125,0.0547945205479452,0.04597701149425287,0.012048192771084338,0.039473684210526314,0.10700132100396301,0.10338127639923936,0.10700132100396301
f1-score,0.07272727272727272,0.06956521739130433,0.19555555555555554,0.138996138996139,0.04419889502762431,0.15813953488372093,0.07476635514018691,0.06060606060606061,0.02298850574712644,0.07228915662650602,0.10700132100396301,0.09098326927014969,0.0933179442033975
support,57.0,72.0,84.0,83.0,62.0,80.0,73.0,87.0,83.0,76.0,0.10700132100396301,757.0,757.0
