,1,2,3,4,5,6,7,8,9,10,accuracy,macro avg,weighted avg
precision,0.13917525773195877,0.10164835164835165,0.0,0.0,0.0,0.0,0.0,0.0,0.0,0.0,0.12101063829787234,0.024082360938031042,0.030231832216916665
recall,0.5294117647058824,0.44047619047619047,0.0,0.0,0.0,0.0,0.0,0.0,0.0,0.0,0.12101063829787234,0.09698879551820729,0.12101063829787234
f1-score,0.2204081632653061,0.16517857142857145,0.0,0.0,0.0,0.0,0.0,0.0,0.0,0.0,0.12101063829787234,0.03855867346938775,0.04834658597481546
support,102.0,84.0,74.0,74.0,70.0,104.0,73.0,68.0,61.0,42.0,0.12101063829787234,752.0,752.0
