,1,2,3,4,5,6,7,8,9,10,accuracy,macro avg,weighted avg
precision,0.07920792079207921,0.1511627906976744,0.10382513661202186,0.023255813953488372,0.06666666666666667,0.0,0.0,0.0,0.0,0.0,0.09175531914893617,0.04241183287219305,0.04633981296264781
recall,0.0784313725490196,0.30952380952380953,0.25675675675675674,0.02702702702702703,0.2,0.0,0.0,0.0,0.0,0.0,0.09175531914893617,0.08717389658566128,0.09175531914893617
f1-score,0.07881773399014777,0.203125,0.14785992217898833,0.025,0.1,0.0,0.0,0.0,0.0,0.0,0.09175531914893617,0.05548026561691362,0.059698860516276875
support,102.0,84.0,74.0,74.0,70.0,104.0,73.0,68.0,61.0,42.0,0.09175531914893617,752.0,752.0
