,1,2,3,4,5,6,7,8,9,10,accuracy,macro avg,weighted avg
precision,0.0625,0.13043478260869565,0.08333333333333333,0.11188811188811189,0.0,0.0,0.0,0.0,0.0,0.0,0.09114927344782034,0.038815622783014085,0.03862683967574554
recall,0.17543859649122806,0.4166666666666667,0.15476190476190477,0.1927710843373494,0.0,0.0,0.0,0.0,0.0,0.0,0.09114927344782034,0.09396382522571489,0.09114927344782034
f1-score,0.09216589861751152,0.1986754966887417,0.10833333333333334,0.14159292035398233,0.0,0.0,0.0,0.0,0.0,0.0,0.09114927344782034,0.05407676489935689,0.05338217222215071
support,57.0,72.0,84.0,83.0,62.0,80.0,73.0,87.0,83.0,76.0,0.09114927344782034,757.0,757.0
