,1,2,3,4,5,6,7,8,9,10,accuracy,macro avg,weighted avg
precision,0.029411764705882353,0.2777777777777778,0.1590909090909091,0.1875,0.16666666666666666,0.15151515151515152,0.14545454545454545,0.0,0.08333333333333333,0.05238095238095238,0.09707446808510638,0.12531311009252186,0.12939736460348164
recall,0.00980392156862745,0.11904761904761904,0.0945945945945946,0.12162162162162163,0.07142857142857142,0.04807692307692308,0.1095890410958904,0.0,0.2786885245901639,0.2619047619047619,0.09707446808510638,0.11147555789287736,0.09707446808510638
f1-score,0.014705882352941176,0.16666666666666663,0.11864406779661017,0.1475409836065574,0.1,0.07299270072992702,0.125,0.0,0.12830188679245283,0.08730158730158731,0.09707446808510638,0.09611537752467425,0.09362635164993763
support,102.0,84.0,74.0,74.0,70.0,104.0,73.0,68.0,61.0,42.0,0.09707446808510638,752.0,752.0
