,1,2,3,4,5,6,7,8,9,10,accuracy,macro avg,weighted avg
precision,0.08450704225352113,0.10826210826210826,0.10135135135135136,0.022058823529411766,0.05755395683453238,0.0,0.0,0.0,0.0,0.0,0.08296943231441048,0.037373328223092486,0.033756821124227156
recall,0.14814814814814814,0.4222222222222222,0.17045454545454544,0.04411764705882353,0.11764705882352941,0.0,0.0,0.0,0.0,0.0,0.08296943231441048,0.09025896217072689,0.08296943231441048
f1-score,0.10762331838565022,0.17233560090702948,0.1271186440677966,0.029411764705882356,0.07729468599033816,0.0,0.0,0.0,0.0,0.0,0.08296943231441048,0.05137840140566968,0.04658315741940984
support,81.0,90.0,88.0,68.0,68.0,71.0,104.0,109.0,119.0,118.0,0.08296943231441048,916.0,916.0
