,1,2,3,4,5,6,7,8,9,10,accuracy,macro avg,weighted avg
precision,0.11358024691358025,0.14285714285714285,0.08823529411764706,0.09090909090909091,0.1791044776119403,0.0,0.0,0.0,0.0,0.0,0.1168122270742358,0.061468625240940135,0.05260127881978813
recall,0.5679012345679012,0.2777777777777778,0.17045454545454544,0.1323529411764706,0.17647058823529413,0.0,0.0,0.0,0.0,0.0,0.1168122270742358,0.13249570872119892,0.1168122270742358
f1-score,0.18930041152263374,0.18867924528301885,0.11627906976744186,0.10778443113772455,0.17777777777777778,0.0,0.0,0.0,0.0,0.0,0.1168122270742358,0.07798209354885968,0.06764765693732977
support,81.0,90.0,88.0,68.0,68.0,71.0,104.0,109.0,119.0,118.0,0.1168122270742358,916.0,916.0
