,1,2,3,4,5,6,7,8,9,10,accuracy,macro avg,weighted avg
precision,0.2222222222222222,0.21428571428571427,0.1347517730496454,0.07834101382488479,0.08771929824561403,0.0,0.08974358974358974,0.17391304347826086,0.10294117647058823,0.171875,0.11790393013100436,0.12757928313205197,0.13237672118705324
recall,0.04938271604938271,0.03333333333333333,0.2159090909090909,0.25,0.07352941176470588,0.0,0.0673076923076923,0.22018348623853212,0.058823529411764705,0.1864406779661017,0.11790393013100436,0.11549099379806035,0.11790393013100436
f1-score,0.0808080808080808,0.057692307692307696,0.16593886462882096,0.11929824561403508,0.07999999999999999,0.0,0.07692307692307691,0.194331983805668,0.07486631016042782,0.17886178861788615,0.11790393013100436,0.10287206582503035,0.10817645330531894
support,81.0,90.0,88.0,68.0,68.0,71.0,104.0,109.0,119.0,118.0,0.11790393013100436,916.0,916.0
