,1,2,3,4,5,6,7,8,9,10,accuracy,macro avg,weighted avg
precision,0.1016949152542373,0.15086206896551724,0.07575757575757576,0.04040404040404041,0.05084745762711865,0.0,0.0,0.0,0.0,0.0,0.08406113537117904,0.04195660580084894,0.03786751405597735
recall,0.14814814814814814,0.3888888888888889,0.11363636363636363,0.11764705882352941,0.17647058823529413,0.0,0.0,0.0,0.0,0.0,0.08406113537117904,0.09447910477322241,0.08406113537117904
f1-score,0.12060301507537688,0.21739130434782608,0.09090909090909091,0.06015037593984963,0.07894736842105263,0.0,0.0,0.0,0.0,0.0,0.08406113537117904,0.05680011546931961,0.051083742608025354
support,81.0,90.0,88.0,68.0,68.0,71.0,104.0,109.0,119.0,118.0,0.08406113537117904,916.0,916.0
