,1,2,3,4,5,6,7,8,9,10,accuracy,macro avg,weighted avg
precision,0.06666666666666667,0.1388888888888889,0.12,0.1,0.08835341365461848,0.0,0.0,0.0,0.0,0.0,0.1023936170212766,0.05139089692101741,0.05443006066820474
recall,0.049019607843137254,0.17857142857142858,0.24324324324324326,0.22972972972972974,0.3142857142857143,0.0,0.0,0.0,0.0,0.0,0.1023936170212766,0.10148497236732532,0.1023936170212766
f1-score,0.05649717514124294,0.15625000000000003,0.1607142857142857,0.13934426229508196,0.13793103448275862,0.0,0.0,0.0,0.0,0.0,0.1023936170212766,0.06507367576333693,0.06748300110491103
support,102.0,84.0,74.0,74.0,70.0,104.0,73.0,68.0,61.0,42.0,0.1023936170212766,752.0,752.0
