,1,2,3,4,5,6,7,8,9,10,accuracy,macro avg,weighted avg
precision,0.11235955056179775,0.11956521739130435,0.08074534161490683,0.08823529411764706,0.1,0.0,0.0,0.0,0.0,0.0,0.10152838427947598,0.0500905403685656,0.04341439216466683
recall,0.37037037037037035,0.24444444444444444,0.14772727272727273,0.2647058823529412,0.14705882352941177,0.0,0.0,0.0,0.0,0.0,0.10152838427947598,0.11743067934244404,0.10152838427947598
f1-score,0.1724137931034483,0.16058394160583941,0.10441767068273092,0.1323529411764706,0.11904761904761905,0.0,0.0,0.0,0.0,0.0,0.10152838427947598,0.06888159656161083,0.05971841168255816
support,81.0,90.0,88.0,68.0,68.0,71.0,104.0,109.0,119.0,118.0,0.10152838427947598,916.0,916.0
