,1,2,3,4,5,6,7,8,9,10,accuracy,macro avg,weighted avg
precision,0.08695652173913043,0.1254355400696864,0.10569105691056911,0.031413612565445025,0.06779661016949153,0.0,0.0,0.0,0.0,0.0,0.08624454148471616,0.04172933414543224,0.03753251639874138
recall,0.14814814814814814,0.4,0.14772727272727273,0.08823529411764706,0.17647058823529413,0.0,0.0,0.0,0.0,0.0,0.08624454148471616,0.09605813032283621,0.08624454148471616
f1-score,0.1095890410958904,0.19098143236074272,0.12322274881516589,0.04633204633204633,0.09795918367346938,0.0,0.0,0.0,0.0,0.0,0.08624454148471616,0.05680844522773147,0.05100485456041881
support,81.0,90.0,88.0,68.0,68.0,71.0,104.0,109.0,119.0,118.0,0.08624454148471616,916.0,916.0
