,1,2,3,4,5,6,7,8,9,10,accuracy,macro avg,weighted avg
precision,0.0830945558739255,0.10294117647058823,0.0,0.0,0.0,0.0,0.0,0.0,0.0,0.0,0.09379128137384413,0.018603573234451373,0.016047760093389835
recall,0.5087719298245614,0.5833333333333334,0.0,0.0,0.0,0.0,0.0,0.0,0.0,0.0,0.09379128137384413,0.10921052631578947,0.09379128137384413
f1-score,0.14285714285714285,0.17500000000000002,0.0,0.0,0.0,0.0,0.0,0.0,0.0,0.0,0.09379128137384413,0.031785714285714285,0.027401396489903758
support,57.0,72.0,84.0,83.0,62.0,80.0,73.0,87.0,83.0,76.0,0.09379128137384413,757.0,757.0
