,1,2,3,4,5,6,7,8,9,10,accuracy,macro avg,weighted avg
precision,0.11475409836065574,0.1518987341772152,0.08411214953271028,0.1103448275862069,0.06354515050167224,0.0,0.0,0.0,0.0,0.0,0.09308510638297872,0.05246549601584603,0.05758296349147592
recall,0.13725490196078433,0.14285714285714285,0.12162162162162163,0.21621621621621623,0.2714285714285714,0.0,0.0,0.0,0.0,0.0,0.09308510638297872,0.08893784540843364,0.09308510638297872
f1-score,0.125,0.147239263803681,0.0994475138121547,0.1461187214611872,0.10298102981029811,0.0,0.0,0.0,0.0,0.0,0.09308510638297872,0.0620786528887321,0.06715248890486353
support,102.0,84.0,74.0,74.0,70.0,104.0,73.0,68.0,61.0,42.0,0.09308510638297872,752.0,752.0
