,1,2,3,4,5,6,7,8,9,10,accuracy,macro avg,weighted avg
precision,0.04672897196261682,0.09836065573770492,0.08717948717948718,0.02654867256637168,0.13513513513513514,0.0,0.0,0.0,0.0,0.0,0.07926023778071334,0.03939529225813158,0.03652643822912558
recall,0.08771929824561403,0.4166666666666667,0.20238095238095238,0.03614457831325301,0.08064516129032258,0.0,0.0,0.0,0.0,0.0,0.07926023778071334,0.08235566568968088,0.07926023778071334
f1-score,0.06097560975609756,0.15915119363395228,0.12186379928315413,0.030612244897959186,0.10101010101010102,0.0,0.0,0.0,0.0,0.0,0.07926023778071334,0.047361294858126415,0.04488044574198672
support,57.0,72.0,84.0,83.0,62.0,80.0,73.0,87.0,83.0,76.0,0.07926023778071334,757.0,757.0
