,1,2,3,4,5,6,7,8,9,10,accuracy,macro avg,weighted avg
precision,0.03896103896103896,0.12578616352201258,0.0625,0.07751937984496124,0.0639269406392694,0.0,0.0,0.0,0.0,0.0,0.07397622192866579,0.03686935229672822,0.035567981296077425
recall,0.10526315789473684,0.2777777777777778,0.07142857142857142,0.12048192771084337,0.22580645161290322,0.0,0.0,0.0,0.0,0.0,0.07397622192866579,0.08007578864248327,0.07397622192866579
f1-score,0.05687203791469194,0.17316017316017318,0.06666666666666667,0.09433962264150943,0.09964412811387899,0.0,0.0,0.0,0.0,0.0,0.07397622192866579,0.049068262849692026,0.04665437681766934
support,57.0,72.0,84.0,83.0,62.0,80.0,73.0,87.0,83.0,76.0,0.07397622192866579,757.0,757.0
