,1,2,3,4,5,6,7,8,9,10,accuracy,macro avg,weighted avg
precision,0.0594059405940594,0.09333333333333334,0.11029411764705882,0.041353383458646614,0.034220532319391636,0.0,0.0,0.0,0.0,0.0,0.060043668122270744,0.033860730735248985,0.030629683203020296
recall,0.07407407407407407,0.15555555555555556,0.17045454545454544,0.16176470588235295,0.1323529411764706,0.0,0.0,0.0,0.0,0.0,0.060043668122270744,0.06942018221429987,0.060043668122270744
f1-score,0.06593406593406594,0.11666666666666667,0.13392857142857142,0.0658682634730539,0.05438066465256798,0.0,0.0,0.0,0.0,0.0,0.060043668122270744,0.04367782321549259,0.03908657285907851
support,81.0,90.0,88.0,68.0,68.0,71.0,104.0,109.0,119.0,118.0,0.060043668122270744,916.0,916.0
