,1,2,3,4,5,6,7,8,9,10,accuracy,macro avg,weighted avg
precision,0.12385321100917432,0.1310344827586207,0.06779661016949153,0.08080808080808081,0.09734513274336283,0.0,0.0,0.0,0.0,0.0,0.1023936170212766,0.050083751748873015,0.05512078523807935
recall,0.2647058823529412,0.2261904761904762,0.16216216216216217,0.10810810810810811,0.15714285714285714,0.0,0.0,0.0,0.0,0.0,0.1023936170212766,0.09183094859565448,0.1023936170212766
f1-score,0.16875,0.165938864628821,0.0956175298804781,0.09248554913294797,0.12021857923497269,0.0,0.0,0.0,0.0,0.0,0.1023936170212766,0.06430105228772197,0.07112538965726407
support,102.0,84.0,74.0,74.0,70.0,104.0,73.0,68.0,61.0,42.0,0.1023936170212766,752.0,752.0
