,1,2,3,4,5,6,7,8,9,10,accuracy,macro avg,weighted avg
precision,0.08982035928143713,0.09965635738831616,0.0,0.0,0.0,0.0,0.0,0.0,0.0,0.0,0.09606986899563319,0.01894767166697533,0.01773419352264723
recall,0.37037037037037035,0.6444444444444445,0.0,0.0,0.0,0.0,0.0,0.0,0.0,0.0,0.09606986899563319,0.10148148148148148,0.09606986899563319
f1-score,0.14457831325301204,0.17261904761904762,0.0,0.0,0.0,0.0,0.0,0.0,0.0,0.0,0.09606986899563319,0.03171973608720596,0.02974515028297845
support,81.0,90.0,88.0,68.0,68.0,71.0,104.0,109.0,119.0,118.0,0.09606986899563319,916.0,916.0
