,1,2,3,4,5,6,7,8,9,10,accuracy,macro avg,weighted avg
precision,0.0955223880597015,0.09592326139088729,0.0,0.0,0.0,0.0,0.0,0.0,0.0,0.0,0.09574468085106383,0.019144564945058878,0.02367132651452671
recall,0.3137254901960784,0.47619047619047616,0.0,0.0,0.0,0.0,0.0,0.0,0.0,0.0,0.09574468085106383,0.07899159663865546,0.09574468085106383
f1-score,0.14645308924485126,0.1596806387225549,0.0,0.0,0.0,0.0,0.0,0.0,0.0,0.0,0.09574468085106383,0.03061337279674061,0.03770131483466681
support,102.0,84.0,74.0,74.0,70.0,104.0,73.0,68.0,61.0,42.0,0.09574468085106383,752.0,752.0
