,1,2,3,4,5,6,7,8,9,10,accuracy,macro avg,weighted avg
precision,0.13073394495412843,0.11392405063291139,0.0,0.0,0.0,0.0,0.0,0.0,0.0,0.0,0.12367021276595745,0.024465799558703982,0.030458088615007522
recall,0.5588235294117647,0.42857142857142855,0.0,0.0,0.0,0.0,0.0,0.0,0.0,0.0,0.12367021276595745,0.09873949579831934,0.12367021276595745
f1-score,0.21189591078066913,0.18,0.0,0.0,0.0,0.0,0.0,0.0,0.0,0.0,0.12367021276595745,0.03918959107806691,0.04884758364312268
support,102.0,84.0,74.0,74.0,70.0,104.0,73.0,68.0,61.0,42.0,0.12367021276595745,752.0,752.0
