,1,2,3,4,5,6,7,8,9,10,accuracy,macro avg,weighted avg
precision,0.07692307692307693,0.1310344827586207,0.034482758620689655,0.1116751269035533,0.06607929515418502,0.0,0.0,0.0,0.0,0.0,0.08982826948480846,0.04201947403601257,0.0397379150593506
recall,0.17543859649122806,0.2638888888888889,0.023809523809523808,0.26506024096385544,0.24193548387096775,0.0,0.0,0.0,0.0,0.0,0.08982826948480846,0.09701327340244639,0.08982826948480846
f1-score,0.10695187165775402,0.17511520737327194,0.028169014084507043,0.15714285714285714,0.10380622837370242,0.0,0.0,0.0,0.0,0.0,0.08982826948480846,0.05711851786320926,0.053566171863266634
support,57.0,72.0,84.0,83.0,62.0,80.0,73.0,87.0,83.0,76.0,0.08982826948480846,757.0,757.0
