,1,2,3,4,5,6,7,8,9,10,accuracy,macro avg,weighted avg
precision,0.09141274238227147,0.0936936936936937,0.0,0.0,0.0,0.0,0.0,0.0,0.0,0.0,0.0927947598253275,0.018510643607596515,0.01728915345567295
recall,0.4074074074074074,0.5777777777777777,0.0,0.0,0.0,0.0,0.0,0.0,0.0,0.0,0.0927947598253275,0.09851851851851852,0.0927947598253275
f1-score,0.1493212669683258,0.16124031007751938,0.0,0.0,0.0,0.0,0.0,0.0,0.0,0.0,0.0927947598253275,0.03105615770458452,0.029046561715514337
support,81.0,90.0,88.0,68.0,68.0,71.0,104.0,109.0,119.0,118.0,0.0927947598253275,916.0,916.0
