,1,2,3,4,5,6,7,8,9,10,accuracy,macro avg,weighted avg
precision,0.11212814645308924,0.1022964509394572,0.0,0.0,0.0,0.0,0.0,0.0,0.0,0.0,0.10698689956331878,0.021442459739254644,0.019966223195689276
recall,0.6049382716049383,0.5444444444444444,0.0,0.0,0.0,0.0,0.0,0.0,0.0,0.0,0.10698689956331878,0.11493827160493826,0.10698689956331878
f1-score,0.1891891891891892,0.17223198594024605,0.0,0.0,0.0,0.0,0.0,0.0,0.0,0.0,0.10698689956331878,0.03614211751294353,0.033651968404963394
support,81.0,90.0,88.0,68.0,68.0,71.0,104.0,109.0,119.0,118.0,0.10698689956331878,916.0,916.0
