,1,2,3,4,5,6,7,8,9,10,accuracy,macro avg,weighted avg
precision,0.15053763440860216,0.12844036697247707,0.08940397350993377,0.14864864864864866,0.09195402298850575,0.0,0.0,0.0,0.0,0.0,0.10904255319148937,0.06089846465281673,0.06675067178762766
recall,0.13725490196078433,0.16666666666666666,0.36486486486486486,0.14864864864864866,0.22857142857142856,0.0,0.0,0.0,0.0,0.0,0.10904255319148937,0.10460065107123931,0.10904255319148937
f1-score,0.14358974358974358,0.1450777202072539,0.14361702127659573,0.14864864864864866,0.13114754098360656,0.0,0.0,0.0,0.0,0.0,0.10904255319148937,0.07120806747058485,0.07664982684426026
support,102.0,84.0,74.0,74.0,70.0,104.0,73.0,68.0,61.0,42.0,0.10904255319148937,752.0,752.0
