,1,2,3,4,5,6,7,8,9,10,accuracy,macro avg,weighted avg
precision,0.08018867924528301,0.09552845528455285,0.0,0.0,0.0,0.0,0.0,0.0,0.0,0.0,0.08842794759825327,0.017571713452983587,0.01647690392410227
recall,0.41975308641975306,0.5222222222222223,0.0,0.0,0.0,0.0,0.0,0.0,0.0,0.0,0.08842794759825327,0.09419753086419753,0.08842794759825327
f1-score,0.13465346534653463,0.16151202749140892,0.0,0.0,0.0,0.0,0.0,0.0,0.0,0.0,0.08842794759825327,0.02961654928379436,0.027776215248139856
support,81.0,90.0,88.0,68.0,68.0,71.0,104.0,109.0,119.0,118.0,0.08842794759825327,916.0,916.0
