,1,2,3,4,5,6,7,8,9,10,accuracy,macro avg,weighted avg
precision,0.12857142857142856,0.13043478260869565,0.07857142857142857,0.0979020979020979,0.07983193277310924,0.0,0.0,0.0,0.0,0.0,0.09840425531914894,0.051531167042676,0.056805962375764296
recall,0.08823529411764706,0.25,0.14864864864864866,0.1891891891891892,0.2714285714285714,0.0,0.0,0.0,0.0,0.0,0.09840425531914894,0.09475017033840563,0.09840425531914894
f1-score,0.10465116279069767,0.1714285714285714,0.102803738317757,0.12903225806451613,0.12337662337662338,0.0,0.0,0.0,0.0,0.0,0.09840425531914894,0.06312923539781656,0.06764181645386039
support,102.0,84.0,74.0,74.0,70.0,104.0,73.0,68.0,61.0,42.0,0.09840425531914894,752.0,752.0
