,1,2,3,4,5,6,7,8,9,10,accuracy,macro avg,weighted avg
precision,0.06976744186046512,0.08958837772397095,0.0,0.0,0.0,0.0,0.0,0.0,0.0,0.0,0.08058124174372523,0.015935581958443606,0.013774250174600289
recall,0.42105263157894735,0.5138888888888888,0.0,0.0,0.0,0.0,0.0,0.0,0.0,0.0,0.08058124174372523,0.09349415204678362,0.08058124174372523
f1-score,0.11970074812967581,0.15257731958762888,0.0,0.0,0.0,0.0,0.0,0.0,0.0,0.0,0.08058124174372523,0.027227806771730468,0.02352511182787424
support,57.0,72.0,84.0,83.0,62.0,80.0,73.0,87.0,83.0,76.0,0.08058124174372523,757.0,757.0
