,1,2,3,4,5,6,7,8,9,10,accuracy,macro avg,weighted avg
precision,0.06702412868632708,0.09114583333333333,0.0,0.0,0.0,0.0,0.0,0.0,0.0,0.0,0.07926023778071334,0.01581699620196604,0.013715819465152766
recall,0.43859649122807015,0.4861111111111111,0.0,0.0,0.0,0.0,0.0,0.0,0.0,0.0,0.07926023778071334,0.09247076023391812,0.07926023778071334
f1-score,0.11627906976744187,0.15350877192982457,0.0,0.0,0.0,0.0,0.0,0.0,0.0,0.0,0.07926023778071334,0.026978784169726645,0.023356061500253045
support,57.0,72.0,84.0,83.0,62.0,80.0,73.0,87.0,83.0,76.0,0.07926023778071334,757.0,757.0
