,1,2,3,4,5,6,7,8,9,10,accuracy,macro avg,weighted avg
precision,0.1180327868852459,0.12546125461254612,0.05439330543933055,0.05970149253731343,0.11764705882352941,0.0,0.0,0.0,0.0,0.0,0.09934497816593886,0.04752358982979654,0.04115554696946776
recall,0.4444444444444444,0.37777777777777777,0.14772727272727273,0.058823529411764705,0.058823529411764705,0.0,0.0,0.0,0.0,0.0,0.09934497816593886,0.10875965537730244,0.09934497816593886
f1-score,0.18652849740932645,0.1883656509695291,0.07951070336391437,0.05925925925925926,0.07843137254901962,0.0,0.0,0.0,0.0,0.0,0.09934497816593886,0.05920954835510489,0.05286203246331931
support,81.0,90.0,88.0,68.0,68.0,71.0,104.0,109.0,119.0,118.0,0.09934497816593886,916.0,916.0
