,1,2,3,4,5,6,7,8,9,10,accuracy,macro avg,weighted avg
precision,0.08723404255319149,0.10538116591928251,0.0,0.0,0.0,0.0,0.0,0.0,0.0,0.0,0.09606986899563319,0.019261520847247398,0.018067972030069802
recall,0.5061728395061729,0.5222222222222223,0.0,0.0,0.0,0.0,0.0,0.0,0.0,0.0,0.09606986899563319,0.1028395061728395,0.09606986899563319
f1-score,0.1488203266787659,0.17537313432835822,0.0,0.0,0.0,0.0,0.0,0.0,0.0,0.0,0.09606986899563319,0.03241934610071241,0.030390860863026507
support,81.0,90.0,88.0,68.0,68.0,71.0,104.0,109.0,119.0,118.0,0.09606986899563319,916.0,916.0
