,1,2,3,4,5,6,7,8,9,10,accuracy,macro avg,weighted avg
precision,0.19101123595505617,0.1484375,0.11827956989247312,0.1111111111111111,0.087248322147651,0.0,0.0,0.0,0.0,0.0,0.11835106382978723,0.06560877391062914,0.07318376198406455
recall,0.16666666666666666,0.2261904761904762,0.14864864864864866,0.21621621621621623,0.37142857142857144,0.0,0.0,0.0,0.0,0.0,0.11835106382978723,0.11291505791505792,0.11835106382978723
f1-score,0.17801047120418845,0.17924528301886794,0.1317365269461078,0.14678899082568808,0.14130434782608695,0.0,0.0,0.0,0.0,0.0,0.11835106382978723,0.07770856198209393,0.08472854321722223
support,102.0,84.0,74.0,74.0,70.0,104.0,73.0,68.0,61.0,42.0,0.11835106382978723,752.0,752.0
