,1,2,3,4,5,6,7,8,9,10,accuracy,macro avg,weighted avg
precision,0.1716171617161716,0.10022271714922049,0.0,0.0,0.0,0.0,0.0,0.0,0.0,0.0,0.12898936170212766,0.027183987886539206,0.03447295044625535
recall,0.5098039215686274,0.5357142857142857,0.0,0.0,0.0,0.0,0.0,0.0,0.0,0.0,0.12898936170212766,0.1045518207282913,0.12898936170212766
f1-score,0.2567901234567901,0.16885553470919323,0.0,0.0,0.0,0.0,0.0,0.0,0.0,0.0,0.12898936170212766,0.04256456581659833,0.05369209775021917
support,102.0,84.0,74.0,74.0,70.0,104.0,73.0,68.0,61.0,42.0,0.12898936170212766,752.0,752.0
