,1,2,3,4,5,6,7,8,9,10,accuracy,macro avg,weighted avg
precision,0.0457516339869281,0.0990990990990991,0.09826589595375723,0.07482993197278912,0.12903225806451613,0.0,0.0,0.0,0.0,0.0,0.08586525759577279,0.04469788190770897,0.04254715704920362
recall,0.12280701754385964,0.3055555555555556,0.20238095238095238,0.13253012048192772,0.12903225806451613,0.0,0.0,0.0,0.0,0.0,0.08586525759577279,0.08923059040268114,0.08586525759577279
f1-score,0.06666666666666665,0.14965986394557823,0.13229571984435798,0.09565217391304348,0.12903225806451613,0.0,0.0,0.0,0.0,0.0,0.08586525759577279,0.05733066824341625,0.054990067510951535
support,57.0,72.0,84.0,83.0,62.0,80.0,73.0,87.0,83.0,76.0,0.08586525759577279,757.0,757.0
