,1,2,3,4,5,6,7,8,9,10,accuracy,macro avg,weighted avg
precision,0.1,0.08680555555555555,0.0,0.0,0.0,0.0,0.0,0.0,0.0,0.0,0.09170305676855896,0.018680555555555554,0.017371724890829693
recall,0.41975308641975306,0.5555555555555556,0.0,0.0,0.0,0.0,0.0,0.0,0.0,0.0,0.09170305676855896,0.09753086419753086,0.09170305676855896
f1-score,0.16152019002375298,0.15015015015015012,0.0,0.0,0.0,0.0,0.0,0.0,0.0,0.0,0.09170305676855896,0.03116703401739031,0.029035642909866266
support,81.0,90.0,88.0,68.0,68.0,71.0,104.0,109.0,119.0,118.0,0.09170305676855896,916.0,916.0
