,1,2,3,4,5,6,7,8,9,10,accuracy,macro avg,weighted avg
precision,0.14102564102564102,0.14942528735632185,0.05925925925925926,0.09333333333333334,0.07142857142857142,0.0,0.0,0.0,0.0,0.0,0.11835106382978723,0.05144720924031269,0.05748429704042323
recall,0.43137254901960786,0.30952380952380953,0.10810810810810811,0.0945945945945946,0.05714285714285714,0.0,0.0,0.0,0.0,0.0,0.11835106382978723,0.10007419183889772,0.11835106382978723
f1-score,0.21256038647342998,0.20155038759689922,0.07655502392344497,0.09395973154362415,0.06349206349206349,0.0,0.0,0.0,0.0,0.0,0.11835106382978723,0.06481175930294618,0.07403447915882573
support,102.0,84.0,74.0,74.0,70.0,104.0,73.0,68.0,61.0,42.0,0.11835106382978723,752.0,752.0
