,1,2,3,4,5,6,7,8,9,10,accuracy,macro avg,weighted avg
precision,0.1260053619302949,0.12137203166226913,0.0,0.0,0.0,0.0,0.0,0.0,0.0,0.0,0.12367021276595745,0.024737739359256404,0.030648666990054103
recall,0.46078431372549017,0.5476190476190477,0.0,0.0,0.0,0.0,0.0,0.0,0.0,0.0,0.12367021276595745,0.10084033613445378,0.12367021276595745
f1-score,0.19789473684210526,0.19870410367170624,0.0,0.0,0.0,0.0,0.0,0.0,0.0,0.0,0.12367021276595745,0.03965988405138115,0.049037776417976145
support,102.0,84.0,74.0,74.0,70.0,104.0,73.0,68.0,61.0,42.0,0.12367021276595745,752.0,752.0
