,1,2,3,4,5,6,7,8,9,10,accuracy,macro avg,weighted avg
precision,0.10736196319018405,0.10328638497652583,0.0,0.0,0.0,0.0,0.0,0.0,0.0,0.0,0.10505319148936171,0.02106483481667099,0.02609970290349328
recall,0.3431372549019608,0.5238095238095238,0.0,0.0,0.0,0.0,0.0,0.0,0.0,0.0,0.10505319148936171,0.08669467787114846,0.10505319148936171
f1-score,0.1635514018691589,0.17254901960784313,0.0,0.0,0.0,0.0,0.0,0.0,0.0,0.0,0.10505319148936171,0.033610042147700206,0.04145792637993754
support,102.0,84.0,74.0,74.0,70.0,104.0,73.0,68.0,61.0,42.0,0.10505319148936171,752.0,752.0
