,1,2,3,4,5,6,7,8,9,10,accuracy,macro avg,weighted avg
precision,0.044444444444444446,0.13942307692307693,0.11,0.17054263565891473,0.09259259259259259,0.0,0.0,0.0,0.0,0.0,0.11835106382978723,0.05570027496190287,0.05782780361052257
recall,0.0196078431372549,0.34523809523809523,0.14864864864864866,0.2972972972972973,0.35714285714285715,0.0,0.0,0.0,0.0,0.0,0.11835106382978723,0.11679347414641532,0.11835106382978723
f1-score,0.0272108843537415,0.1986301369863014,0.1264367816091954,0.2167487684729064,0.14705882352941174,0.0,0.0,0.0,0.0,0.0,0.11835106382978723,0.07160853949515564,0.07333815168093791
support,102.0,84.0,74.0,74.0,70.0,104.0,73.0,68.0,61.0,42.0,0.11835106382978723,752.0,752.0
