,1,2,3,4,5,6,7,8,9,10,accuracy,macro avg,weighted avg
precision,0.0935672514619883,0.12244897959183673,0.07947019867549669,0.125,0.08290155440414508,0.0,0.0,0.0,0.0,0.0,0.0977542932628798,0.05033879841334667,0.04800535393097001
recall,0.2807017543859649,0.16666666666666666,0.14285714285714285,0.21686746987951808,0.25806451612903225,0.0,0.0,0.0,0.0,0.0,0.0977542932628798,0.10651575499183248,0.0977542932628798
f1-score,0.14035087719298245,0.1411764705882353,0.10212765957446808,0.15859030837004404,0.12549019607843137,0.0,0.0,0.0,0.0,0.0,0.0977542932628798,0.06677355118041613,0.0629944742908648
support,57.0,72.0,84.0,83.0,62.0,80.0,73.0,87.0,83.0,76.0,0.0977542932628798,757.0,757.0
