,1,2,3,4,5,6,7,8,9,10,accuracy,macro avg,weighted avg
precision,0.06997084548104957,0.06521739130434782,0.0,0.0,0.0,0.0,0.0,0.0,0.0,0.0,0.06737120211360634,0.013518823678539738,0.011471585688682784
recall,0.42105263157894735,0.375,0.0,0.0,0.0,0.0,0.0,0.0,0.0,0.0,0.06737120211360634,0.07960526315789473,0.06737120211360634
f1-score,0.12,0.11111111111111109,0.0,0.0,0.0,0.0,0.0,0.0,0.0,0.0,0.06737120211360634,0.02311111111111111,0.019603698811096432
support,57.0,72.0,84.0,83.0,62.0,80.0,73.0,87.0,83.0,76.0,0.06737120211360634,757.0,757.0
