,1,2,3,4,5,6,7,8,9,10,accuracy,macro avg,weighted avg
precision,0.09606986899563319,0.09170305676855896,0.0,0.0,0.0,0.0,0.0,0.0,0.0,0.0,0.09388646288209607,0.018777292576419212,0.017505387006349994
recall,0.5432098765432098,0.4666666666666667,0.0,0.0,0.0,0.0,0.0,0.0,0.0,0.0,0.09388646288209607,0.10098765432098764,0.09388646288209607
f1-score,0.163265306122449,0.15328467153284672,0.0,0.0,0.0,0.0,0.0,0.0,0.0,0.0,0.09388646288209607,0.03165499776552957,0.029497936936544292
support,81.0,90.0,88.0,68.0,68.0,71.0,104.0,109.0,119.0,118.0,0.09388646288209607,916.0,916.0
