,1,2,3,4,5,6,7,8,9,10,accuracy,macro avg,weighted avg
precision,0.06862745098039216,0.1,0.0851063829787234,0.08426966292134831,0.2222222222222222,0.0,0.0,0.0,0.0,0.0,0.09379128137384413,0.056022571910268604,0.05156256364114241
recall,0.12280701754385964,0.20833333333333334,0.2857142857142857,0.18072289156626506,0.16129032258064516,0.0,0.0,0.0,0.0,0.0,0.09379128137384413,0.09588678507383888,0.09379128137384413
f1-score,0.08805031446540881,0.13513513513513514,0.13114754098360654,0.11494252873563217,0.1869158878504673,0.0,0.0,0.0,0.0,0.0,0.09379128137384413,0.06561914071702499,0.06194716780537308
support,57.0,72.0,84.0,83.0,62.0,80.0,73.0,87.0,83.0,76.0,0.09379128137384413,757.0,757.0
