,1,2,3,4,5,6,7,8,9,10,accuracy,macro avg,weighted avg
precision,0.09792284866468842,0.08571428571428572,0.0,0.0,0.0,0.0,0.0,0.0,0.0,0.0,0.09114927344782034,0.018363713437897413,0.015525800456163556
recall,0.5789473684210527,0.5,0.0,0.0,0.0,0.0,0.0,0.0,0.0,0.0,0.09114927344782034,0.10789473684210527,0.09114927344782034
f1-score,0.16751269035532995,0.14634146341463414,0.0,0.0,0.0,0.0,0.0,0.0,0.0,0.0,0.09114927344782034,0.031385415376996406,0.02653211191031369
support,57.0,72.0,84.0,83.0,62.0,80.0,73.0,87.0,83.0,76.0,0.09114927344782034,757.0,757.0
