,1,2,3,4,5,6,7,8,9,10,accuracy,macro avg,weighted avg
precision,0.07657657657657657,0.14675767918088736,0.07920792079207921,0.09259259259259259,0.12121212121212122,0.0,0.0,0.0,0.0,0.0,0.1083223249669749,0.051634689035425695,0.048593421152919564
recall,0.2982456140350877,0.5972222222222222,0.09523809523809523,0.12048192771084337,0.06451612903225806,0.0,0.0,0.0,0.0,0.0,0.1083223249669749,0.11757039882385065,0.1083223249669749
f1-score,0.1218637992831541,0.2356164383561644,0.08648648648648648,0.10471204188481675,0.08421052631578947,0.0,0.0,0.0,0.0,0.0,0.1083223249669749,0.06328892923264112,0.05956094728357625
support,57.0,72.0,84.0,83.0,62.0,80.0,73.0,87.0,83.0,76.0,0.1083223249669749,757.0,757.0
