,1,2,3,4,5,6,7,8,9,10,accuracy,macro avg,weighted avg
precision,0.12195121951219512,0.12010443864229765,0.0,0.0,0.0,0.0,0.0,0.0,0.0,0.0,0.12101063829787234,0.024205565815449276,0.029957177175793756
recall,0.4411764705882353,0.5476190476190477,0.0,0.0,0.0,0.0,0.0,0.0,0.0,0.0,0.12101063829787234,0.0988795518207283,0.12101063829787234
f1-score,0.1910828025477707,0.19700214132762314,0.0,0.0,0.0,0.0,0.0,0.0,0.0,0.0,0.12101063829787234,0.03880849438753938,0.047923704430043824
support,102.0,84.0,74.0,74.0,70.0,104.0,73.0,68.0,61.0,42.0,0.12101063829787234,752.0,752.0
