,1,2,3,4,5,6,7,8,9,10,accuracy,macro avg,weighted avg
precision,0.10857142857142857,0.11691542288557213,0.0,0.0,0.0,0.0,0.0,0.0,0.0,0.0,0.11303191489361702,0.02254868514570007,0.027786145261534275
recall,0.37254901960784315,0.5595238095238095,0.0,0.0,0.0,0.0,0.0,0.0,0.0,0.0,0.11303191489361702,0.09320728291316527,0.11303191489361702
f1-score,0.168141592920354,0.19341563786008228,0.0,0.0,0.0,0.0,0.0,0.0,0.0,0.0,0.11303191489361702,0.03615572307804363,0.04441137773686572
support,102.0,84.0,74.0,74.0,70.0,104.0,73.0,68.0,61.0,42.0,0.11303191489361702,752.0,752.0
