,1,2,3,4,5,6,7,8,9,10,accuracy,macro avg,weighted avg
precision,0.09191176470588236,0.11891891891891893,0.11386138613861387,0.02564102564102564,0.21212121212121213,0.0,0.0,0.0,0.0,0.0,0.1091703056768559,0.056245430752565294,0.04840086221824166
recall,0.30864197530864196,0.4888888888888889,0.26136363636363635,0.014705882352941176,0.10294117647058823,0.0,0.0,0.0,0.0,0.0,0.1091703056768559,0.11765415593846966,0.1091703056768559
f1-score,0.141643059490085,0.191304347826087,0.15862068965517243,0.018691588785046728,0.1386138613861386,0.0,0.0,0.0,0.0,0.0,0.1091703056768559,0.06488735471425297,0.058237849808231976
support,81.0,90.0,88.0,68.0,68.0,71.0,104.0,109.0,119.0,118.0,0.1091703056768559,916.0,916.0
