,1,2,3,4,5,6,7,8,9,10,accuracy,macro avg,weighted avg
precision,0.07900677200902935,0.10570824524312897,0.0,0.0,0.0,0.0,0.0,0.0,0.0,0.0,0.0927947598253275,0.018471501725215833,0.017372587996302386
recall,0.43209876543209874,0.5555555555555556,0.0,0.0,0.0,0.0,0.0,0.0,0.0,0.0,0.0927947598253275,0.09876543209876543,0.0927947598253275
f1-score,0.133587786259542,0.17761989342806395,0.0,0.0,0.0,0.0,0.0,0.0,0.0,0.0,0.0927947598253275,0.0311207679687606,0.02926463001697452
support,81.0,90.0,88.0,68.0,68.0,71.0,104.0,109.0,119.0,118.0,0.0927947598253275,916.0,916.0
