,1,2,3,4,5,6,7,8,9,10,accuracy,macro avg,weighted avg
precision,0.13513513513513514,0.14035087719298245,0.17391304347826086,0.14285714285714285,0.02857142857142857,0.22857142857142856,0.09859154929577464,0.1810344827586207,0.11403508771929824,0.10778443113772455,0.13210039630118892,0.13508446067177965,0.1386191008887945
recall,0.17543859649122806,0.1111111111111111,0.09523809523809523,0.07228915662650602,0.016129032258064516,0.1,0.0958904109589041,0.2413793103448276,0.1566265060240964,0.23684210526315788,0.13210039630118892,0.1300944324315991,0.13210039630118892
f1-score,0.15267175572519084,0.12403100775193798,0.12307692307692307,0.09599999999999999,0.02061855670103093,0.1391304347826087,0.09722222222222222,0.20689655172413793,0.1319796954314721,0.14814814814814814,0.13210039630118892,0.12397752955636718,0.12636534435046662
support,57.0,72.0,84.0,83.0,62.0,80.0,73.0,87.0,83.0,76.0,0.13210039630118892,757.0,757.0
