,1,2,3,4,5,6,7,8,9,10,accuracy,macro avg,weighted avg
precision,0.08088235294117647,0.09169054441260745,0.0,0.0,0.0,0.0,0.0,0.0,0.0,0.0,0.08586525759577279,0.017257289735378392,0.014811114022925754
recall,0.5789473684210527,0.4444444444444444,0.0,0.0,0.0,0.0,0.0,0.0,0.0,0.0,0.08586525759577279,0.1023391812865497,0.08586525759577279
f1-score,0.14193548387096774,0.1520190023752969,0.0,0.0,0.0,0.0,0.0,0.0,0.0,0.0,0.08586525759577279,0.029395448624626463,0.02514622292162026
support,57.0,72.0,84.0,83.0,62.0,80.0,73.0,87.0,83.0,76.0,0.08586525759577279,757.0,757.0
