,1,2,3,4,5,6,7,8,9,10,accuracy,macro avg,weighted avg
precision,0.08636363636363636,0.10504201680672269,0.0,0.0,0.0,0.0,0.0,0.0,0.0,0.0,0.09606986899563319,0.019140565317035906,0.01795768128609125
recall,0.4691358024691358,0.5555555555555556,0.0,0.0,0.0,0.0,0.0,0.0,0.0,0.0,0.09606986899563319,0.10246913580246915,0.09606986899563319
f1-score,0.14587332053742805,0.17667844522968199,0.0,0.0,0.0,0.0,0.0,0.0,0.0,0.0,0.09606986899563319,0.032255176576711,0.03025851422947931
support,81.0,90.0,88.0,68.0,68.0,71.0,104.0,109.0,119.0,118.0,0.09606986899563319,916.0,916.0
