,1,2,3,4,5,6,7,8,9,10,accuracy,macro avg,weighted avg
precision,0.0,0.1,0.0,0.15384615384615385,0.08333333333333333,0.0,1.0,0.0,0.0,1.0,0.14,0.23371794871794868,0.2337179487179487
recall,0.0,0.2,0.0,0.4,0.2,0.0,0.2,0.0,0.0,0.4,0.14,0.13999999999999999,0.14
f1-score,0.0,0.13333333333333333,0.0,0.2222222222222222,0.11764705882352941,0.0,0.33333333333333337,0.0,0.0,0.5714285714285715,0.14,0.13779645191409898,0.13779645191409898
support,5.0,5.0,5.0,5.0,5.0,5.0,5.0,5.0,5.0,5.0,0.14,50.0,50.0
