,1,2,3,4,5,6,7,8,9,10,accuracy,macro avg,weighted avg
precision,0.0,0.1,0.0,0.0,0.0,0.0,0.3333333333333333,0.0,0.1111111111111111,0.0,0.08,0.05444444444444445,0.05444444444444445
recall,0.0,0.2,0.0,0.0,0.0,0.0,0.2,0.0,0.4,0.0,0.08,0.08,0.08
f1-score,0.0,0.13333333333333333,0.0,0.0,0.0,0.0,0.25,0.0,0.1739130434782609,0.0,0.08,0.055724637681159414,0.055724637681159414
support,5.0,5.0,5.0,5.0,5.0,5.0,5.0,5.0,5.0,5.0,0.08,50.0,50.0
