,1,2,3,4,5,6,7,8,9,10,accuracy,macro avg,weighted avg
precision,0.15384615384615385,0.0,0.16666666666666666,0.0,0.0,0.0,0.3333333333333333,0.0,0.125,0.0,0.09803921568627451,0.07788461538461537,0.07635746606334841
recall,0.4,0.0,0.2,0.0,0.0,0.0,0.2,0.0,0.2,0.0,0.09803921568627451,0.1,0.09803921568627451
f1-score,0.2222222222222222,0.0,0.1818181818181818,0.0,0.0,0.0,0.25,0.0,0.15384615384615385,0.0,0.09803921568627451,0.08078865578865578,0.07920456449868214
support,5.0,5.0,5.0,5.0,5.0,6.0,5.0,5.0,5.0,5.0,0.09803921568627451,51.0,51.0
