,1,2,3,4,5,6,7,8,9,10,accuracy,macro avg,weighted avg
precision,0.0,0.0,0.0,0.5,0.0,0.0,0.0,0.25,0.0,0.0,0.058823529411764705,0.075,0.07352941176470588
recall,0.0,0.0,0.0,0.2,0.0,0.0,0.0,0.4,0.0,0.0,0.058823529411764705,0.06000000000000001,0.058823529411764705
f1-score,0.0,0.0,0.0,0.28571428571428575,0.0,0.0,0.0,0.3076923076923077,0.0,0.0,0.058823529411764705,0.05934065934065935,0.058177117000646414
support,5.0,5.0,5.0,5.0,5.0,6.0,5.0,5.0,5.0,5.0,0.058823529411764705,51.0,51.0
