,1,2,3,4,5,6,7,8,9,10,accuracy,macro avg,weighted avg
precision,0.0,1.0,0.0,0.25,0.0,0.0,0.07692307692307693,0.125,0.0,0.2727272727272727,0.14285714285714285,0.17246503496503496,0.17598472955615813
recall,0.0,0.2,0.0,0.2,0.0,0.0,0.2,0.2,0.0,0.6,0.14285714285714285,0.13999999999999999,0.14285714285714285
f1-score,0.0,0.33333333333333337,0.0,0.22222222222222224,0.0,0.0,0.1111111111111111,0.15384615384615385,0.0,0.37499999999999994,0.14285714285714285,0.11955128205128204,0.12199110413396129
support,5.0,5.0,5.0,5.0,5.0,4.0,5.0,5.0,5.0,5.0,0.14285714285714285,49.0,49.0
