,1,2,3,4,5,6,7,8,9,10,accuracy,macro avg,weighted avg
precision,0.14285714285714285,0.2,0.0,0.5,0.0,0.0,0.0,0.2857142857142857,0.0,0.0,0.12244897959183673,0.11285714285714285,0.11516034985422739
recall,0.2,0.4,0.0,0.2,0.0,0.0,0.0,0.4,0.0,0.0,0.12244897959183673,0.12000000000000002,0.12244897959183673
f1-score,0.16666666666666666,0.26666666666666666,0.0,0.28571428571428575,0.0,0.0,0.0,0.3333333333333333,0.0,0.0,0.12244897959183673,0.10523809523809524,0.10738581146744412
support,5.0,5.0,5.0,5.0,5.0,4.0,5.0,5.0,5.0,5.0,0.12244897959183673,49.0,49.0
