,1,2,3,4,5,6,7,8,9,10,accuracy,macro avg,weighted avg
precision,0.0,0.0,0.0,0.0,0.0,0.0,0.0,0.0,0.07692307692307693,0.25,0.0784313725490196,0.032692307692307694,0.03205128205128205
recall,0.0,0.0,0.0,0.0,0.0,0.0,0.0,0.0,0.4,0.4,0.0784313725490196,0.08,0.0784313725490196
f1-score,0.0,0.0,0.0,0.0,0.0,0.0,0.0,0.0,0.12903225806451613,0.3076923076923077,0.0784313725490196,0.04367245657568238,0.04281613389772783
support,5.0,5.0,5.0,5.0,5.0,6.0,5.0,5.0,5.0,5.0,0.0784313725490196,51.0,51.0
