,1,2,3,4,5,6,7,8,9,10,accuracy,macro avg,weighted avg
precision,0.0,0.0,0.0,0.11764705882352941,0.0,0.3333333333333333,0.0,0.11764705882352941,0.0,0.0,0.1,0.056862745098039215,0.056862745098039215
recall,0.0,0.0,0.0,0.4,0.0,0.2,0.0,0.4,0.0,0.0,0.1,0.1,0.1
f1-score,0.0,0.0,0.0,0.1818181818181818,0.0,0.25,0.0,0.1818181818181818,0.0,0.0,0.1,0.061363636363636356,0.06136363636363637
support,5.0,5.0,5.0,5.0,5.0,5.0,5.0,5.0,5.0,5.0,0.1,50.0,50.0
