,1,2,3,4,5,6,7,8,9,10,accuracy,macro avg,weighted avg
precision,0.0,0.16666666666666666,0.0,0.09090909090909091,0.0,0.0,0.0,0.0,0.16666666666666666,0.1111111111111111,0.0784313725490196,0.053535353535353526,0.05248564072093483
recall,0.0,0.2,0.0,0.2,0.0,0.0,0.0,0.0,0.2,0.2,0.0784313725490196,0.08,0.0784313725490196
f1-score,0.0,0.1818181818181818,0.0,0.12500000000000003,0.0,0.0,0.0,0.0,0.1818181818181818,0.14285714285714285,0.0784313725490196,0.06314935064935065,0.06191112808759868
support,5.0,5.0,5.0,5.0,5.0,6.0,5.0,5.0,5.0,5.0,0.0784313725490196,51.0,51.0
