,1,2,3,4,5,6,7,8,9,10,accuracy,macro avg,weighted avg
precision,0.0,0.0,0.0,0.16666666666666666,0.2,0.0,0.10526315789473684,0.0,0.0,0.0,0.08163265306122448,0.047192982456140356,0.04815610454708198
recall,0.0,0.0,0.0,0.2,0.2,0.0,0.4,0.0,0.0,0.0,0.08163265306122448,0.08,0.08163265306122448
f1-score,0.0,0.0,0.0,0.1818181818181818,0.20000000000000004,0.0,0.16666666666666666,0.0,0.0,0.0,0.08163265306122448,0.05484848484848485,0.055967841682127394
support,5.0,5.0,5.0,5.0,5.0,4.0,5.0,5.0,5.0,5.0,0.08163265306122448,49.0,49.0
