,1,2,3,4,5,6,7,8,9,10,accuracy,macro avg,weighted avg
precision,0.0,0.1111111111111111,0.0,0.18181818181818182,0.18181818181818182,0.0,0.0,0.0,0.0,0.0,0.09803921568627451,0.047474747474747475,0.04654387007328184
recall,0.0,0.2,0.0,0.4,0.4,0.0,0.0,0.0,0.0,0.0,0.09803921568627451,0.1,0.09803921568627451
f1-score,0.0,0.14285714285714285,0.0,0.25000000000000006,0.25000000000000006,0.0,0.0,0.0,0.0,0.0,0.09803921568627451,0.06428571428571431,0.06302521008403361
support,5.0,5.0,5.0,5.0,5.0,6.0,5.0,5.0,5.0,5.0,0.09803921568627451,51.0,51.0
