,1,2,3,4,5,6,7,8,9,10,accuracy,macro avg,weighted avg
precision,0.0,0.0,0.1,0.25,0.2222222222222222,0.0,0.0,0.07692307692307693,0.3333333333333333,0.5,0.13725490196078433,0.14824786324786324,0.14534104239986592
recall,0.0,0.0,0.2,0.2,0.4,0.0,0.0,0.2,0.2,0.2,0.13725490196078433,0.13999999999999999,0.13725490196078433
f1-score,0.0,0.0,0.13333333333333333,0.22222222222222224,0.2857142857142857,0.0,0.0,0.1111111111111111,0.25,0.28571428571428575,0.13725490196078433,0.12880952380952382,0.12628384687208216
support,5.0,5.0,5.0,5.0,5.0,6.0,5.0,5.0,5.0,5.0,0.13725490196078433,51.0,51.0
