,1,2,3,4,5,6,7,8,9,10,accuracy,macro avg,weighted avg
precision,0.08333333333333333,0.0,0.0,0.2,0.0,0.3333333333333333,0.0,0.0,0.0,0.0,0.12244897959183673,0.06166666666666667,0.05612244897959184
recall,0.2,0.0,0.0,0.6,0.0,0.5,0.0,0.0,0.0,0.0,0.12244897959183673,0.13,0.12244897959183673
f1-score,0.11764705882352941,0.0,0.0,0.3,0.0,0.4,0.0,0.0,0.0,0.0,0.12244897959183673,0.08176470588235293,0.0752701080432173
support,5.0,5.0,5.0,5.0,5.0,4.0,5.0,5.0,5.0,5.0,0.12244897959183673,49.0,49.0
