,1,2,3,4,5,6,7,8,9,10,accuracy,macro avg,weighted avg
precision,0.0,0.0,0.3333333333333333,0.0,0.0,0.0,0.0,0.16666666666666666,0.25,0.16666666666666666,0.1,0.09166666666666666,0.09166666666666666
recall,0.0,0.0,0.2,0.0,0.0,0.0,0.0,0.2,0.2,0.4,0.1,0.1,0.1
f1-score,0.0,0.0,0.25,0.0,0.0,0.0,0.0,0.1818181818181818,0.22222222222222224,0.23529411764705882,0.1,0.08893345216874629,0.08893345216874629
support,5.0,5.0,5.0,5.0,5.0,5.0,5.0,5.0,5.0,5.0,0.1,50.0,50.0
