,1,2,3,4,5,6,7,8,9,10,accuracy,macro avg,weighted avg
precision,0.0,0.0625,0.18181818181818182,1.0,0.0,1.0,0.0,0.0,0.0,0.0,0.1,0.22443181818181818,0.2244318181818182
recall,0.0,0.2,0.4,0.2,0.0,0.2,0.0,0.0,0.0,0.0,0.1,0.1,0.1
f1-score,0.0,0.09523809523809523,0.25000000000000006,0.33333333333333337,0.0,0.33333333333333337,0.0,0.0,0.0,0.0,0.1,0.1011904761904762,0.1011904761904762
support,5.0,5.0,5.0,5.0,5.0,5.0,5.0,5.0,5.0,5.0,0.1,50.0,50.0
