,1,2,3,4,5,6,7,8,9,10,accuracy,macro avg,weighted avg
precision,0.038461538461538464,0.0,0.0,0.0,0.058823529411764705,0.0,0.0,0.0,0.0,0.0,0.04,0.009728506787330317,0.009728506787330317
recall,0.2,0.0,0.0,0.0,0.2,0.0,0.0,0.0,0.0,0.0,0.04,0.04,0.04
f1-score,0.06451612903225806,0.0,0.0,0.0,0.0909090909090909,0.0,0.0,0.0,0.0,0.0,0.04,0.015542521994134894,0.015542521994134896
support,5.0,5.0,5.0,5.0,5.0,5.0,5.0,5.0,5.0,5.0,0.04,50.0,50.0
