,1,2,3,4,5,6,7,8,9,10,accuracy,macro avg,weighted avg
precision,1.0,0.0,0.0,0.0,0.0,0.0,0.0,0.07142857142857142,0.0,0.2,0.10204081632653061,0.12714285714285714,0.12973760932944606
recall,0.2,0.0,0.0,0.0,0.0,0.0,0.0,0.2,0.0,0.6,0.10204081632653061,0.1,0.10204081632653061
f1-score,0.33333333333333337,0.0,0.0,0.0,0.0,0.0,0.0,0.10526315789473682,0.0,0.3,0.10204081632653061,0.07385964912280703,0.0753669889008235
support,5.0,5.0,5.0,5.0,5.0,4.0,5.0,5.0,5.0,5.0,0.10204081632653061,49.0,49.0
