,1,2,3,4,5,6,7,8,9,10,accuracy,macro avg,weighted avg
precision,0.05555555555555555,0.0,0.0,0.0,0.0,0.0,0.0,0.25,0.0,0.10526315789473684,0.08,0.04108187134502924,0.04108187134502923
recall,0.2,0.0,0.0,0.0,0.0,0.0,0.0,0.2,0.0,0.4,0.08,0.08,0.08
f1-score,0.08695652173913045,0.0,0.0,0.0,0.0,0.0,0.0,0.22222222222222224,0.0,0.16666666666666666,0.08,0.04758454106280193,0.04758454106280194
support,5.0,5.0,5.0,5.0,5.0,5.0,5.0,5.0,5.0,5.0,0.08,50.0,50.0
