,1,2,3,4,5,6,7,8,9,10,accuracy,macro avg,weighted avg
precision,0.0,0.19047619047619047,0.0,0.0,0.0,0.25,0.0,0.06666666666666667,0.0,0.0,0.12,0.05071428571428571,0.05071428571428571
recall,0.0,0.8,0.0,0.0,0.0,0.2,0.0,0.2,0.0,0.0,0.12,0.12000000000000002,0.12
f1-score,0.0,0.3076923076923077,0.0,0.0,0.0,0.22222222222222224,0.0,0.1,0.0,0.0,0.12,0.06299145299145299,0.06299145299145299
support,5.0,5.0,5.0,5.0,5.0,5.0,5.0,5.0,5.0,5.0,0.12,50.0,50.0
