,1,2,3,4,5,6,7,8,9,10,accuracy,macro avg,weighted avg
precision,0.0,0.0,0.0,0.14285714285714285,0.0,0.23076923076923078,0.0,0.0,0.0,0.16666666666666666,0.16,0.054029304029304025,0.05402930402930403
recall,0.0,0.0,0.0,0.8,0.0,0.6,0.0,0.0,0.0,0.2,0.16,0.15999999999999998,0.16
f1-score,0.0,0.0,0.0,0.24242424242424243,0.0,0.33333333333333337,0.0,0.0,0.0,0.1818181818181818,0.16,0.07575757575757576,0.07575757575757576
support,5.0,5.0,5.0,5.0,5.0,5.0,5.0,5.0,5.0,5.0,0.16,50.0,50.0
