,1,2,3,4,5,6,7,8,9,10,accuracy,macro avg,weighted avg
precision,0.0,0.0,0.0,0.0,0.0,0.5,0.15789473684210525,0.16666666666666666,0.0,0.0,0.1,0.0824561403508772,0.08245614035087719
recall,0.0,0.0,0.0,0.0,0.0,0.2,0.6,0.2,0.0,0.0,0.1,0.1,0.1
f1-score,0.0,0.0,0.0,0.0,0.0,0.28571428571428575,0.25,0.1818181818181818,0.0,0.0,0.1,0.07175324675324675,0.07175324675324676
support,5.0,5.0,5.0,5.0,5.0,5.0,5.0,5.0,5.0,5.0,0.1,50.0,50.0
