Filename,Window,Answer,Prediction,Output
fujii_drunk_exam_type_1_20240617_212024_gaze.csv,7504612893,1,1,[0.5593131]
fujii_drunk_exam_type_1_20240618_002120_gaze.csv,231313037,1,1,[0.5844068]
fujii_drunk_exam_type_2_20240617_212122_gaze.csv,7546280891,1,0,[0.38742834]
fujii_drunk_exam_type_2_20240618_002222_gaze.csv,275324479,1,0,[0.46768805]
fujii_sober_exam_type_1_20240617_192514_gaze.csv,593313366,0,0,[0.22093573]
fujii_sober_exam_type_1_20240617_194023_gaze.csv,1503795705,0,1,[0.84962434]
fujii_sober_exam_type_2_20240617_192625_gaze.csv,641050471,0,1,[0.6044178]
fujii_sober_exam_type_2_20240617_194137_gaze.csv,1550992557,0,0,[0.44287652]
(Accuracy),0.5
