,1,2,3,4,5,6,7,8,9,10,accuracy,macro avg,weighted avg
precision,0.1476510067114094,0.18497109826589594,0.07262569832402235,0.1111111111111111,0.06896551724137931,0.0,0.0,0.0,0.0,0.0,0.1196808510638298,0.05853244316538182,0.06518894287765352
recall,0.21568627450980393,0.38095238095238093,0.17567567567567569,0.20270270270270271,0.11428571428571428,0.0,0.0,0.0,0.0,0.0,0.1196808510638298,0.10893027481262776,0.1196808510638298
f1-score,0.17529880478087653,0.24902723735408555,0.10276679841897234,0.14354066985645933,0.08602150537634408,0.0,0.0,0.0,0.0,0.0,0.1196808510638298,0.07566550157867379,0.08383912773154073
support,102.0,84.0,74.0,74.0,70.0,104.0,73.0,68.0,61.0,42.0,0.1196808510638298,752.0,752.0
