,1,2,3,4,5,6,7,8,9,10,accuracy,macro avg,weighted avg
precision,0.09009009009009009,0.14864864864864866,0.09701492537313433,0.07575757575757576,0.060240963855421686,0.0,0.0,0.0,0.0,0.0,0.09247027741083223,0.047175220372487045,0.04492722604504102
recall,0.17543859649122806,0.3055555555555556,0.15476190476190477,0.18072289156626506,0.16129032258064516,0.0,0.0,0.0,0.0,0.0,0.09247027741083223,0.09777692709555987,0.09247027741083223
f1-score,0.11904761904761907,0.19999999999999998,0.11926605504587157,0.10676156583629894,0.08771929824561403,0.0,0.0,0.0,0.0,0.0,0.09247027741083223,0.06327945381754037,0.060110791763815556
support,57.0,72.0,84.0,83.0,62.0,80.0,73.0,87.0,83.0,76.0,0.09247027741083223,757.0,757.0
