,1,2,3,4,5,6,7,8,9,10,accuracy,macro avg,weighted avg
precision,0.06921241050119331,0.08875739644970414,0.0,0.0,0.0,0.0,0.0,0.0,0.0,0.0,0.07793923381770146,0.015796980695089745,0.013653421324896588
recall,0.5087719298245614,0.4166666666666667,0.0,0.0,0.0,0.0,0.0,0.0,0.0,0.0,0.07793923381770146,0.09254385964912282,0.07793923381770146
f1-score,0.12184873949579832,0.14634146341463417,0.0,0.0,0.0,0.0,0.0,0.0,0.0,0.0,0.07793923381770146,0.02681902029104325,0.023093743087337075
support,57.0,72.0,84.0,83.0,62.0,80.0,73.0,87.0,83.0,76.0,0.07793923381770146,757.0,757.0
