,1,2,3,4,5,6,7,8,9,10,accuracy,macro avg,weighted avg
precision,0.07109004739336493,0.07761194029850746,0.0,0.0,0.0,0.0,0.0,0.0,0.0,0.0,0.07397622192866579,0.014870198769187238,0.012734732368446945
recall,0.5263157894736842,0.3611111111111111,0.0,0.0,0.0,0.0,0.0,0.0,0.0,0.0,0.07397622192866579,0.08874269005847953,0.07397622192866579
f1-score,0.12526096033402923,0.12776412776412777,0.0,0.0,0.0,0.0,0.0,0.0,0.0,0.0,0.07397622192866579,0.0253025088098157,0.021583741001396123
support,57.0,72.0,84.0,83.0,62.0,80.0,73.0,87.0,83.0,76.0,0.07397622192866579,757.0,757.0
