,1,2,3,4,5,6,7,8,9,10,accuracy,macro avg,weighted avg
precision,0.07692307692307693,0.11602209944751381,0.11428571428571428,0.10218978102189781,0.07307692307692308,0.0,0.0,0.0,0.0,0.0,0.09308510638297872,0.04824975947551259,0.051498113654112915
recall,0.0784313725490196,0.25,0.10810810810810811,0.1891891891891892,0.2714285714285714,0.0,0.0,0.0,0.0,0.0,0.09308510638297872,0.08971572412748882,0.09308510638297872
f1-score,0.07766990291262137,0.15849056603773584,0.11111111111111112,0.13270142180094788,0.11515151515151516,0.0,0.0,0.0,0.0,0.0,0.09308510638297872,0.05951245170139313,0.06294982864408992
support,102.0,84.0,74.0,74.0,70.0,104.0,73.0,68.0,61.0,42.0,0.09308510638297872,752.0,752.0
