,1,2,3,4,5,6,7,8,9,10,accuracy,macro avg,weighted avg
precision,0.07692307692307693,0.10861423220973783,0.1,0.030927835051546393,0.1282051282051282,0.0,0.0,0.0,0.0,0.0,0.08850726552179657,0.04446702723894893,0.041110394137005034
recall,0.3157894736842105,0.4027777777777778,0.14285714285714285,0.03614457831325301,0.08064516129032258,0.0,0.0,0.0,0.0,0.0,0.08850726552179657,0.09782141339227067,0.08850726552179657
f1-score,0.12371134020618557,0.17109144542772858,0.11764705882352941,0.03333333333333333,0.09900990099009901,0.0,0.0,0.0,0.0,0.0,0.08850726552179657,0.05447930787808759,0.05040655737355127
support,57.0,72.0,84.0,83.0,62.0,80.0,73.0,87.0,83.0,76.0,0.08850726552179657,757.0,757.0
