,1,2,3,4,5,6,7,8,9,10,accuracy,macro avg,weighted avg
precision,0.13231552162849872,0.12534818941504178,0.0,0.0,0.0,0.0,0.0,0.0,0.0,0.0,0.12898936170212766,0.025766371104354046,0.03194871159171593
recall,0.5098039215686274,0.5357142857142857,0.0,0.0,0.0,0.0,0.0,0.0,0.0,0.0,0.12898936170212766,0.1045518207282913,0.12898936170212766
f1-score,0.2101010101010101,0.20316027088036115,0.0,0.0,0.0,0.0,0.0,0.0,0.0,0.0,0.12898936170212766,0.04132612809813713,0.05119117790459224
support,102.0,84.0,74.0,74.0,70.0,104.0,73.0,68.0,61.0,42.0,0.12898936170212766,752.0,752.0
