,1,2,3,4,5,6,7,8,9,10,accuracy,macro avg,weighted avg
precision,0.1306122448979592,0.21481481481481482,0.04065040650406504,0.16071428571428573,0.043795620437956206,0.0,0.0,0.0,0.0,0.0,0.1196808510638298,0.05905873723690809,0.0656031570197489
recall,0.3137254901960784,0.34523809523809523,0.06756756756756757,0.24324324324324326,0.08571428571428572,0.0,0.0,0.0,0.0,0.0,0.1196808510638298,0.10554886819592701,0.1196808510638298
f1-score,0.18443804034582134,0.2648401826484018,0.050761421319796954,0.1935483870967742,0.057971014492753624,0.0,0.0,0.0,0.0,0.0,0.1196808510638298,0.07515590459035479,0.08403743656257787
support,102.0,84.0,74.0,74.0,70.0,104.0,73.0,68.0,61.0,42.0,0.1196808510638298,752.0,752.0
