,1,2,3,4,5,6,7,8,9,10,accuracy,macro avg,weighted avg
precision,0.1951219512195122,0.21951219512195122,0.1476510067114094,0.10135135135135136,0.05555555555555555,0.015625,0.10810810810810811,0.1510791366906475,0.12195121951219512,0.18095238095238095,0.1299126637554585,0.12969079052231114,0.1352715655970369
recall,0.09876543209876543,0.1,0.25,0.22058823529411764,0.029411764705882353,0.014084507042253521,0.11538461538461539,0.1926605504587156,0.08403361344537816,0.16101694915254236,0.1299126637554585,0.12659456675822706,0.1299126637554585
f1-score,0.13114754098360656,0.13740458015267176,0.18565400843881857,0.1388888888888889,0.03846153846153846,0.014814814814814814,0.11162790697674418,0.1693548387096774,0.09950248756218906,0.17040358744394618,0.1299126637554585,0.1197260192432896,0.12495196044861563
support,81.0,90.0,88.0,68.0,68.0,71.0,104.0,109.0,119.0,118.0,0.1299126637554585,916.0,916.0
