,1,2,3,4,5,6,7,8,9,10,accuracy,macro avg,weighted avg
precision,0.11,0.09302325581395349,0.0,0.0,0.0,0.0,0.0,0.0,0.0,0.0,0.10043668122270742,0.020302325581395348,0.01886691378084696
recall,0.5432098765432098,0.5333333333333333,0.0,0.0,0.0,0.0,0.0,0.0,0.0,0.0,0.10043668122270742,0.10765432098765433,0.10043668122270742
f1-score,0.18295218295218296,0.1584158415841584,0.0,0.0,0.0,0.0,0.0,0.0,0.0,0.0,0.10043668122270742,0.03413680245363414,0.03174296131190074
support,81.0,90.0,88.0,68.0,68.0,71.0,104.0,109.0,119.0,118.0,0.10043668122270742,916.0,916.0
