,1,2,3,4,5,6,7,8,9,10,accuracy,macro avg,weighted avg
precision,0.09041095890410959,0.08418367346938775,0.0,0.0,0.0,0.0,0.0,0.0,0.0,0.0,0.08718626155878467,0.017459463237349735,0.014814595967411049
recall,0.5789473684210527,0.4583333333333333,0.0,0.0,0.0,0.0,0.0,0.0,0.0,0.0,0.08718626155878467,0.10372807017543859,0.08718626155878467
f1-score,0.15639810426540285,0.14224137931034483,0.0,0.0,0.0,0.0,0.0,0.0,0.0,0.0,0.08718626155878467,0.029863948357574766,0.025305246041575677
support,57.0,72.0,84.0,83.0,62.0,80.0,73.0,87.0,83.0,76.0,0.08718626155878467,757.0,757.0
