,1,2,3,4,5,6,7,8,9,10,accuracy,macro avg,weighted avg
precision,0.10919540229885058,0.13131313131313133,0.05701754385964912,0.05785123966942149,0.12307692307692308,0.0,0.0,0.0,0.0,0.0,0.09042553191489362,0.04784542402179756,0.05223924024111919
recall,0.18627450980392157,0.15476190476190477,0.17567567567567569,0.0945945945945946,0.22857142857142856,0.0,0.0,0.0,0.0,0.0,0.09042553191489362,0.08398781134075252,0.09042553191489362
f1-score,0.13768115942028986,0.14207650273224046,0.08609271523178808,0.07179487179487179,0.16,0.0,0.0,0.0,0.0,0.0,0.09042553191489362,0.05976452491791902,0.06497551320525345
support,102.0,84.0,74.0,74.0,70.0,104.0,73.0,68.0,61.0,42.0,0.09042553191489362,752.0,752.0
