,1,2,3,4,5,6,7,8,9,10,accuracy,macro avg,weighted avg
precision,0.10945273631840796,0.15873015873015872,0.08955223880597014,0.08064516129032258,0.1935483870967742,0.0,0.0,0.0,0.0,0.0,0.11899563318777293,0.06319286822416337,0.05423269021042934
recall,0.5432098765432098,0.3333333333333333,0.20454545454545456,0.07352941176470588,0.17647058823529413,0.0,0.0,0.0,0.0,0.0,0.11899563318777293,0.13310886644219977,0.11899563318777293
f1-score,0.1821946169772257,0.21505376344086022,0.1245674740484429,0.07692307692307693,0.18461538461538463,0.0,0.0,0.0,0.0,0.0,0.11899563318777293,0.07833543160049904,0.06862353251715182
support,81.0,90.0,88.0,68.0,68.0,71.0,104.0,109.0,119.0,118.0,0.11899563318777293,916.0,916.0
