,1,2,3,4,5,6,7,8,9,10,accuracy,macro avg,weighted avg
precision,0.0958904109589041,0.12083333333333333,0.05660377358490566,0.08695652173913043,0.16666666666666666,0.0,0.0,0.0,0.0,0.0,0.09497816593886463,0.05269507062829402,0.04461750237416718
recall,0.43209876543209874,0.32222222222222224,0.13636363636363635,0.08823529411764706,0.07352941176470588,0.0,0.0,0.0,0.0,0.0,0.09497816593886463,0.10524493299003104,0.09497816593886463
f1-score,0.15695067264573992,0.17575757575757578,0.08,0.0875912408759124,0.10204081632653061,0.0,0.0,0.0,0.0,0.0,0.09497816593886463,0.06023403056057587,0.05291066178193546
support,81.0,90.0,88.0,68.0,68.0,71.0,104.0,109.0,119.0,118.0,0.09497816593886463,916.0,916.0
