,1,2,3,4,5,6,7,8,9,10,accuracy,macro avg,weighted avg
precision,0.09547738693467336,0.10526315789473684,0.09195402298850575,0.056338028169014086,0.07692307692307693,0.1,0.15,0.17142857142857143,0.0,0.2222222222222222,0.09497816593886463,0.10696064665608004,0.11131986706268783
recall,0.2345679012345679,0.2222222222222222,0.09090909090909091,0.11764705882352941,0.10294117647058823,0.19718309859154928,0.028846153846153848,0.05504587155963303,0.0,0.01694915254237288,0.09497816593886463,0.10663117261997077,0.09497816593886463
f1-score,0.1357142857142857,0.14285714285714285,0.09142857142857144,0.07619047619047618,0.0880503144654088,0.13270142180094788,0.04838709677419355,0.08333333333333334,0.0,0.031496062992125984,0.09497816593886463,0.08301587055564856,0.07676639282653067
support,81.0,90.0,88.0,68.0,68.0,71.0,104.0,109.0,119.0,118.0,0.09497816593886463,916.0,916.0
