,1,2,3,4,5,6,7,8,9,10,accuracy,macro avg,weighted avg
precision,0.08370044052863436,0.09523809523809523,0.0,0.0,0.0,0.0,0.0,0.0,0.0,0.0,0.08951965065502183,0.017893853576672957,0.01675891294131873
recall,0.4691358024691358,0.4888888888888889,0.0,0.0,0.0,0.0,0.0,0.0,0.0,0.0,0.08951965065502183,0.09580246913580245,0.08951965065502183
f1-score,0.14205607476635512,0.15942028985507248,0.0,0.0,0.0,0.0,0.0,0.0,0.0,0.0,0.08951965065502183,0.030147636462142757,0.02822529273256691
support,81.0,90.0,88.0,68.0,68.0,71.0,104.0,109.0,119.0,118.0,0.08951965065502183,916.0,916.0
