,1,2,3,4,5,6,7,8,9,10,accuracy,macro avg,weighted avg
precision,0.136986301369863,0.1553398058252427,0.0958904109589041,0.056451612903225805,0.08461538461538462,0.0,0.0,0.0,0.0,0.0,0.11170212765957446,0.05292835156726202,0.058799911061065094
recall,0.19607843137254902,0.38095238095238093,0.1891891891891892,0.0945945945945946,0.15714285714285714,0.0,0.0,0.0,0.0,0.0,0.11170212765957446,0.10179574532515709,0.11170212765957446
f1-score,0.16129032258064516,0.2206896551724138,0.1272727272727273,0.0707070707070707,0.11,0.0,0.0,0.0,0.0,0.0,0.11170212765957446,0.0689959775732857,0.07625006514390109
support,102.0,84.0,74.0,74.0,70.0,104.0,73.0,68.0,61.0,42.0,0.11170212765957446,752.0,752.0
