,1,2,3,4,5,6,7,8,9,10,accuracy,macro avg,weighted avg
precision,0.07668711656441718,0.09280742459396751,0.0,0.0,0.0,0.0,0.0,0.0,0.0,0.0,0.08586525759577279,0.01694945411583847,0.014601453388292523
recall,0.43859649122807015,0.5555555555555556,0.0,0.0,0.0,0.0,0.0,0.0,0.0,0.0,0.08586525759577279,0.09941520467836258,0.08586525759577279
f1-score,0.13054830287206265,0.15904572564612326,0.0,0.0,0.0,0.0,0.0,0.0,0.0,0.0,0.08586525759577279,0.028959402851818593,0.024957127490394245
support,57.0,72.0,84.0,83.0,62.0,80.0,73.0,87.0,83.0,76.0,0.08586525759577279,757.0,757.0
