,1,2,3,4,5,6,7,8,9,10,accuracy,macro avg,weighted avg
precision,0.11372549019607843,0.09032258064516129,0.08786610878661087,0.07058823529411765,0.07216494845360824,0.0,0.0,0.0,0.0,0.0,0.0906113537117904,0.04346673633755764,0.03796968453276636
recall,0.35802469135802467,0.15555555555555556,0.23863636363636365,0.17647058823529413,0.10294117647058823,0.0,0.0,0.0,0.0,0.0,0.0906113537117904,0.10316283752558261,0.0906113537117904
f1-score,0.17261904761904762,0.11428571428571428,0.12844036697247704,0.10084033613445378,0.08484848484848484,0.0,0.0,0.0,0.0,0.0,0.0906113537117904,0.06010339498601776,0.05261730268916479
support,81.0,90.0,88.0,68.0,68.0,71.0,104.0,109.0,119.0,118.0,0.0906113537117904,916.0,916.0
