,1,2,3,4,5,6,7,8,9,10,accuracy,macro avg,weighted avg
precision,0.0821917808219178,0.0925589836660617,0.0,0.0,0.0,0.0,0.0,0.0,0.0,0.0,0.08842794759825327,0.01747507644879795,0.01636227377349443
recall,0.37037037037037035,0.5666666666666667,0.0,0.0,0.0,0.0,0.0,0.0,0.0,0.0,0.08842794759825327,0.0937037037037037,0.08842794759825327
f1-score,0.13452914798206278,0.15912636505460218,0.0,0.0,0.0,0.0,0.0,0.0,0.0,0.0,0.08842794759825327,0.02936555130366649,0.027530822971027602
support,81.0,90.0,88.0,68.0,68.0,71.0,104.0,109.0,119.0,118.0,0.08842794759825327,916.0,916.0
