,1,2,3,4,5,6,7,8,9,10,accuracy,macro avg,weighted avg
precision,0.08306709265175719,0.10810810810810811,0.0,0.0,0.0,0.0,0.0,0.0,0.0,0.0,0.0977542932628798,0.01911752007598653,0.016537130865170335
recall,0.45614035087719296,0.6666666666666666,0.0,0.0,0.0,0.0,0.0,0.0,0.0,0.0,0.0977542932628798,0.11228070175438595,0.0977542932628798
f1-score,0.14054054054054055,0.18604651162790697,0.0,0.0,0.0,0.0,0.0,0.0,0.0,0.0,0.0977542932628798,0.032658705216844754,0.028277621727899754
support,57.0,72.0,84.0,83.0,62.0,80.0,73.0,87.0,83.0,76.0,0.0977542932628798,757.0,757.0
