,1,2,3,4,5,6,7,8,9,10,accuracy,macro avg,weighted avg
precision,0.09365558912386707,0.10085470085470086,0.0,0.0,0.0,0.0,0.0,0.0,0.0,0.0,0.0982532751091703,0.019451028997856792,0.018191076196458853
recall,0.38271604938271603,0.6555555555555556,0.0,0.0,0.0,0.0,0.0,0.0,0.0,0.0,0.0982532751091703,0.10382716049382716,0.0982532751091703
f1-score,0.15048543689320387,0.1748148148148148,0.0,0.0,0.0,0.0,0.0,0.0,0.0,0.0,0.0982532751091703,0.03253002517080187,0.03048324642105114
support,81.0,90.0,88.0,68.0,68.0,71.0,104.0,109.0,119.0,118.0,0.0982532751091703,916.0,916.0
