,1,2,3,4,5,6,7,8,9,10,accuracy,macro avg,weighted avg
precision,0.12460063897763578,0.10022779043280182,0.0,0.0,0.0,0.0,0.0,0.0,0.0,0.0,0.11037234042553191,0.02248284294104376,0.028096276026694417
recall,0.38235294117647056,0.5238095238095238,0.0,0.0,0.0,0.0,0.0,0.0,0.0,0.0,0.11037234042553191,0.09061624649859944,0.11037234042553191
f1-score,0.18795180722891566,0.1682600382409178,0.0,0.0,0.0,0.0,0.0,0.0,0.0,0.0,0.11037234042553191,0.03562118454698334,0.044288467486152255
support,102.0,84.0,74.0,74.0,70.0,104.0,73.0,68.0,61.0,42.0,0.11037234042553191,752.0,752.0
