,1,2,3,4,5,6,7,8,9,10,accuracy,macro avg,weighted avg
precision,0.0660377358490566,0.10404624277456648,0.09859154929577464,0.07096774193548387,0.07142857142857142,0.0,0.0,0.0,0.0,0.0,0.08058124174372523,0.0411071841283453,0.039439979621171295
recall,0.12280701754385964,0.25,0.08333333333333333,0.13253012048192772,0.2903225806451613,0.0,0.0,0.0,0.0,0.0,0.08058124174372523,0.08789930520042818,0.08058124174372523
f1-score,0.08588957055214724,0.1469387755102041,0.09032258064516129,0.09243697478991598,0.11464968152866241,0.0,0.0,0.0,0.0,0.0,0.08058124174372523,0.0530237583026091,0.049990678064386694
support,57.0,72.0,84.0,83.0,62.0,80.0,73.0,87.0,83.0,76.0,0.08058124174372523,757.0,757.0
