,1,2,3,4,5,6,7,8,9,10,accuracy,macro avg,weighted avg
precision,0.1108433734939759,0.10978043912175649,0.0,0.0,0.0,0.0,0.0,0.0,0.0,0.0,0.11026200873362445,0.022062381261573238,0.02058793970957438
recall,0.5679012345679012,0.6111111111111112,0.0,0.0,0.0,0.0,0.0,0.0,0.0,0.0,0.11026200873362445,0.11790123456790122,0.11026200873362445
f1-score,0.18548387096774194,0.18612521150592218,0.0,0.0,0.0,0.0,0.0,0.0,0.0,0.0,0.11026200873362445,0.03716090824736641,0.034689369633100535
support,81.0,90.0,88.0,68.0,68.0,71.0,104.0,109.0,119.0,118.0,0.11026200873362445,916.0,916.0
