,1,2,3,4,5,6,7,8,9,10,accuracy,macro avg,weighted avg
precision,0.11009174311926606,0.11857707509881422,0.08040201005025126,0.030534351145038167,0.0625,0.0,0.0,0.0,0.0,0.0,0.08296943231441048,0.04021051794133697,0.03601646366139579
recall,0.14814814814814814,0.3333333333333333,0.18181818181818182,0.058823529411764705,0.20588235294117646,0.0,0.0,0.0,0.0,0.0,0.08296943231441048,0.09280055456526044,0.08296943231441048
f1-score,0.12631578947368421,0.1749271137026239,0.11149825783972124,0.04020100502512563,0.0958904109589041,0.0,0.0,0.0,0.0,0.0,0.08296943231441048,0.054883257700005905,0.04917148707141273
support,81.0,90.0,88.0,68.0,68.0,71.0,104.0,109.0,119.0,118.0,0.08296943231441048,916.0,916.0
