,1,2,3,4,5,6,7,8,9,10,accuracy,macro avg,weighted avg
precision,0.08227848101265822,0.10204081632653061,0.0,0.0,0.0,0.0,0.0,0.0,0.0,0.0,0.09379128137384413,0.018431929733918884,0.01590067660928893
recall,0.45614035087719296,0.625,0.0,0.0,0.0,0.0,0.0,0.0,0.0,0.0,0.09379128137384413,0.1081140350877193,0.09379128137384413
f1-score,0.13941018766756033,0.17543859649122806,0.0,0.0,0.0,0.0,0.0,0.0,0.0,0.0,0.09379128137384413,0.03148487841587884,0.027183566240976696
support,57.0,72.0,84.0,83.0,62.0,80.0,73.0,87.0,83.0,76.0,0.09379128137384413,757.0,757.0
