,1,2,3,4,5,6,7,8,9,10,accuracy,macro avg,weighted avg
precision,0.14473684210526316,0.1111111111111111,0.2222222222222222,0.11678832116788321,0.08524590163934426,0.0,0.0,0.0,0.0,0.0,0.10904255319148937,0.0680104398245824,0.07333841031076074
recall,0.10784313725490197,0.27380952380952384,0.08108108108108109,0.21621621621621623,0.37142857142857144,0.0,0.0,0.0,0.0,0.0,0.10904255319148937,0.10503785297902946,0.10904255319148937
f1-score,0.12359550561797752,0.15807560137457044,0.11881188118811882,0.15165876777251186,0.13866666666666666,0.0,0.0,0.0,0.0,0.0,0.10904255319148937,0.06908084226198452,0.07394492922639755
support,102.0,84.0,74.0,74.0,70.0,104.0,73.0,68.0,61.0,42.0,0.10904255319148937,752.0,752.0
