,1,2,3,4,5,6,7,8,9,10,accuracy,macro avg,weighted avg
precision,0.07692307692307693,0.08695652173913043,0.09302325581395349,0.17073170731707318,0.15151515151515152,0.0625,0.12121212121212122,0.16666666666666666,0.13445378151260504,0.1951219512195122,0.13606340819022458,0.12591042339192907,0.12729395844937297
recall,0.08771929824561403,0.05555555555555555,0.09523809523809523,0.08433734939759036,0.08064516129032258,0.025,0.1643835616438356,0.13793103448275862,0.1927710843373494,0.42105263157894735,0.13606340819022458,0.13446337717700688,0.13606340819022458
f1-score,0.0819672131147541,0.06779661016949153,0.09411764705882353,0.11290322580645162,0.10526315789473684,0.03571428571428572,0.13953488372093023,0.1509433962264151,0.15841584158415842,0.26666666666666666,0.13606340819022458,0.12133229279567137,0.12278348655576674
support,57.0,72.0,84.0,83.0,62.0,80.0,73.0,87.0,83.0,76.0,0.13606340819022458,757.0,757.0
