,1,2,3,4,5,6,7,8,9,10,accuracy,macro avg,weighted avg
precision,0.10784313725490197,0.11715481171548117,0.18333333333333332,0.047619047619047616,0.059113300492610835,0.0,0.0,0.0,0.0,0.0,0.0927947598253275,0.051506363041537495,0.04658336263860968
recall,0.13580246913580246,0.3111111111111111,0.25,0.17647058823529413,0.17647058823529413,0.0,0.0,0.0,0.0,0.0,0.0927947598253275,0.10498547567175018,0.0927947598253275
f1-score,0.12021857923497267,0.17021276595744683,0.2115384615384615,0.075,0.08856088560885608,0.0,0.0,0.0,0.0,0.0,0.0927947598253275,0.06655306923397372,0.059819190710687586
support,81.0,90.0,88.0,68.0,68.0,71.0,104.0,109.0,119.0,118.0,0.0927947598253275,916.0,916.0
