,1,2,3,4,5,6,7,8,9,10,accuracy,macro avg,weighted avg
precision,0.0958904109589041,0.0899581589958159,0.0,0.0,0.0,0.0,0.0,0.0,0.0,0.0,0.0927947598253275,0.018584856995472,0.017318075979579326
recall,0.5185185185185185,0.4777777777777778,0.0,0.0,0.0,0.0,0.0,0.0,0.0,0.0,0.0927947598253275,0.09962962962962962,0.0927947598253275
f1-score,0.16184971098265893,0.15140845070422534,0.0,0.0,0.0,0.0,0.0,0.0,0.0,0.0,0.0927947598253275,0.031325816168688424,0.029188413922462502
support,81.0,90.0,88.0,68.0,68.0,71.0,104.0,109.0,119.0,118.0,0.0927947598253275,916.0,916.0
