,1,2,3,4,5,6,7,8,9,10,accuracy,macro avg,weighted avg
precision,0.031578947368421054,0.125,0.09322033898305085,0.1111111111111111,0.04790419161676647,0.0,0.0,0.0,0.0,0.0,0.08850726552179657,0.040881458907934945,0.04071702850335272
recall,0.05263157894736842,0.3888888888888889,0.13095238095238096,0.20481927710843373,0.12903225806451613,0.0,0.0,0.0,0.0,0.0,0.08850726552179657,0.09063243839615881,0.08850726552179657
f1-score,0.039473684210526314,0.1891891891891892,0.10891089108910891,0.1440677966101695,0.06986899563318778,0.0,0.0,0.0,0.0,0.0,0.08850726552179657,0.05515105567321817,0.054570199895651886
support,57.0,72.0,84.0,83.0,62.0,80.0,73.0,87.0,83.0,76.0,0.08850726552179657,757.0,757.0
