,1,2,3,4,5,6,7,8,9,10,accuracy,macro avg,weighted avg
precision,0.08917197452229299,0.12105263157894737,0.0851063829787234,0.09696969696969697,0.03508771929824561,0.0,0.0,0.0,0.0,0.0,0.09379128137384413,0.042738840534790636,0.04117761114483983
recall,0.24561403508771928,0.3194444444444444,0.19047619047619047,0.1927710843373494,0.03225806451612903,0.0,0.0,0.0,0.0,0.0,0.09379128137384413,0.09805638188618326,0.09379128137384413
f1-score,0.1308411214953271,0.17557251908396948,0.1176470588235294,0.12903225806451613,0.03361344537815126,0.0,0.0,0.0,0.0,0.0,0.09379128137384413,0.058670640284549325,0.056506247388713515
support,57.0,72.0,84.0,83.0,62.0,80.0,73.0,87.0,83.0,76.0,0.09379128137384413,757.0,757.0
