,1,2,3,4,5,6,7,8,9,10,accuracy,macro avg,weighted avg
precision,0.06976744186046512,0.09200968523002422,0.0,0.0,0.0,0.0,0.0,0.0,0.0,0.0,0.08190224570673713,0.016177712709048934,0.0140045462650043
recall,0.42105263157894735,0.5277777777777778,0.0,0.0,0.0,0.0,0.0,0.0,0.0,0.0,0.08190224570673713,0.09488304093567251,0.08190224570673713
f1-score,0.11970074812967581,0.15670103092783505,0.0,0.0,0.0,0.0,0.0,0.0,0.0,0.0,0.08190224570673713,0.027640177905751084,0.02391732743751076
support,57.0,72.0,84.0,83.0,62.0,80.0,73.0,87.0,83.0,76.0,0.08190224570673713,757.0,757.0
