,1,2,3,4,5,6,7,8,9,10,accuracy,macro avg,weighted avg
precision,0.08527131782945736,0.08421052631578947,0.09482758620689655,0.15625,0.09034267912772585,0.0,0.0,0.0,0.0,0.0,0.0977542932628798,0.05109021094798692,0.04948366758033583
recall,0.19298245614035087,0.1111111111111111,0.13095238095238096,0.18072289156626506,0.46774193548387094,0.0,0.0,0.0,0.0,0.0,0.0977542932628798,0.1083510775253979,0.0977542932628798
f1-score,0.11827956989247312,0.09580838323353293,0.11,0.16759776536312848,0.1514360313315927,0.0,0.0,0.0,0.0,0.0,0.0977542932628798,0.06431217498207273,0.061003682357178006
support,57.0,72.0,84.0,83.0,62.0,80.0,73.0,87.0,83.0,76.0,0.0977542932628798,757.0,757.0
