,1,2,3,4,5,6,7,8,9,10,accuracy,macro avg,weighted avg
precision,0.07407407407407407,0.08888888888888889,0.06918238993710692,0.1223021582733813,0.14814814814814814,0.0,0.0,0.0,0.0,0.0,0.09247027741083223,0.05025956593215993,0.04725205719790626
recall,0.17543859649122806,0.3333333333333333,0.13095238095238096,0.20481927710843373,0.12903225806451613,0.0,0.0,0.0,0.0,0.0,0.09247027741083223,0.09735758459498922,0.09247027741083223
f1-score,0.10416666666666667,0.14035087719298245,0.0905349794238683,0.15315315315315314,0.13793103448275862,0.0,0.0,0.0,0.0,0.0,0.09247027741083223,0.06261367109194291,0.05932779032911812
support,57.0,72.0,84.0,83.0,62.0,80.0,73.0,87.0,83.0,76.0,0.09247027741083223,757.0,757.0
