,1,2,3,4,5,6,7,8,9,10,accuracy,macro avg,weighted avg
precision,0.1038961038961039,0.11444141689373297,0.0,0.0,0.0,0.0,0.0,0.0,0.0,0.0,0.10904255319148937,0.021833752078983686,0.02687564044744171
recall,0.39215686274509803,0.5,0.0,0.0,0.0,0.0,0.0,0.0,0.0,0.0,0.10904255319148937,0.08921568627450979,0.10904255319148937
f1-score,0.1642710472279261,0.18625277161862527,0.0,0.0,0.0,0.0,0.0,0.0,0.0,0.0,0.10904255319148937,0.035052381884655134,0.04308627610799599
support,102.0,84.0,74.0,74.0,70.0,104.0,73.0,68.0,61.0,42.0,0.10904255319148937,752.0,752.0
