,1,2,3,4,5,6,7,8,9,10,accuracy,macro avg,weighted avg
precision,0.11044776119402985,0.10822510822510822,0.1,0.07920792079207921,0.02564102564102564,0.0,0.0,0.0,0.0,0.0,0.10043668122270742,0.04235218158522429,0.03779067331269355
recall,0.4567901234567901,0.2777777777777778,0.23863636363636365,0.11764705882352941,0.014705882352941176,0.0,0.0,0.0,0.0,0.0,0.10043668122270742,0.1105557206047402,0.10043668122270742
f1-score,0.1778846153846154,0.15576323987538943,0.14093959731543626,0.09467455621301776,0.018691588785046728,0.0,0.0,0.0,0.0,0.0,0.10043668122270742,0.05879535975735056,0.052990095915464705
support,81.0,90.0,88.0,68.0,68.0,71.0,104.0,109.0,119.0,118.0,0.10043668122270742,916.0,916.0
