,1,2,3,4,5,6,7,8,9,10,accuracy,macro avg,weighted avg
precision,0.07868852459016394,0.09507042253521127,0.08906882591093117,0.03076923076923077,0.13333333333333333,0.0,0.0,0.0,0.0,0.0,0.08406113537117904,0.04269303371388705,0.03703836196409235
recall,0.2962962962962963,0.3,0.25,0.029411764705882353,0.029411764705882353,0.0,0.0,0.0,0.0,0.0,0.08406113537117904,0.0905119825708061,0.08406113537117904
f1-score,0.12435233160621761,0.1443850267379679,0.13134328358208955,0.030075187969924814,0.048192771084337345,0.0,0.0,0.0,0.0,0.0,0.08406113537117904,0.047834860098053725,0.0436109404338804
support,81.0,90.0,88.0,68.0,68.0,71.0,104.0,109.0,119.0,118.0,0.08406113537117904,916.0,916.0
