,1,2,3,4,5,6,7,8,9,10,accuracy,macro avg,weighted avg
precision,0.2222222222222222,0.13043478260869565,0.16666666666666666,0.048327137546468404,0.0547945205479452,0.0,0.0,0.0,0.0,0.0,0.09247027741083223,0.062244532959199815,0.05741926513186557
recall,0.24561403508771928,0.16666666666666666,0.2261904761904762,0.1566265060240964,0.1935483870967742,0.0,0.0,0.0,0.0,0.0,0.09247027741083223,0.09886460710657327,0.09247027741083223
f1-score,0.23333333333333334,0.14634146341463414,0.1919191919191919,0.07386363636363638,0.08540925266903913,0.0,0.0,0.0,0.0,0.0,0.09247027741083223,0.07308668776998348,0.06787827340915195
support,57.0,72.0,84.0,83.0,62.0,80.0,73.0,87.0,83.0,76.0,0.09247027741083223,757.0,757.0
