,1,2,3,4,5,6,7,8,9,10,accuracy,macro avg,weighted avg
precision,0.08525345622119816,0.11410788381742738,0.0,0.0,0.0,0.0,0.0,0.0,0.0,0.0,0.10043668122270742,0.019936134003862554,0.018750261460137023
recall,0.4567901234567901,0.6111111111111112,0.0,0.0,0.0,0.0,0.0,0.0,0.0,0.0,0.10043668122270742,0.10679012345679013,0.10043668122270742
f1-score,0.14368932038834953,0.1923076923076923,0.0,0.0,0.0,0.0,0.0,0.0,0.0,0.0,0.10043668122270742,0.03359970126960418,0.03160101229164696
support,81.0,90.0,88.0,68.0,68.0,71.0,104.0,109.0,119.0,118.0,0.10043668122270742,916.0,916.0
