,1,2,3,4,5,6,7,8,9,10,accuracy,macro avg,weighted avg
precision,0.17732558139534885,0.10049019607843138,0.0,0.0,0.0,0.0,0.0,0.0,0.0,0.0,0.1356382978723404,0.027781577747378022,0.035277108740576886
recall,0.5980392156862745,0.4880952380952381,0.0,0.0,0.0,0.0,0.0,0.0,0.0,0.0,0.1356382978723404,0.10861344537815125,0.1356382978723404
f1-score,0.273542600896861,0.16666666666666666,0.0,0.0,0.0,0.0,0.0,0.0,0.0,0.0,0.1356382978723404,0.04402092675635276,0.05571987405781891
support,102.0,84.0,74.0,74.0,70.0,104.0,73.0,68.0,61.0,42.0,0.1356382978723404,752.0,752.0
