,1,2,3,4,5,6,7,8,9,10,accuracy,macro avg,weighted avg
precision,0.07297297297297298,0.10077519379844961,0.0,0.0,0.0,0.0,0.0,0.0,0.0,0.0,0.08718626155878467,0.017374816677142257,0.015079621417368337
recall,0.47368421052631576,0.5416666666666666,0.0,0.0,0.0,0.0,0.0,0.0,0.0,0.0,0.08718626155878467,0.10153508771929824,0.08718626155878467
f1-score,0.12646370023419204,0.16993464052287582,0.0,0.0,0.0,0.0,0.0,0.0,0.0,0.0,0.08718626155878467,0.029639834075706785,0.025685237821659188
support,57.0,72.0,84.0,83.0,62.0,80.0,73.0,87.0,83.0,76.0,0.08718626155878467,757.0,757.0
