,1,2,3,4,5,6,7,8,9,10,accuracy,macro avg,weighted avg
precision,0.09243697478991597,0.1025,0.0,0.0,0.0,0.0,0.0,0.0,0.0,0.0,0.0977542932628798,0.019493697478991594,0.01670925701852736
recall,0.5789473684210527,0.5694444444444444,0.0,0.0,0.0,0.0,0.0,0.0,0.0,0.0,0.0977542932628798,0.11483918128654971,0.0977542932628798
f1-score,0.15942028985507248,0.17372881355932202,0.0,0.0,0.0,0.0,0.0,0.0,0.0,0.0,0.0977542932628798,0.03331491034143945,0.028527650063421818
support,57.0,72.0,84.0,83.0,62.0,80.0,73.0,87.0,83.0,76.0,0.0977542932628798,757.0,757.0
