,1,2,3,4,5,6,7,8,9,10,accuracy,macro avg,weighted avg
precision,0.13440860215053763,0.07894736842105263,0.0,0.0,0.0,0.0,0.0,0.0,0.0,0.0,0.10638297872340426,0.021335597057159025,0.027049543040855394
recall,0.49019607843137253,0.35714285714285715,0.0,0.0,0.0,0.0,0.0,0.0,0.0,0.0,0.10638297872340426,0.08473389355742297,0.10638297872340426
f1-score,0.2109704641350211,0.12931034482758622,0.0,0.0,0.0,0.0,0.0,0.0,0.0,0.0,0.10638297872340426,0.034028080896260735,0.04305991530224654
support,102.0,84.0,74.0,74.0,70.0,104.0,73.0,68.0,61.0,42.0,0.10638297872340426,752.0,752.0
