,1,2,3,4,5,6,7,8,9,10,accuracy,macro avg,weighted avg
precision,0.08354430379746836,0.09404990403071017,0.0,0.0,0.0,0.0,0.0,0.0,0.0,0.0,0.08951965065502183,0.017759420782817854,0.016628362413055518
recall,0.4074074074074074,0.5444444444444444,0.0,0.0,0.0,0.0,0.0,0.0,0.0,0.0,0.08951965065502183,0.09518518518518518,0.08951965065502183
f1-score,0.13865546218487396,0.16039279869067102,0.0,0.0,0.0,0.0,0.0,0.0,0.0,0.0,0.08951965065502183,0.029904826087554497,0.02802013571957989
support,81.0,90.0,88.0,68.0,68.0,71.0,104.0,109.0,119.0,118.0,0.08951965065502183,916.0,916.0
