,1,2,3,4,5,6,7,8,9,10,accuracy,macro avg,weighted avg
precision,0.13076923076923078,0.09944751381215469,0.0,0.0,0.0,0.0,0.0,0.0,0.0,0.0,0.11569148936170212,0.023021674458138547,0.028845814758886344
recall,0.5,0.42857142857142855,0.0,0.0,0.0,0.0,0.0,0.0,0.0,0.0,0.11569148936170212,0.09285714285714286,0.11569148936170212
f1-score,0.20731707317073172,0.1614349775784753,0.0,0.0,0.0,0.0,0.0,0.0,0.0,0.0,0.11569148936170212,0.0368752050749207,0.04615276539894489
support,102.0,84.0,74.0,74.0,70.0,104.0,73.0,68.0,61.0,42.0,0.11569148936170212,752.0,752.0
