,1,2,3,4,5,6,7,8,9,10,accuracy,macro avg,weighted avg
precision,0.08602150537634409,0.12096774193548387,0.05128205128205128,0.08450704225352113,0.039647577092511016,0.0,0.0,0.0,0.0,0.0,0.07397622192866579,0.03824259179399113,0.03618603675069577
recall,0.2807017543859649,0.20833333333333334,0.047619047619047616,0.14457831325301204,0.14516129032258066,0.0,0.0,0.0,0.0,0.0,0.07397622192866579,0.08263937389139385,0.07397622192866579
f1-score,0.1316872427983539,0.15306122448979592,0.049382716049382706,0.10666666666666667,0.062283737024221464,0.0,0.0,0.0,0.0,0.0,0.07397622192866579,0.05030815870284207,0.04674987342107621
support,57.0,72.0,84.0,83.0,62.0,80.0,73.0,87.0,83.0,76.0,0.07397622192866579,757.0,757.0
