,1,2,3,4,5,6,7,8,9,10,accuracy,macro avg,weighted avg
precision,0.08823529411764706,0.07692307692307693,0.11904761904761904,0.21818181818181817,0.15,0.0,0.06896551724137931,0.04918032786885246,0.06862745098039216,0.05365853658536585,0.08244680851063829,0.0892819640946151,0.08741382302740527
recall,0.029411764705882353,0.023809523809523808,0.13513513513513514,0.16216216216216217,0.04285714285714286,0.0,0.0547945205479452,0.04411764705882353,0.22950819672131148,0.2619047619047619,0.08244680851063829,0.09837008549026885,0.08244680851063829
f1-score,0.04411764705882353,0.03636363636363636,0.12658227848101267,0.186046511627907,0.06666666666666667,0.0,0.061068702290076333,0.04651162790697674,0.10566037735849057,0.08906882591093118,0.08244680851063829,0.07620862736645209,0.07069510938995904
support,102.0,84.0,74.0,74.0,70.0,104.0,73.0,68.0,61.0,42.0,0.08244680851063829,752.0,752.0
