,1,2,3,4,5,6,7,8,9,10,accuracy,macro avg,weighted avg
precision,0.11578947368421053,0.14942528735632185,0.07407407407407407,0.08333333333333333,0.10355987055016182,0.0,0.0,0.0,0.0,0.0,0.11037234042553191,0.05261820389981016,0.05752604992071807
recall,0.10784313725490197,0.30952380952380953,0.05405405405405406,0.13513513513513514,0.45714285714285713,0.0,0.0,0.0,0.0,0.0,0.11037234042553191,0.1063698993110758,0.11037234042553191
f1-score,0.1116751269035533,0.20155038759689922,0.0625,0.10309278350515463,0.16886543535620052,0.0,0.0,0.0,0.0,0.0,0.11037234042553191,0.06476837333618077,0.06967492281465086
support,102.0,84.0,74.0,74.0,70.0,104.0,73.0,68.0,61.0,42.0,0.11037234042553191,752.0,752.0
