,1,2,3,4,5,6,7,8,9,10,accuracy,macro avg,weighted avg
precision,0.10666666666666667,0.1388888888888889,0.07142857142857142,0.0962962962962963,0.096,0.0,0.0,0.0,0.0,0.0,0.10372340425531915,0.050928042328042336,0.05542328042328042
recall,0.0784313725490196,0.2976190476190476,0.10810810810810811,0.17567567567567569,0.34285714285714286,0.0,0.0,0.0,0.0,0.0,0.10372340425531915,0.1002691346808994,0.10372340425531915
f1-score,0.0903954802259887,0.1893939393939394,0.08602150537634409,0.12440191387559808,0.15000000000000002,0.0,0.0,0.0,0.0,0.0,0.10372340425531915,0.06402128388718703,0.06808612089998069
support,102.0,84.0,74.0,74.0,70.0,104.0,73.0,68.0,61.0,42.0,0.10372340425531915,752.0,752.0
