,1,2,3,4,5,6,7,8,9,10,accuracy,macro avg,weighted avg
precision,0.07328605200945626,0.10179640718562874,0.0,0.0,0.0,0.0,0.0,0.0,0.0,0.0,0.08586525759577279,0.0175082459195085,0.015200325339371566
recall,0.543859649122807,0.4722222222222222,0.0,0.0,0.0,0.0,0.0,0.0,0.0,0.0,0.08586525759577279,0.10160818713450293,0.08586525759577279
f1-score,0.12916666666666665,0.16748768472906403,0.0,0.0,0.0,0.0,0.0,0.0,0.0,0.0,0.08586525759577279,0.029665435139573072,0.02565602813803515
support,57.0,72.0,84.0,83.0,62.0,80.0,73.0,87.0,83.0,76.0,0.08586525759577279,757.0,757.0
