,1,2,3,4,5,6,7,8,9,10,accuracy,macro avg,weighted avg
precision,0.13793103448275862,0.08670520231213873,0.0,0.0,0.0,0.0,0.0,0.0,0.0,0.0,0.11436170212765957,0.022463623679489737,0.02839388631843222
recall,0.5490196078431373,0.35714285714285715,0.0,0.0,0.0,0.0,0.0,0.0,0.0,0.0,0.11436170212765957,0.09061624649859945,0.11436170212765957
f1-score,0.22047244094488186,0.13953488372093023,0.0,0.0,0.0,0.0,0.0,0.0,0.0,0.0,0.11436170212765957,0.03600073246658121,0.0454908500118831
support,102.0,84.0,74.0,74.0,70.0,104.0,73.0,68.0,61.0,42.0,0.11436170212765957,752.0,752.0
