,1,2,3,4,5,6,7,8,9,10,accuracy,macro avg,weighted avg
precision,0.1012987012987013,0.09946236559139784,0.0,0.0,0.0,0.0,0.0,0.0,0.0,0.0,0.10039630118890357,0.020076106689009915,0.017087604090629614
recall,0.6842105263157895,0.5138888888888888,0.0,0.0,0.0,0.0,0.0,0.0,0.0,0.0,0.10039630118890357,0.11980994152046782,0.10039630118890357
f1-score,0.1764705882352941,0.16666666666666666,0.0,0.0,0.0,0.0,0.0,0.0,0.0,0.0,0.10039630118890357,0.03431372549019608,0.029139793301732848
support,57.0,72.0,84.0,83.0,62.0,80.0,73.0,87.0,83.0,76.0,0.10039630118890357,757.0,757.0
