,1,2,3,4,5,6,7,8,9,10,accuracy,macro avg,weighted avg
precision,0.07954545454545454,0.12437810945273632,0.0779816513761468,0.09401709401709402,0.1111111111111111,0.0,0.0,0.0,0.0,0.0,0.095112285336856,0.04870334205025428,0.045881216905669674
recall,0.24561403508771928,0.3472222222222222,0.20238095238095238,0.13253012048192772,0.08064516129032258,0.0,0.0,0.0,0.0,0.0,0.095112285336856,0.10083924914631441,0.095112285336856
f1-score,0.1201716738197425,0.18315018315018314,0.11258278145695363,0.11,0.09345794392523366,0.0,0.0,0.0,0.0,0.0,0.095112285336856,0.061936258235211296,0.058676281057182436
support,57.0,72.0,84.0,83.0,62.0,80.0,73.0,87.0,83.0,76.0,0.095112285336856,757.0,757.0
