,1,2,3,4,5,6,7,8,9,10,accuracy,macro avg,weighted avg
precision,0.08571428571428572,0.06930693069306931,0.10236220472440945,0.03728813559322034,0.0481283422459893,0.0,0.0,0.0,0.0,0.0,0.0611353711790393,0.03427998989709741,0.030564056128873
recall,0.1111111111111111,0.15555555555555556,0.14772727272727273,0.16176470588235295,0.1323529411764706,0.0,0.0,0.0,0.0,0.0,0.0611353711790393,0.07085115864527629,0.0611353711790393
f1-score,0.0967741935483871,0.09589041095890412,0.12093023255813952,0.060606060606060615,0.07058823529411765,0.0,0.0,0.0,0.0,0.0,0.0611353711790393,0.044478913296560896,0.03933615638651651
support,81.0,90.0,88.0,68.0,68.0,71.0,104.0,109.0,119.0,118.0,0.0611353711790393,916.0,916.0
