,1,2,3,4,5,6,7,8,9,10,accuracy,macro avg,weighted avg
precision,0.09586056644880174,0.10284463894967177,0.0,0.0,0.0,0.0,0.0,0.0,0.0,0.0,0.09934497816593886,0.019870520539847353,0.018581575750898912
recall,0.5432098765432098,0.5222222222222223,0.0,0.0,0.0,0.0,0.0,0.0,0.0,0.0,0.09934497816593886,0.10654320987654323,0.09934497816593886
f1-score,0.16296296296296298,0.17184643510054845,0.0,0.0,0.0,0.0,0.0,0.0,0.0,0.0,0.09934497816593886,0.03348093980635114,0.03129495541380935
support,81.0,90.0,88.0,68.0,68.0,71.0,104.0,109.0,119.0,118.0,0.09934497816593886,916.0,916.0
