,1,2,3,4,5,6,7,8,9,10,accuracy,macro avg,weighted avg
precision,0.13559322033898305,0.09144542772861357,0.0,0.0,0.0,0.0,0.0,0.0,0.0,0.0,0.11569148936170212,0.02270386480675966,0.028606282451834854
recall,0.5490196078431373,0.36904761904761907,0.0,0.0,0.0,0.0,0.0,0.0,0.0,0.0,0.11569148936170212,0.09180672268907564,0.11569148936170212
f1-score,0.21747572815533983,0.14657210401891252,0.0,0.0,0.0,0.0,0.0,0.0,0.0,0.0,0.11569148936170212,0.036404783217425234,0.045870453469991114
support,102.0,84.0,74.0,74.0,70.0,104.0,73.0,68.0,61.0,42.0,0.11569148936170212,752.0,752.0
