,1,2,3,4,5,6,7,8,9,10,accuracy,macro avg,weighted avg
precision,0.0681265206812652,0.08316831683168317,0.0,0.0,0.0,0.0,0.0,0.0,0.0,0.0,0.07641921397379912,0.015129483751294836,0.014195847914884242
recall,0.345679012345679,0.4666666666666667,0.0,0.0,0.0,0.0,0.0,0.0,0.0,0.0,0.07641921397379912,0.08123456790123457,0.07641921397379912
f1-score,0.1138211382113821,0.1411764705882353,0.0,0.0,0.0,0.0,0.0,0.0,0.0,0.0,0.07641921397379912,0.025499760879961742,0.02393602024897721
support,81.0,90.0,88.0,68.0,68.0,71.0,104.0,109.0,119.0,118.0,0.07641921397379912,916.0,916.0
