,1,2,3,4,5,6,7,8,9,10,accuracy,macro avg,weighted avg
precision,0.09482758620689655,0.10176991150442478,0.0,0.0,0.0,0.0,0.0,0.0,0.0,0.0,0.0982532751091703,0.019659749771132135,0.018384635936852457
recall,0.5432098765432098,0.5111111111111111,0.0,0.0,0.0,0.0,0.0,0.0,0.0,0.0,0.0982532751091703,0.1054320987654321,0.0982532751091703
f1-score,0.16146788990825686,0.16974169741697415,0.0,0.0,0.0,0.0,0.0,0.0,0.0,0.0,0.0982532751091703,0.0331209587325231,0.03095595180141537
support,81.0,90.0,88.0,68.0,68.0,71.0,104.0,109.0,119.0,118.0,0.0982532751091703,916.0,916.0
