,1,2,3,4,5,6,7,8,9,10,accuracy,macro avg,weighted avg
precision,0.08125,0.09326424870466321,0.0903954802259887,0.07741935483870968,0.06944444444444445,0.0,0.0,0.0,0.0,0.0,0.0845442536327609,0.041177352821380596,0.03919532133802809
recall,0.22807017543859648,0.25,0.19047619047619047,0.14457831325301204,0.08064516129032258,0.0,0.0,0.0,0.0,0.0,0.0845442536327609,0.08937698404581217,0.0845442536327609
f1-score,0.11981566820276497,0.13584905660377358,0.12260536398467432,0.10084033613445378,0.07462686567164178,0.0,0.0,0.0,0.0,0.0,0.0845442536327609,0.05537372905973085,0.052716102124892195
support,57.0,72.0,84.0,83.0,62.0,80.0,73.0,87.0,83.0,76.0,0.0845442536327609,757.0,757.0
