,1,2,3,4,5,6,7,8,9,10,accuracy,macro avg,weighted avg
precision,0.10655737704918032,0.10103626943005181,0.0,0.0,0.0,0.0,0.0,0.0,0.0,0.0,0.10372340425531915,0.02075936464792321,0.025739227514814823
recall,0.38235294117647056,0.4642857142857143,0.0,0.0,0.0,0.0,0.0,0.0,0.0,0.0,0.10372340425531915,0.08466386554621849,0.10372340425531915
f1-score,0.16666666666666666,0.16595744680851063,0.0,0.0,0.0,0.0,0.0,0.0,0.0,0.0,0.10372340425531915,0.03326241134751773,0.041144182888184694
support,102.0,84.0,74.0,74.0,70.0,104.0,73.0,68.0,61.0,42.0,0.10372340425531915,752.0,752.0
