,1,2,3,4,5,6,7,8,9,10,accuracy,macro avg,weighted avg
precision,0.11504424778761062,0.11636363636363636,0.08080808080808081,0.06299212598425197,0.06857142857142857,0.0,0.0,0.0,0.0,0.0,0.08842794759825327,0.044377951951500835,0.03913618358561258
recall,0.16049382716049382,0.35555555555555557,0.09090909090909091,0.23529411764705882,0.17647058823529413,0.0,0.0,0.0,0.0,0.0,0.08842794759825327,0.10187231795074932,0.08842794759825327
f1-score,0.13402061855670103,0.17534246575342466,0.08556149732620322,0.09937888198757763,0.09876543209876543,0.0,0.0,0.0,0.0,0.0,0.08842794759825327,0.059306889572267193,0.05200842482912469
support,81.0,90.0,88.0,68.0,68.0,71.0,104.0,109.0,119.0,118.0,0.08842794759825327,916.0,916.0
