,1,2,3,4,5,6,7,8,9,10,accuracy,macro avg,weighted avg
precision,0.07547169811320754,0.15306122448979592,0.14473684210526316,0.08888888888888889,0.05821917808219178,0.0,0.0,0.0,0.0,0.0,0.08909574468085106,0.052037783167934726,0.05574322157448231
recall,0.0784313725490196,0.17857142857142858,0.14864864864864866,0.21621621621621623,0.24285714285714285,0.0,0.0,0.0,0.0,0.0,0.08909574468085106,0.0864724808842456,0.08909574468085106
f1-score,0.07692307692307693,0.16483516483516483,0.14666666666666667,0.12598425196850394,0.09392265193370167,0.0,0.0,0.0,0.0,0.0,0.08909574468085106,0.0608331812327114,0.06441896450354978
support,102.0,84.0,74.0,74.0,70.0,104.0,73.0,68.0,61.0,42.0,0.08909574468085106,752.0,752.0
