,1,2,3,4,5,6,7,8,9,10,accuracy,macro avg,weighted avg
precision,0.11578947368421053,0.07518796992481203,0.08108108108108109,0.10382513661202186,0.07865168539325842,0.0,0.0,0.0,0.0,0.0,0.08909574468085106,0.04545353466953839,0.049621002495068345
recall,0.10784313725490197,0.11904761904761904,0.08108108108108109,0.25675675675675674,0.3,0.0,0.0,0.0,0.0,0.0,0.08909574468085106,0.08647285941403589,0.08909574468085106
f1-score,0.1116751269035533,0.09216589861751152,0.08108108108108109,0.14785992217898833,0.12462908011869435,0.0,0.0,0.0,0.0,0.0,0.08909574468085106,0.05574111088998286,0.05957243122019566
support,102.0,84.0,74.0,74.0,70.0,104.0,73.0,68.0,61.0,42.0,0.08909574468085106,752.0,752.0
