,1,2,3,4,5,6,7,8,9,10,accuracy,macro avg,weighted avg
precision,0.07692307692307693,0.22784810126582278,0.091324200913242,0.0755813953488372,0.1111111111111111,0.0,0.0,0.0,0.0,0.0,0.11702127659574468,0.05827878855620901,0.06265184342241303
recall,0.0784313725490196,0.42857142857142855,0.2702702702702703,0.17567567567567569,0.15714285714285714,0.0,0.0,0.0,0.0,0.0,0.11702127659574468,0.11100916042092512,0.11702127659574468
f1-score,0.07766990291262137,0.2975206611570248,0.13651877133105803,0.1056910569105691,0.13017751479289938,0.0,0.0,0.0,0.0,0.0,0.11702127659574468,0.07475779071041727,0.079720769893166
support,102.0,84.0,74.0,74.0,70.0,104.0,73.0,68.0,61.0,42.0,0.11702127659574468,752.0,752.0
