,1,2,3,4,5,6,7,8,9,10,accuracy,macro avg,weighted avg
precision,0.12987012987012986,0.12422360248447205,0.12380952380952381,0.04819277108433735,0.05555555555555555,0.0,0.0,0.0,0.0,0.0,0.10372340425531915,0.04816515828040187,0.053588556604366365
recall,0.19607843137254902,0.23809523809523808,0.35135135135135137,0.05405405405405406,0.11428571428571428,0.0,0.0,0.0,0.0,0.0,0.10372340425531915,0.0953864789158907,0.10372340425531915
f1-score,0.15624999999999997,0.16326530612244897,0.18309859154929578,0.050955414012738856,0.0747663551401869,0.0,0.0,0.0,0.0,0.0,0.10372340425531915,0.06283356668246705,0.06942211035331032
support,102.0,84.0,74.0,74.0,70.0,104.0,73.0,68.0,61.0,42.0,0.10372340425531915,752.0,752.0
