,1,2,3,4,5,6,7,8,9,10,accuracy,macro avg,weighted avg
precision,0.09876543209876543,0.058823529411764705,0.1125,0.1774193548387097,0.13636363636363635,0.203125,0.07142857142857142,0.06578947368421052,0.1206896551724138,0.06,0.12101063829787234,0.11049046529980719,0.11530555350865775
recall,0.0784313725490196,0.03571428571428571,0.12162162162162163,0.14864864864864866,0.21428571428571427,0.25,0.0547945205479452,0.07352941176470588,0.11475409836065574,0.07142857142857142,0.12101063829787234,0.11632082449211681,0.12101063829787234
f1-score,0.08743169398907104,0.044444444444444446,0.11688311688311688,0.16176470588235295,0.16666666666666663,0.22413793103448276,0.06201550387596899,0.06944444444444443,0.11764705882352941,0.06521739130434782,0.12101063829787234,0.11156529573484256,0.1162410525629017
support,102.0,84.0,74.0,74.0,70.0,104.0,73.0,68.0,61.0,42.0,0.12101063829787234,752.0,752.0
