,1,2,3,4,5,6,7,8,9,10,accuracy,macro avg,weighted avg
precision,0.0625,0.08997429305912596,0.0,0.0,0.0,0.0,0.0,0.0,0.0,0.0,0.07661822985468957,0.015247429305912597,0.013263737252651347
recall,0.40350877192982454,0.4861111111111111,0.0,0.0,0.0,0.0,0.0,0.0,0.0,0.0,0.07661822985468957,0.08896198830409356,0.07661822985468957
f1-score,0.10823529411764705,0.15184381778741868,0.0,0.0,0.0,0.0,0.0,0.0,0.0,0.0,0.07661822985468957,0.02600791119050657,0.022592029914663178
support,57.0,72.0,84.0,83.0,62.0,80.0,73.0,87.0,83.0,76.0,0.07661822985468957,757.0,757.0
