,1,2,3,4,5,6,7,8,9,10,accuracy,macro avg,weighted avg
precision,0.09230769230769231,0.08676789587852494,0.0,0.0,0.0,0.0,0.0,0.0,0.0,0.0,0.08951965065502183,0.017907558818621726,0.01668780972269686
recall,0.5185185185185185,0.4444444444444444,0.0,0.0,0.0,0.0,0.0,0.0,0.0,0.0,0.08951965065502183,0.0962962962962963,0.08951965065502183
f1-score,0.15671641791044777,0.14519056261343014,0.0,0.0,0.0,0.0,0.0,0.0,0.0,0.0,0.08951965065502183,0.030190698052387787,0.028123559482483605
support,81.0,90.0,88.0,68.0,68.0,71.0,104.0,109.0,119.0,118.0,0.08951965065502183,916.0,916.0
