,1,2,3,4,5,6,7,8,9,10,accuracy,macro avg,weighted avg
precision,0.07801418439716312,0.09848484848484848,0.13008130081300814,0.0379746835443038,0.052980132450331126,0.0,0.0,0.0,0.0,0.0,0.07641921397379912,0.03975351496896547,0.03582409089409003
recall,0.13580246913580246,0.28888888888888886,0.18181818181818182,0.1323529411764706,0.11764705882352941,0.0,0.0,0.0,0.0,0.0,0.07641921397379912,0.08565095398428732,0.07641921397379912
f1-score,0.09909909909909909,0.14689265536723162,0.1516587677725119,0.05901639344262295,0.07305936073059362,0.0,0.0,0.0,0.0,0.0,0.07641921397379912,0.052972627641205916,0.04757040268322887
support,81.0,90.0,88.0,68.0,68.0,71.0,104.0,109.0,119.0,118.0,0.07641921397379912,916.0,916.0
