,1,2,3,4,5,6,7,8,9,10,accuracy,macro avg,weighted avg
precision,0.11320754716981132,0.1415929203539823,0.10407239819004525,0.0830188679245283,0.13333333333333333,0.0,0.0,0.0,0.0,0.0,0.10700132100396301,0.05752250669717005,0.05356252920281676
recall,0.10526315789473684,0.2222222222222222,0.27380952380952384,0.26506024096385544,0.22580645161290322,0.0,0.0,0.0,0.0,0.0,0.10700132100396301,0.10921615965032416,0.10700132100396301
f1-score,0.10909090909090909,0.17297297297297295,0.15081967213114753,0.12643678160919541,0.16766467065868262,0.0,0.0,0.0,0.0,0.0,0.10700132100396301,0.07269850064629076,0.06899676457814241
support,57.0,72.0,84.0,83.0,62.0,80.0,73.0,87.0,83.0,76.0,0.10700132100396301,757.0,757.0
