,1,2,3,4,5,6,7,8,9,10,accuracy,macro avg,weighted avg
precision,0.12781954887218044,0.0906515580736544,0.0,0.0,0.0,0.0,0.0,0.0,0.0,0.0,0.11037234042553191,0.021847110694583484,0.027463197956315657
recall,0.5,0.38095238095238093,0.0,0.0,0.0,0.0,0.0,0.0,0.0,0.0,0.11037234042553191,0.08809523809523809,0.11037234042553191
f1-score,0.20359281437125745,0.1464530892448513,0.0,0.0,0.0,0.0,0.0,0.0,0.0,0.0,0.11037234042553191,0.035004590361610875,0.04397410447132415
support,102.0,84.0,74.0,74.0,70.0,104.0,73.0,68.0,61.0,42.0,0.11037234042553191,752.0,752.0
