,1,2,3,4,5,6,7,8,9,10,accuracy,macro avg,weighted avg
precision,0.12771739130434784,0.09114583333333333,0.0,0.0,0.0,0.0,0.0,0.0,0.0,0.0,0.10904255319148937,0.021886322463768114,0.02750455307585569
recall,0.46078431372549017,0.4166666666666667,0.0,0.0,0.0,0.0,0.0,0.0,0.0,0.0,0.10904255319148937,0.08774509803921568,0.10904255319148937
f1-score,0.2,0.14957264957264957,0.0,0.0,0.0,0.0,0.0,0.0,0.0,0.0,0.10904255319148937,0.03495726495726496,0.04383524277141299
support,102.0,84.0,74.0,74.0,70.0,104.0,73.0,68.0,61.0,42.0,0.10904255319148937,752.0,752.0
