,1,2,3,4,5,6,7,8,9,10,accuracy,macro avg,weighted avg
precision,0.0967741935483871,0.13690476190476192,0.11440677966101695,0.08092485549132948,0.13333333333333333,0.0,0.0,0.0,0.0,0.0,0.10807860262008734,0.05623439239388287,0.04890555862346561
recall,0.3333333333333333,0.25555555555555554,0.3068181818181818,0.20588235294117646,0.11764705882352941,0.0,0.0,0.0,0.0,0.0,0.10807860262008734,0.12192364824717765,0.10807860262008734
f1-score,0.15000000000000002,0.17829457364341086,0.16666666666666669,0.11618257261410787,0.125,0.0,0.0,0.0,0.0,0.0,0.10807860262008734,0.07361438129241854,0.06469824588682639
support,81.0,90.0,88.0,68.0,68.0,71.0,104.0,109.0,119.0,118.0,0.10807860262008734,916.0,916.0
