,1,2,3,4,5,6,7,8,9,10,accuracy,macro avg,weighted avg
precision,0.13451776649746192,0.09776536312849161,0.0,0.0,0.0,0.0,0.0,0.0,0.0,0.0,0.11702127659574468,0.023228312962595355,0.0291663599541681
recall,0.5196078431372549,0.4166666666666667,0.0,0.0,0.0,0.0,0.0,0.0,0.0,0.0,0.11702127659574468,0.09362745098039216,0.11702127659574468
f1-score,0.21370967741935482,0.15837104072398187,0.0,0.0,0.0,0.0,0.0,0.0,0.0,0.0,0.11702127659574468,0.037208071814333665,0.04667759909253812
support,102.0,84.0,74.0,74.0,70.0,104.0,73.0,68.0,61.0,42.0,0.11702127659574468,752.0,752.0
