,1,2,3,4,5,6,7,8,9,10,accuracy,macro avg,weighted avg
precision,0.14492753623188406,0.14705882352941177,0.19642857142857142,0.15492957746478872,0.06818181818181818,0.14049586776859505,0.22641509433962265,0.11627906976744186,0.0,0.18181818181818182,0.14663143989431968,0.13765345405303156,0.13756666408509186
recall,0.17543859649122806,0.1388888888888889,0.2619047619047619,0.26506024096385544,0.0967741935483871,0.2125,0.1643835616438356,0.11494252873563218,0.0,0.02631578947368421,0.14663143989431968,0.14562085616502735,0.14663143989431968
f1-score,0.15873015873015875,0.14285714285714288,0.22448979591836735,0.19555555555555557,0.08,0.1691542288557214,0.1904761904761905,0.11560693641618497,0.0,0.04597701149425287,0.14663143989431968,0.13228470203035742,0.13259015040499103
support,57.0,72.0,84.0,83.0,62.0,80.0,73.0,87.0,83.0,76.0,0.14663143989431968,757.0,757.0
