,1,2,3,4,5,6,7,8,9,10,accuracy,macro avg,weighted avg
precision,0.11403508771929824,0.09523809523809523,0.08947368421052632,0.046052631578947366,0.07586206896551724,0.0,0.0,0.0,0.0,0.0,0.0851528384279476,0.04206615677123844,0.03708750493912843
recall,0.16049382716049382,0.3333333333333333,0.19318181818181818,0.10294117647058823,0.16176470588235295,0.0,0.0,0.0,0.0,0.0,0.0851528384279476,0.09517148610285865,0.0851528384279476
f1-score,0.13333333333333333,0.14814814814814814,0.12230215827338131,0.06363636363636363,0.10328638497652581,0.0,0.0,0.0,0.0,0.0,0.0851528384279476,0.05707063883677521,0.05048763118675477
support,81.0,90.0,88.0,68.0,68.0,71.0,104.0,109.0,119.0,118.0,0.0851528384279476,916.0,916.0
