,1,2,3,4,5,6,7,8,9,10,accuracy,macro avg,weighted avg
precision,0.07407407407407407,0.09090909090909091,0.14035087719298245,0.10588235294117647,0.10344827586206896,0.059322033898305086,0.13978494623655913,0.14423076923076922,0.16774193548387098,0.15306122448979592,0.12445414847161572,0.11788055803186932,0.12364666551018946
recall,0.04938271604938271,0.06666666666666667,0.18181818181818182,0.1323529411764706,0.04411764705882353,0.09859154929577464,0.125,0.13761467889908258,0.2184873949579832,0.1271186440677966,0.12445414847161572,0.11811504199901623,0.12445414847161572
f1-score,0.059259259259259255,0.07692307692307691,0.15841584158415842,0.11764705882352941,0.061855670103092786,0.07407407407407408,0.1319796954314721,0.1408450704225352,0.18978102189781026,0.1388888888888889,0.12445414847161572,0.11496696574078973,0.12137548832359189
support,81.0,90.0,88.0,68.0,68.0,71.0,104.0,109.0,119.0,118.0,0.12445414847161572,916.0,916.0
