,1,2,3,4,5,6,7,8,9,10,accuracy,macro avg,weighted avg
precision,0.043243243243243246,0.1349206349206349,0.08,0.07042253521126761,0.10843373493975904,0.1032258064516129,0.07272727272727272,0.12,0.1044776119402985,0.08333333333333333,0.0906113537117904,0.09207841727674222,0.09288932750192073
recall,0.09876543209876543,0.18888888888888888,0.06818181818181818,0.07352941176470588,0.1323529411764706,0.22535211267605634,0.038461538461538464,0.08256880733944955,0.058823529411764705,0.01694915254237288,0.0906113537117904,0.0983873632541831,0.0906113537117904
f1-score,0.06015037593984963,0.1574074074074074,0.07361963190184048,0.07194244604316546,0.11920529801324503,0.1415929203539823,0.050314465408805034,0.09782608695652174,0.07526881720430108,0.028169014084507043,0.0906113537117904,0.08754964633136252,0.08378296883863029
support,81.0,90.0,88.0,68.0,68.0,71.0,104.0,109.0,119.0,118.0,0.0906113537117904,916.0,916.0
