,1,2,3,4,5,6,7,8,9,10,accuracy,macro avg,weighted avg
precision,0.06382978723404255,0.11650485436893204,0.0967741935483871,0.1414141414141414,0.12727272727272726,0.09027777777777778,0.12,0.09523809523809523,0.0625,0.08333333333333333,0.10171730515191546,0.09971449101874366,0.09983187888311851
recall,0.10526315789473684,0.16666666666666666,0.10714285714285714,0.1686746987951807,0.11290322580645161,0.1625,0.0821917808219178,0.06896551724137931,0.024096385542168676,0.02631578947368421,0.10171730515191546,0.10247200793850428,0.10171730515191546
f1-score,0.07947019867549669,0.13714285714285712,0.10169491525423728,0.15384615384615383,0.11965811965811965,0.11607142857142858,0.0975609756097561,0.08,0.03478260869565218,0.04,0.10171730515191546,0.09602272574537014,0.09567914945197459
support,57.0,72.0,84.0,83.0,62.0,80.0,73.0,87.0,83.0,76.0,0.10171730515191546,757.0,757.0
