,1,2,3,4,5,6,7,8,9,10,accuracy,macro avg,weighted avg
precision,0.046875,0.08450704225352113,0.1111111111111111,0.17045454545454544,0.088,0.11320754716981132,0.09230769230769231,0.21875,0.057692307692307696,0.19047619047619047,0.11096433289299867,0.11733814364651796,0.12124756931969957
recall,0.05263157894736842,0.08333333333333333,0.047619047619047616,0.18072289156626506,0.1774193548387097,0.15,0.1643835616438356,0.16091954022988506,0.03614457831325301,0.05263157894736842,0.11096433289299867,0.11058054654390662,0.11096433289299867
f1-score,0.049586776859504134,0.08391608391608392,0.06666666666666667,0.17543859649122806,0.1176470588235294,0.12903225806451613,0.11822660098522168,0.18543046357615892,0.04444444444444445,0.08247422680412371,0.11096433289299867,0.1052863176631477,0.1074853744425246
support,57.0,72.0,84.0,83.0,62.0,80.0,73.0,87.0,83.0,76.0,0.11096433289299867,757.0,757.0
