,1,2,3,4,5,6,7,8,9,10,accuracy,macro avg,weighted avg
precision,0.13636363636363635,0.057971014492753624,0.16,0.12195121951219512,0.07894736842105263,0.20987654320987653,0.09090909090909091,0.05714285714285714,0.0449438202247191,0.1111111111111111,0.10838709677419354,0.10692166613872925,0.11221381575007643
recall,0.05405405405405406,0.04081632653061224,0.16216216216216217,0.2702702702702703,0.08571428571428572,0.16346153846153846,0.0547945205479452,0.058823529411764705,0.06557377049180328,0.16666666666666666,0.10838709677419354,0.11223371243111027,0.10838709677419354
f1-score,0.07741935483870968,0.04790419161676646,0.1610738255033557,0.1680672268907563,0.0821917808219178,0.18378378378378377,0.06837606837606837,0.05797101449275362,0.05333333333333333,0.13333333333333333,0.10838709677419354,0.10334539129907785,0.10361077486973613
support,111.0,98.0,74.0,74.0,70.0,104.0,73.0,68.0,61.0,42.0,0.10838709677419354,775.0,775.0
