,1,2,3,4,5,6,7,8,9,10,accuracy,macro avg,weighted avg
precision,0.05263157894736842,0.07894736842105263,0.2236842105263158,0.22580645161290322,0.029411764705882353,0.06521739130434782,0.10852713178294573,0.10112359550561797,0.06993006993006994,0.10526315789473684,0.10303830911492734,0.10605427206312408,0.11067499292450385
recall,0.07017543859649122,0.041666666666666664,0.20238095238095238,0.08433734939759036,0.016129032258064516,0.0375,0.1917808219178082,0.10344827586206896,0.12048192771084337,0.13157894736842105,0.10303830911492734,0.09994794121589065,0.10303830911492734
f1-score,0.06015037593984962,0.05454545454545455,0.21250000000000002,0.12280701754385964,0.020833333333333332,0.047619047619047616,0.13861386138613863,0.10227272727272727,0.08849557522123894,0.11695906432748537,0.10303830911492734,0.09647964571891351,0.10006681357244661
support,57.0,72.0,84.0,83.0,62.0,80.0,73.0,87.0,83.0,76.0,0.10303830911492734,757.0,757.0
