,1,2,3,4,5,6,7,8,9,10,accuracy,macro avg,weighted avg
precision,0.1326530612244898,0.1565217391304348,0.14457831325301204,0.10576923076923077,0.125,0.049019607843137254,0.08823529411764706,0.16049382716049382,0.14814814814814814,0.1875,0.1299126637554585,0.12979192216465937,0.1344458223523112
recall,0.16049382716049382,0.2,0.13636363636363635,0.16176470588235295,0.16176470588235295,0.07042253521126761,0.057692307692307696,0.11926605504587157,0.10084033613445378,0.15254237288135594,0.1299126637554585,0.13211504822540926,0.1299126637554585
f1-score,0.1452513966480447,0.17560975609756097,0.14035087719298245,0.12790697674418605,0.14102564102564105,0.057803468208092484,0.06976744186046513,0.1368421052631579,0.12,0.16822429906542055,0.1299126637554585,0.12827819621055514,0.12949197962693187
support,81.0,90.0,88.0,68.0,68.0,71.0,104.0,109.0,119.0,118.0,0.1299126637554585,916.0,916.0
