,1,2,3,4,5,6,7,8,9,10,accuracy,macro avg,weighted avg
precision,0.0847457627118644,0.1891891891891892,0.09615384615384616,0.1111111111111111,0.1320754716981132,0.15853658536585366,0.0967741935483871,0.0958904109589041,0.045871559633027525,0.060810810810810814,0.10064516129032258,0.1071158941181107,0.11349070735740321
recall,0.04504504504504504,0.14285714285714285,0.06756756756756757,0.0945945945945946,0.1,0.125,0.0821917808219178,0.10294117647058823,0.08196721311475409,0.21428571428571427,0.10064516129032258,0.10564502347573243,0.10064516129032258
f1-score,0.05882352941176471,0.16279069767441862,0.07936507936507936,0.10218978102189782,0.11382113821138212,0.13978494623655913,0.08888888888888889,0.09929078014184398,0.05882352941176471,0.09473684210526316,0.10064516129032258,0.09985152124688625,0.10223344321278333
support,111.0,98.0,74.0,74.0,70.0,104.0,73.0,68.0,61.0,42.0,0.10064516129032258,775.0,775.0
