,1,2,3,4,5,6,7,8,9,10,accuracy,macro avg,weighted avg
precision,0.0975609756097561,0.11320754716981132,0.1092436974789916,0.13402061855670103,0.13333333333333333,0.22413793103448276,0.1044776119402985,0.0821917808219178,0.09375,0.06862745098039216,0.11225806451612903,0.11605509469256844,0.12178820022141149
recall,0.07207207207207207,0.061224489795918366,0.17567567567567569,0.17567567567567569,0.11428571428571428,0.125,0.0958904109589041,0.08823529411764706,0.09836065573770492,0.16666666666666666,0.11225806451612903,0.1173086654985979,0.11225806451612903
f1-score,0.08290155440414507,0.07947019867549669,0.13471502590673573,0.15204678362573099,0.12307692307692307,0.16049382716049382,0.1,0.0851063829787234,0.096,0.09722222222222224,0.11225806451612903,0.11110329180504712,0.11166946571667588
support,111.0,98.0,74.0,74.0,70.0,104.0,73.0,68.0,61.0,42.0,0.11225806451612903,775.0,775.0
