,1,2,3,4,5,6,7,8,9,10,accuracy,macro avg,weighted avg
precision,0.1,0.2289156626506024,0.17391304347826086,0.09090909090909091,0.11764705882352941,0.2222222222222222,0.07246376811594203,0.08888888888888889,0.07514450867052024,0.05555555555555555,0.10580645161290322,0.12256597993146127,0.13255280773203162
recall,0.036036036036036036,0.19387755102040816,0.05405405405405406,0.02702702702702703,0.11428571428571428,0.09615384615384616,0.0684931506849315,0.11764705882352941,0.21311475409836064,0.21428571428571427,0.10580645161290322,0.11349749064696216,0.10580645161290322
f1-score,0.052980132450331126,0.2099447513812155,0.08247422680412371,0.04166666666666667,0.11594202898550723,0.1342281879194631,0.07042253521126762,0.10126582278481014,0.11111111111111112,0.08823529411764706,0.10580645161290322,0.10082707574321433,0.10352007893845495
support,111.0,98.0,74.0,74.0,70.0,104.0,73.0,68.0,61.0,42.0,0.10580645161290322,775.0,775.0
