,1,2,3,4,5,6,7,8,9,10,accuracy,macro avg,weighted avg
precision,0.16393442622950818,0.11392405063291139,0.10317460317460317,0.10218978102189781,0.12,0.08571428571428572,0.09433962264150944,0.0975609756097561,0.1724137931034483,0.1504424778761062,0.12336244541484716,0.12036940160040262,0.12283925591811341
recall,0.12345679012345678,0.1,0.14772727272727273,0.20588235294117646,0.08823529411764706,0.08450704225352113,0.04807692307692308,0.07339449541284404,0.21008403361344538,0.1440677966101695,0.12336244541484716,0.1225432000876456,0.12336244541484716
f1-score,0.14084507042253522,0.10650887573964497,0.12149532710280374,0.13658536585365855,0.10169491525423728,0.0851063829787234,0.06369426751592358,0.08376963350785341,0.1893939393939394,0.1471861471861472,0.12336244541484716,0.1176279924955467,0.11964234567960987
support,81.0,90.0,88.0,68.0,68.0,71.0,104.0,109.0,119.0,118.0,0.12336244541484716,916.0,916.0
