,1,2,3,4,5,6,7,8,9,10,accuracy,macro avg,weighted avg
precision,0.041666666666666664,0.1565217391304348,0.13513513513513514,0.1320754716981132,0.0989010989010989,0.16666666666666666,0.21212121212121213,0.06451612903225806,0.07446808510638298,0.0625,0.10709677419354839,0.11445722044579684,0.11746274070630275
recall,0.02702702702702703,0.1836734693877551,0.06756756756756757,0.0945945945945946,0.12857142857142856,0.0673076923076923,0.1917808219178082,0.08823529411764706,0.11475409836065574,0.16666666666666666,0.10709677419354839,0.11301786605188428,0.10709677419354839
f1-score,0.03278688524590164,0.16901408450704228,0.0900900900900901,0.11023622047244094,0.11180124223602485,0.09589041095890409,0.20143884892086328,0.07453416149068322,0.09032258064516127,0.09090909090909091,0.10709677419354839,0.10670236154762025,0.10571197343482118
support,111.0,98.0,74.0,74.0,70.0,104.0,73.0,68.0,61.0,42.0,0.10709677419354839,775.0,775.0
