,1,2,3,4,5,6,7,8,9,10,accuracy,macro avg,weighted avg
precision,0.05426356589147287,0.15384615384615385,0.09278350515463918,0.11904761904761904,0.10344827586206896,0.10884353741496598,0.09090909090909091,0.15625,0.13114754098360656,0.14893617021276595,0.11353711790393013,0.11594754593223833,0.11892017910916351
recall,0.08641975308641975,0.26666666666666666,0.10227272727272728,0.14705882352941177,0.1323529411764706,0.22535211267605634,0.038461538461538464,0.09174311926605505,0.06722689075630252,0.059322033898305086,0.11353711790393013,0.12168766067899535,0.11353711790393013
f1-score,0.06666666666666667,0.1951219512195122,0.0972972972972973,0.13157894736842105,0.11612903225806451,0.14678899082568808,0.05405405405405406,0.11560693641618497,0.08888888888888888,0.08484848484848485,0.11353711790393013,0.10969812498432625,0.10655237490832742
support,81.0,90.0,88.0,68.0,68.0,71.0,104.0,109.0,119.0,118.0,0.11353711790393013,916.0,916.0
