,1,2,3,4,5,6,7,8,9,10,accuracy,macro avg,weighted avg
precision,0.12727272727272726,0.07936507936507936,0.07142857142857142,0.11594202898550725,0.08771929824561403,0.1,0.12727272727272726,0.13157894736842105,0.08943089430894309,0.06329113924050633,0.09935483870967741,0.09933014134880971,0.10150014932360493
recall,0.06306306306306306,0.05102040816326531,0.06756756756756757,0.10810810810810811,0.07142857142857142,0.08653846153846154,0.0958904109589041,0.22058823529411764,0.18032786885245902,0.11904761904761904,0.09935483870967741,0.10635803140221367,0.09935483870967741
f1-score,0.08433734939759036,0.06211180124223603,0.06944444444444445,0.11188811188811189,0.07874015748031496,0.09278350515463918,0.10937499999999999,0.16483516483516486,0.11956521739130434,0.08264462809917356,0.09935483870967741,0.09757253799329797,0.095465839849047
support,111.0,98.0,74.0,74.0,70.0,104.0,73.0,68.0,61.0,42.0,0.09935483870967741,775.0,775.0
