,1,2,3,4,5,6,7,8,9,10,accuracy,macro avg,weighted avg
precision,0.12280701754385964,0.2345679012345679,0.12857142857142856,0.05263157894736842,0.11926605504587157,0.12,0.1774193548387097,0.09523809523809523,0.05027932960893855,0.03529411764705882,0.10838709677419354,0.11360748786758985,0.12236654852218846
recall,0.06306306306306306,0.19387755102040816,0.12162162162162163,0.013513513513513514,0.18571428571428572,0.057692307692307696,0.1506849315068493,0.08823529411764706,0.14754098360655737,0.07142857142857142,0.10838709677419354,0.10933721232848251,0.10838709677419354
f1-score,0.08333333333333333,0.2122905027932961,0.125,0.021505376344086023,0.1452513966480447,0.07792207792207792,0.16296296296296298,0.09160305343511449,0.075,0.047244094488188976,0.10838709677419354,0.10421127979271046,0.10819602179464859
support,111.0,98.0,74.0,74.0,70.0,104.0,73.0,68.0,61.0,42.0,0.10838709677419354,775.0,775.0
