,1,2,3,4,5,6,7,8,9,10,accuracy,macro avg,weighted avg
precision,0.08771929824561403,0.15151515151515152,0.16666666666666666,0.13043478260869565,0.15,0.12345679012345678,0.09183673469387756,0.13513513513513514,0.12698412698412698,0.11320754716981132,0.12549537648612946,0.12769562331425358,0.12881904305084177
recall,0.08771929824561403,0.1388888888888889,0.13095238095238096,0.03614457831325301,0.14516129032258066,0.125,0.1232876712328767,0.11494252873563218,0.1927710843373494,0.15789473684210525,0.12549537648612946,0.1252762457870681,0.12549537648612946
f1-score,0.08771929824561403,0.14492753623188404,0.14666666666666667,0.056603773584905655,0.14754098360655737,0.12422360248447205,0.10526315789473685,0.12422360248447203,0.15311004784688995,0.13186813186813184,0.12549537648612946,0.12221468009143306,0.12253646094364844
support,57.0,72.0,84.0,83.0,62.0,80.0,73.0,87.0,83.0,76.0,0.12549537648612946,757.0,757.0
