,1,2,3,4,5,6,7,8,9,10,accuracy,macro avg,weighted avg
precision,0.0851063829787234,0.07547169811320754,0.13402061855670103,0.14285714285714285,0.14545454545454545,0.06060606060606061,0.09574468085106383,0.15151515151515152,0.12244897959183673,0.05303030303030303,0.10303830911492734,0.10662555635547359,0.10783529167355602
recall,0.14035087719298245,0.05555555555555555,0.15476190476190477,0.060240963855421686,0.12903225806451613,0.025,0.1232876712328767,0.11494252873563218,0.14457831325301204,0.09210526315789473,0.10303830911492734,0.10398553358097962,0.10303830911492734
f1-score,0.10596026490066224,0.06399999999999999,0.143646408839779,0.0847457627118644,0.13675213675213677,0.03539823008849558,0.10778443113772455,0.13071895424836602,0.13259668508287292,0.06730769230769232,0.10303830911492734,0.10089105660695938,0.10095131387397735
support,57.0,72.0,84.0,83.0,62.0,80.0,73.0,87.0,83.0,76.0,0.10303830911492734,757.0,757.0
