,1,2,3,4,5,6,7,8,9,10,accuracy,macro avg,weighted avg
precision,0.05102040816326531,0.12389380530973451,0.058823529411764705,0.12658227848101267,0.04411764705882353,0.13076923076923078,0.16393442622950818,0.07692307692307693,0.11627906976744186,0.13333333333333333,0.10568031704095113,0.10256768054471918,0.10424950111281056
recall,0.08771929824561403,0.19444444444444445,0.03571428571428571,0.12048192771084337,0.04838709677419355,0.2125,0.136986301369863,0.034482758620689655,0.060240963855421686,0.13157894736842105,0.10568031704095113,0.10625360241037765,0.10568031704095113
f1-score,0.06451612903225806,0.15135135135135133,0.044444444444444446,0.12345679012345678,0.046153846153846156,0.1619047619047619,0.1492537313432836,0.04761904761904762,0.07936507936507936,0.13245033112582782,0.10568031704095113,0.10005155124633572,0.100476604046786
support,57.0,72.0,84.0,83.0,62.0,80.0,73.0,87.0,83.0,76.0,0.10568031704095113,757.0,757.0
