,1,2,3,4,5,6,7,8,9,10,accuracy,macro avg,weighted avg
precision,0.22641509433962265,0.10526315789473684,0.0625,0.11764705882352941,0.1694915254237288,0.1276595744680851,0.14754098360655737,0.10666666666666667,0.058823529411764705,0.045454545454545456,0.12129032258064516,0.1167462136089237,0.12573019504836896
recall,0.21621621621621623,0.061224489795918366,0.05405405405405406,0.16216216216216217,0.14285714285714285,0.057692307692307696,0.1232876712328767,0.23529411764705882,0.08196721311475409,0.047619047619047616,0.12129032258064516,0.11823744223915389,0.12129032258064516
f1-score,0.22119815668202766,0.07741935483870967,0.057971014492753624,0.13636363636363635,0.15503875968992245,0.07947019867549669,0.13432835820895522,0.14678899082568808,0.0684931506849315,0.046511627906976744,0.12129032258064516,0.11235832483690981,0.11813891904398977
support,111.0,98.0,74.0,74.0,70.0,104.0,73.0,68.0,61.0,42.0,0.12129032258064516,775.0,775.0
