,1,2,3,4,5,6,7,8,9,10,accuracy,macro avg,weighted avg
precision,0.10144927536231885,0.11864406779661017,0.15853658536585366,0.14049586776859505,0.04,0.13592233009708737,0.09230769230769231,0.07246376811594203,0.1076923076923077,0.05970149253731343,0.10709677419354839,0.10272133870437206,0.10670323006125808
recall,0.06306306306306306,0.07142857142857142,0.17567567567567569,0.22972972972972974,0.04285714285714286,0.1346153846153846,0.0821917808219178,0.07352941176470588,0.11475409836065574,0.09523809523809523,0.10709677419354839,0.10830829535549422,0.10709677419354839
f1-score,0.07777777777777778,0.089171974522293,0.16666666666666669,0.17435897435897435,0.04137931034482759,0.13526570048309175,0.08695652173913043,0.072992700729927,0.1111111111111111,0.07339449541284404,0.10709677419354839,0.10290752331466438,0.10418573570129515
support,111.0,98.0,74.0,74.0,70.0,104.0,73.0,68.0,61.0,42.0,0.10709677419354839,775.0,775.0
