,1,2,3,4,5,6,7,8,9,10,accuracy,macro avg,weighted avg
precision,0.06896551724137931,0.14960629921259844,0.12179487179487179,0.08849557522123894,0.07272727272727272,0.09917355371900827,0.1891891891891892,0.10126582278481013,0.17582417582417584,0.08450704225352113,0.12008733624454149,0.11515493199680656,0.11941239823842256
recall,0.024691358024691357,0.2111111111111111,0.2159090909090909,0.14705882352941177,0.058823529411764705,0.16901408450704225,0.1346153846153846,0.07339449541284404,0.13445378151260504,0.05084745762711865,0.12008733624454149,0.12199191166610646,0.12008733624454149
f1-score,0.03636363636363636,0.1751152073732719,0.1557377049180328,0.11049723756906077,0.06504065040650407,0.125,0.15730337078651685,0.08510638297872342,0.1523809523809524,0.0634920634920635,0.12008733624454149,0.11260372062687621,0.11406535017035999
support,81.0,90.0,88.0,68.0,68.0,71.0,104.0,109.0,119.0,118.0,0.12008733624454149,916.0,916.0
