,1,2,3,4,5,6,7,8,9,10,accuracy,macro avg,weighted avg
precision,0.06936416184971098,0.08955223880597014,0.09090909090909091,0.10416666666666667,0.14285714285714285,0.049586776859504134,0.13636363636363635,0.18,0.1111111111111111,0.16,0.09716157205240175,0.11339108254228332,0.11779532664961587
recall,0.14814814814814814,0.2,0.06818181818181818,0.14705882352941177,0.16176470588235295,0.08450704225352113,0.057692307692307696,0.08256880733944955,0.058823529411764705,0.03389830508474576,0.09716157205240175,0.10426434875235198,0.09716157205240175
f1-score,0.09448818897637794,0.12371134020618557,0.07792207792207792,0.12195121951219513,0.15172413793103448,0.0625,0.08108108108108107,0.11320754716981132,0.07692307692307691,0.05594405594405595,0.09716157205240175,0.09594527256658963,0.09303431322938034
support,81.0,90.0,88.0,68.0,68.0,71.0,104.0,109.0,119.0,118.0,0.09716157205240175,916.0,916.0
