,1,2,3,4,5,6,7,8,9,10,accuracy,macro avg,weighted avg
precision,0.1875,0.21621621621621623,0.09090909090909091,0.04,0.05714285714285714,0.13333333333333333,0.10638297872340426,0.1111111111111111,0.0896551724137931,0.03614457831325301,0.10193548387096774,0.10683953381630591,0.1185344250217944
recall,0.05405405405405406,0.16326530612244897,0.06756756756756757,0.013513513513513514,0.08571428571428572,0.057692307692307696,0.136986301369863,0.19117647058823528,0.21311475409836064,0.07142857142857142,0.10193548387096774,0.10545131321492078,0.10193548387096774
f1-score,0.08391608391608392,0.18604651162790697,0.07751937984496124,0.0202020202020202,0.06857142857142857,0.08053691275167786,0.11976047904191617,0.14054054054054052,0.1262135922330097,0.047999999999999994,0.10193548387096774,0.09513069487295452,0.09802421527342135
support,111.0,98.0,74.0,74.0,70.0,104.0,73.0,68.0,61.0,42.0,0.10193548387096774,775.0,775.0
