,1,2,3,4,5,6,7,8,9,10,accuracy,macro avg,weighted avg
precision,0.04597701149425287,0.14583333333333334,0.09803921568627451,0.0975609756097561,0.11764705882352941,0.11333333333333333,0.09090909090909091,0.12903225806451613,0.10344827586206896,0.15384615384615385,0.1083223249669749,0.10956267069623093,0.11090490586392426
recall,0.07017543859649122,0.2916666666666667,0.05952380952380952,0.0963855421686747,0.0967741935483871,0.2125,0.1095890410958904,0.09195402298850575,0.03614457831325301,0.02631578947368421,0.1083223249669749,0.10910290823753625,0.1083223249669749
f1-score,0.05555555555555556,0.19444444444444448,0.07407407407407407,0.09696969696969697,0.10619469026548672,0.14782608695652175,0.09937888198757765,0.10738255033557047,0.05357142857142857,0.0449438202247191,0.1083223249669749,0.09803412293850754,0.09815935358408279
support,57.0,72.0,84.0,83.0,62.0,80.0,73.0,87.0,83.0,76.0,0.1083223249669749,757.0,757.0
