,1,2,3,4,5,6,7,8,9,10,accuracy,macro avg,weighted avg
precision,0.075,0.1111111111111111,0.11333333333333333,0.08411214953271028,0.078125,0.12,0.16666666666666666,0.1357142857142857,0.16379310344827586,0.16428571428571428,0.12663755458515283,0.12121413640920972,0.12729666329018255
recall,0.037037037037037035,0.044444444444444446,0.19318181818181818,0.1323529411764706,0.07352941176470588,0.1267605633802817,0.07692307692307693,0.1743119266055046,0.15966386554621848,0.19491525423728814,0.12663755458515283,0.12131203392968459,0.12663755458515283
f1-score,0.04958677685950413,0.06349206349206349,0.14285714285714285,0.10285714285714286,0.07575757575757576,0.1232876712328767,0.10526315789473684,0.15261044176706826,0.16170212765957445,0.17829457364341084,0.12663755458515283,0.11557086740210962,0.12124965959579055
support,81.0,90.0,88.0,68.0,68.0,71.0,104.0,109.0,119.0,118.0,0.12663755458515283,916.0,916.0
