,1,2,3,4,5,6,7,8,9,10,accuracy,macro avg,weighted avg
precision,0.072,0.10362694300518134,0.07272727272727272,0.09,0.08,0.08870967741935484,0.13953488372093023,0.16666666666666666,0.10344827586206896,0.08333333333333333,0.0982532751091703,0.10000470527348079,0.10288076932511295
recall,0.1111111111111111,0.2222222222222222,0.045454545454545456,0.1323529411764706,0.08823529411764706,0.15492957746478872,0.057692307692307696,0.11926605504587157,0.07563025210084033,0.025423728813559324,0.0982532751091703,0.1032318035199364,0.0982532751091703
f1-score,0.087378640776699,0.1413427561837456,0.055944055944055944,0.10714285714285714,0.08391608391608392,0.11282051282051282,0.0816326530612245,0.13903743315508021,0.08737864077669903,0.03896103896103896,0.0982532751091703,0.09355546727379971,0.09210065094638856
support,81.0,90.0,88.0,68.0,68.0,71.0,104.0,109.0,119.0,118.0,0.0982532751091703,916.0,916.0
