,1,2,3,4,5,6,7,8,9,10,accuracy,macro avg,weighted avg
precision,0.07692307692307693,0.10687022900763359,0.07407407407407407,0.1032258064516129,0.07575757575757576,0.013888888888888888,0.125,0.0945945945945946,0.13953488372093023,0.16666666666666666,0.10152838427947598,0.09765357960850538,0.1038282948707193
recall,0.04938271604938271,0.15555555555555556,0.09090909090909091,0.23529411764705882,0.07352941176470588,0.014084507042253521,0.07692307692307693,0.06422018348623854,0.10084033613445378,0.15254237288135594,0.10152838427947598,0.10132813683931725,0.10152838427947598
f1-score,0.06015037593984963,0.12669683257918551,0.08163265306122448,0.14349775784753363,0.07462686567164178,0.013986013986013986,0.09523809523809525,0.07650273224043716,0.11707317073170731,0.1592920353982301,0.10152838427947598,0.09486965326939188,0.09853250814190728
support,81.0,90.0,88.0,68.0,68.0,71.0,104.0,109.0,119.0,118.0,0.10152838427947598,916.0,916.0
