,1,2,3,4,5,6,7,8,9,10,accuracy,macro avg,weighted avg
precision,0.10526315789473684,0.12280701754385964,0.10294117647058823,0.0196078431372549,0.16176470588235295,0.10465116279069768,0.1188118811881188,0.05263157894736842,0.1111111111111111,0.25,0.1083223249669749,0.11495896349660886,0.11227550432287597
recall,0.07017543859649122,0.19444444444444445,0.08333333333333333,0.012048192771084338,0.1774193548387097,0.225,0.1643835616438356,0.034482758620689655,0.0963855421686747,0.05263157894736842,0.1083223249669749,0.11103042053646313,0.1083223249669749
f1-score,0.08421052631578947,0.15053763440860213,0.09210526315789472,0.01492537313432836,0.1692307692307692,0.14285714285714288,0.13793103448275862,0.041666666666666664,0.1032258064516129,0.08695652173913043,0.1083223249669749,0.10236467384446954,0.0996111492451916
support,57.0,72.0,84.0,83.0,62.0,80.0,73.0,87.0,83.0,76.0,0.1083223249669749,757.0,757.0
