,1,2,3,4,5,6,7,8,9,10,accuracy,macro avg,weighted avg
precision,0.06060606060606061,0.08108108108108109,0.10909090909090909,0.1111111111111111,0.0547945205479452,0.18487394957983194,0.05172413793103448,0.16363636363636364,0.16666666666666666,0.20833333333333334,0.1083223249669749,0.11919181335843372,0.12357240487529306
recall,0.10526315789473684,0.16666666666666666,0.07142857142857142,0.14457831325301204,0.06451612903225806,0.275,0.0410958904109589,0.10344827586206896,0.03614457831325301,0.06578947368421052,0.1083223249669749,0.10739310565457365,0.1083223249669749
f1-score,0.07692307692307693,0.1090909090909091,0.08633093525179855,0.12565445026178013,0.059259259259259255,0.22110552763819097,0.04580152671755725,0.1267605633802817,0.0594059405940594,0.09999999999999999,0.1083223249669749,0.10103321891169133,0.10328291755738722
support,57.0,72.0,84.0,83.0,62.0,80.0,73.0,87.0,83.0,76.0,0.1083223249669749,757.0,757.0
