,1,2,3,4,5,6,7,8,9,10,accuracy,macro avg,weighted avg
precision,0.125,0.15476190476190477,0.08695652173913043,0.2222222222222222,0.0967741935483871,0.16666666666666666,0.07317073170731707,0.13274336283185842,0.07462686567164178,0.08843537414965986,0.10838709677419354,0.12213578432987884,0.1273070415599788
recall,0.07207207207207207,0.1326530612244898,0.08108108108108109,0.08108108108108109,0.04285714285714286,0.038461538461538464,0.0821917808219178,0.22058823529411764,0.16393442622950818,0.30952380952380953,0.10838709677419354,0.12244442286467586,0.10838709677419354
f1-score,0.09142857142857143,0.14285714285714285,0.08391608391608392,0.11881188118811882,0.0594059405940594,0.0625,0.07741935483870967,0.16574585635359118,0.10256410256410256,0.13756613756613756,0.10838709677419354,0.10422150713065173,0.1016327430417092
support,111.0,98.0,74.0,74.0,70.0,104.0,73.0,68.0,61.0,42.0,0.10838709677419354,775.0,775.0
