,1,2,3,4,5,6,7,8,9,10,accuracy,macro avg,weighted avg
precision,0.07964601769911504,0.10077519379844961,0.10948905109489052,0.15,0.11290322580645161,0.09016393442622951,0.08163265306122448,0.16666666666666666,0.10526315789473684,0.0967741935483871,0.10303830911492734,0.10933140939961514,0.1112373797844347
recall,0.15789473684210525,0.18055555555555555,0.17857142857142858,0.07228915662650602,0.11290322580645161,0.1375,0.0547945205479452,0.06896551724137931,0.04819277108433735,0.039473684210526314,0.10303830911492734,0.1051140596486235,0.10303830911492734
f1-score,0.10588235294117646,0.12935323383084577,0.13574660633484162,0.0975609756097561,0.11290322580645161,0.10891089108910892,0.06557377049180328,0.0975609756097561,0.06611570247933884,0.056074766355140186,0.10303830911492734,0.09756825005482188,0.09720719923521708
support,57.0,72.0,84.0,83.0,62.0,80.0,73.0,87.0,83.0,76.0,0.10303830911492734,757.0,757.0
