,1,2,3,4,5,6,7,8,9,10,accuracy,macro avg,weighted avg
precision,0.11904761904761904,0.1411764705882353,0.15151515151515152,0.14035087719298245,0.03333333333333333,0.11290322580645161,0.13333333333333333,0.06930693069306931,0.09734513274336283,0.12698412698412698,0.11492734478203434,0.11252962012376658,0.11349962537075749
recall,0.08771929824561403,0.16666666666666666,0.11904761904761904,0.0963855421686747,0.016129032258064516,0.0875,0.136986301369863,0.08045977011494253,0.13253012048192772,0.21052631578947367,0.11492734478203434,0.11339506661428458,0.11492734478203434
f1-score,0.10101010101010101,0.15286624203821655,0.13333333333333333,0.11428571428571428,0.021739130434782608,0.09859154929577466,0.13513513513513514,0.07446808510638298,0.11224489795918366,0.15841584158415842,0.11492734478203434,0.11020900301827825,0.11147203204859787
support,57.0,72.0,84.0,83.0,62.0,80.0,73.0,87.0,83.0,76.0,0.11492734478203434,757.0,757.0
