,1,2,3,4,5,6,7,8,9,10,accuracy,macro avg,weighted avg
precision,0.24390243902439024,0.14814814814814814,0.08695652173913043,0.14705882352941177,0.14285714285714285,0.1686746987951807,0.05405405405405406,0.1797752808988764,0.05263157894736842,0.06451612903225806,0.1367741935483871,0.1288574817025961,0.14005401581549756
recall,0.2702702702702703,0.08163265306122448,0.13513513513513514,0.13513513513513514,0.1,0.1346153846153846,0.0273972602739726,0.23529411764705882,0.08196721311475409,0.09523809523809523,0.1367741935483871,0.12966852644910304,0.1367741935483871
f1-score,0.2564102564102564,0.10526315789473684,0.10582010582010581,0.14084507042253522,0.11764705882352941,0.1497326203208556,0.03636363636363636,0.2038216560509554,0.0641025641025641,0.07692307692307691,0.1367741935483871,0.12569292031322518,0.1348302984712648
support,111.0,98.0,74.0,74.0,70.0,104.0,73.0,68.0,61.0,42.0,0.1367741935483871,775.0,775.0
