,1,2,3,4,5,6,7,8,9,10,accuracy,macro avg,weighted avg
precision,0.0967741935483871,0.18032786885245902,0.15789473684210525,0.1935483870967742,0.08108108108108109,0.06521739130434782,0.09090909090909091,0.11235955056179775,0.13138686131386862,0.12598425196850394,0.1215323645970938,0.12354834134784157,0.12544700808279594
recall,0.10526315789473684,0.1527777777777778,0.10714285714285714,0.07228915662650602,0.04838709677419355,0.0375,0.136986301369863,0.11494252873563218,0.21686746987951808,0.21052631578947367,0.1215323645970938,0.12026826619905581,0.1215323645970938
f1-score,0.10084033613445377,0.16541353383458648,0.1276595744680851,0.10526315789473682,0.060606060606060594,0.047619047619047616,0.1092896174863388,0.11363636363636363,0.16363636363636366,0.15763546798029557,0.1215323645970938,0.1151599523296332,0.1163958242861598
support,57.0,72.0,84.0,83.0,62.0,80.0,73.0,87.0,83.0,76.0,0.1215323645970938,757.0,757.0
