,1,2,3,4,5,6,7,8,9,10,accuracy,macro avg,weighted avg
precision,0.16,0.13392857142857142,0.09375,0.11382113821138211,0.10112359550561797,0.04032258064516129,0.16,0.08653846153846154,0.0967741935483871,0.125,0.10807860262008734,0.11112585408775817,0.11253443000773392
recall,0.19753086419753085,0.16666666666666666,0.06818181818181818,0.20588235294117646,0.1323529411764706,0.07042253521126761,0.11538461538461539,0.08256880733944955,0.07563025210084033,0.03389830508474576,0.10807860262008734,0.1148519158284581,0.10807860262008734
f1-score,0.17679558011049723,0.1485148514851485,0.07894736842105263,0.14659685863874344,0.11464968152866242,0.05128205128205128,0.1340782122905028,0.08450704225352113,0.0849056603773585,0.05333333333333334,0.10807860262008734,0.10736106397208711,0.10435856552200941
support,81.0,90.0,88.0,68.0,68.0,71.0,104.0,109.0,119.0,118.0,0.10807860262008734,916.0,916.0
