,1,2,3,4,5,6,7,8,9,10,accuracy,macro avg,weighted avg
precision,0.037383177570093455,0.13333333333333333,0.18556701030927836,0.21052631578947367,0.09411764705882353,0.16666666666666666,0.11607142857142858,0.12857142857142856,0.19117647058823528,0.11650485436893204,0.12549537648612946,0.13799183328276934,0.14311984968463984
recall,0.07017543859649122,0.1111111111111111,0.21428571428571427,0.04819277108433735,0.12903225806451613,0.075,0.1780821917808219,0.10344827586206896,0.1566265060240964,0.15789473684210525,0.12549537648612946,0.12438490036512626,0.12549537648612946
f1-score,0.048780487804878044,0.1212121212121212,0.19889502762430936,0.07843137254901962,0.10884353741496598,0.10344827586206896,0.14054054054054055,0.11464968152866242,0.17218543046357615,0.1340782122905028,0.12549537648612946,0.12210646872906453,0.12478761529440278
support,57.0,72.0,84.0,83.0,62.0,80.0,73.0,87.0,83.0,76.0,0.12549537648612946,757.0,757.0
