,1,2,3,4,5,6,7,8,9,10,accuracy,macro avg,weighted avg
precision,0.1044776119402985,0.09876543209876543,0.17647058823529413,0.10555555555555556,0.10526315789473684,0.1509433962264151,0.11764705882352941,0.1111111111111111,0.1452991452991453,0.13513513513513514,0.12554585152838427,0.12506681923199864,0.12610981477375188
recall,0.08641975308641975,0.08888888888888889,0.17045454545454544,0.27941176470588236,0.08823529411764706,0.22535211267605634,0.07692307692307693,0.08256880733944955,0.14285714285714285,0.0847457627118644,0.12554585152838427,0.13258571487609733,0.12554585152838427
f1-score,0.09459459459459459,0.0935672514619883,0.17341040462427745,0.15322580645161288,0.09599999999999999,0.1807909604519774,0.0930232558139535,0.09473684210526316,0.1440677966101695,0.10416666666666667,0.12554585152838427,0.12275835787805037,0.1207023059922263
support,81.0,90.0,88.0,68.0,68.0,71.0,104.0,109.0,119.0,118.0,0.12554585152838427,916.0,916.0
