,1,2,3,4,5,6,7,8,9,10,accuracy,macro avg,weighted avg
precision,0.10526315789473684,0.16176470588235295,0.06382978723404255,0.1836734693877551,0.10588235294117647,0.13636363636363635,0.04477611940298507,0.04918032786885246,0.10476190476190476,0.08092485549132948,0.09935483870967741,0.1036420317228772,0.10819124479111206
recall,0.07207207207207207,0.11224489795918367,0.04054054054054054,0.12162162162162163,0.12857142857142856,0.057692307692307696,0.0410958904109589,0.04411764705882353,0.18032786885245902,0.3333333333333333,0.09935483870967741,0.1131617608112729,0.09935483870967741
f1-score,0.0855614973262032,0.13253012048192772,0.049586776859504134,0.14634146341463414,0.1161290322580645,0.08108108108108107,0.04285714285714286,0.04651162790697674,0.13253012048192772,0.13023255813953488,0.09935483870967741,0.0963361420806997,0.09469793470803169
support,111.0,98.0,74.0,74.0,70.0,104.0,73.0,68.0,61.0,42.0,0.09935483870967741,775.0,775.0
