,1,2,3,4,5,6,7,8,9,10,accuracy,macro avg,weighted avg
precision,0.08571428571428572,0.14814814814814814,0.0784313725490196,0.2,0.15492957746478872,0.11764705882352941,0.09375,0.14018691588785046,0.16161616161616163,0.11688311688311688,0.12681638044914134,0.12973066370869005,0.1309052638503291
recall,0.10526315789473684,0.16666666666666666,0.09523809523809523,0.08433734939759036,0.1774193548387097,0.075,0.0821917808219178,0.1724137931034483,0.1927710843373494,0.11842105263157894,0.12681638044914134,0.12697223349300932,0.12681638044914134
f1-score,0.09448818897637794,0.15686274509803924,0.08602150537634408,0.11864406779661017,0.16541353383458648,0.09160305343511452,0.08759124087591241,0.15463917525773194,0.17582417582417584,0.1176470588235294,0.12681638044914134,0.12487347452984221,0.12512476058831776
support,57.0,72.0,84.0,83.0,62.0,80.0,73.0,87.0,83.0,76.0,0.12681638044914134,757.0,757.0
