,1,2,3,4,5,6,7,8,9,10,accuracy,macro avg,weighted avg
precision,0.09803921568627451,0.08074534161490683,0.04225352112676056,0.09900990099009901,0.1044776119402985,0.07534246575342465,0.06779661016949153,0.18421052631578946,0.1774193548387097,0.10344827586206896,0.09497816593886463,0.10327428242978239,0.107601121862908
recall,0.18518518518518517,0.14444444444444443,0.03409090909090909,0.14705882352941177,0.10294117647058823,0.15492957746478872,0.038461538461538464,0.06422018348623854,0.09243697478991597,0.05084745762711865,0.09497816593886463,0.10146162705501391,0.09497816593886463
f1-score,0.1282051282051282,0.10358565737051793,0.03773584905660377,0.1183431952662722,0.1037037037037037,0.10138248847926266,0.049079754601226995,0.09523809523809525,0.12154696132596685,0.06818181818181818,0.09497816593886463,0.09270026514285959,0.09096093327473113
support,81.0,90.0,88.0,68.0,68.0,71.0,104.0,109.0,119.0,118.0,0.09497816593886463,916.0,916.0
