,1,2,3,4,5,6,7,8,9,10,accuracy,macro avg,weighted avg
precision,0.12643678160919541,0.07017543859649122,0.12,0.18867924528301888,0.125,0.1794871794871795,0.08695652173913043,0.1348314606741573,0.06666666666666667,0.0958904109589041,0.12516129032258064,0.11941237050147435,0.12229811083667969
recall,0.0990990990990991,0.04081632653061224,0.16216216216216217,0.2702702702702703,0.11428571428571428,0.1346153846153846,0.0547945205479452,0.17647058823529413,0.08196721311475409,0.16666666666666666,0.12516129032258064,0.1301147945527903,0.12516129032258064
f1-score,0.11111111111111113,0.05161290322580645,0.13793103448275862,0.22222222222222224,0.11940298507462688,0.15384615384615383,0.06722689075630252,0.15286624203821655,0.07352941176470587,0.1217391304347826,0.12516129032258064,0.12114880849566867,0.1203893585555762
support,111.0,98.0,74.0,74.0,70.0,104.0,73.0,68.0,61.0,42.0,0.12516129032258064,775.0,775.0
