,1,2,3,4,5,6,7,8,9,10,accuracy,macro avg,weighted avg
precision,0.11851851851851852,0.09032258064516129,0.045454545454545456,0.1326530612244898,0.13793103448275862,0.044642857142857144,0.08333333333333333,0.05128205128205128,0.14130434782608695,0.047619047619047616,0.09716157205240175,0.08930613775288501,0.08732431101535205
recall,0.19753086419753085,0.15555555555555556,0.045454545454545456,0.19117647058823528,0.23529411764705882,0.07042253521126761,0.04807692307692308,0.01834862385321101,0.1092436974789916,0.00847457627118644,0.09716157205240175,0.10795779093345056,0.09716157205240175
f1-score,0.14814814814814814,0.11428571428571428,0.045454545454545456,0.1566265060240964,0.17391304347826086,0.054644808743169404,0.06097560975609755,0.02702702702702703,0.12322274881516586,0.014388489208633094,0.09716157205240175,0.09186866409408581,0.0854704620838899
support,81.0,90.0,88.0,68.0,68.0,71.0,104.0,109.0,119.0,118.0,0.09716157205240175,916.0,916.0
