,1,2,3,4,5,6,7,8,9,10,accuracy,macro avg,weighted avg
precision,0.10714285714285714,0.23333333333333334,0.2413793103448276,0.08494208494208494,0.27906976744186046,0.058823529411764705,0.15517241379310345,0.1774193548387097,0.17647058823529413,0.1836734693877551,0.1517467248908297,0.16974267088715905,0.1724883595948876
recall,0.037037037037037035,0.07777777777777778,0.23863636363636365,0.3235294117647059,0.17647058823529413,0.056338028169014086,0.08653846153846154,0.2018348623853211,0.25210084033613445,0.07627118644067797,0.1517467248908297,0.15265345573207878,0.1517467248908297
f1-score,0.055045871559633024,0.11666666666666667,0.24,0.1345565749235474,0.21621621621621623,0.05755395683453238,0.1111111111111111,0.1888412017167382,0.20761245674740483,0.10778443113772457,0.1517467248908297,0.1435388486913574,0.14583110054471474
support,81.0,90.0,88.0,68.0,68.0,71.0,104.0,109.0,119.0,118.0,0.1517467248908297,916.0,916.0
