,1,2,3,4,5,6,7,8,9,10,accuracy,macro avg,weighted avg
precision,0.13953488372093023,0.15555555555555556,0.13580246913580246,0.15217391304347827,0.19672131147540983,0.07407407407407407,0.09523809523809523,0.12318840579710146,0.12857142857142856,0.12727272727272726,0.13606340819022458,0.1328132863884603,0.13121255733209392
recall,0.10526315789473684,0.19444444444444445,0.13095238095238096,0.08433734939759036,0.1935483870967742,0.025,0.0273972602739726,0.19540229885057472,0.21686746987951808,0.18421052631578946,0.13606340819022458,0.13574232751057816,0.13606340819022458
f1-score,0.12,0.17283950617283952,0.13333333333333333,0.10852713178294573,0.1951219512195122,0.03738317757009346,0.0425531914893617,0.1511111111111111,0.16143497757847533,0.15053763440860213,0.13606340819022458,0.12728420146662742,0.12638497300277868
support,57.0,72.0,84.0,83.0,62.0,80.0,73.0,87.0,83.0,76.0,0.13606340819022458,757.0,757.0
