,1,2,3,4,5,6,7,8,9,10,accuracy,macro avg,weighted avg
precision,0.07627118644067797,0.1588785046728972,0.1037037037037037,0.11206896551724138,0.10101010101010101,0.1346153846153846,0.13559322033898305,0.07575757575757576,0.13333333333333333,0.03333333333333333,0.11135371179039301,0.10645653087232314,0.10459530234995978
recall,0.1111111111111111,0.18888888888888888,0.1590909090909091,0.19117647058823528,0.14705882352941177,0.29577464788732394,0.07692307692307693,0.045871559633027525,0.03361344537815126,0.00847457627118644,0.11135371179039301,0.1257983509301322,0.11135371179039301
f1-score,0.09045226130653265,0.17258883248730963,0.12556053811659193,0.14130434782608697,0.11976047904191615,0.18502202643171803,0.09815950920245399,0.05714285714285715,0.053691275167785234,0.013513513513513514,0.11135371179039301,0.10571956402367652,0.09740059418429145
support,81.0,90.0,88.0,68.0,68.0,71.0,104.0,109.0,119.0,118.0,0.11135371179039301,916.0,916.0
