,1,2,3,4,5,6,7,8,9,10,accuracy,macro avg,weighted avg
precision,0.09090909090909091,0.11363636363636363,0.11235955056179775,0.08045977011494253,0.1111111111111111,0.045454545454545456,0.11363636363636363,0.17857142857142858,0.16296296296296298,0.13333333333333333,0.11244541484716157,0.11424345202919399,0.12024130529408857
recall,0.012345679012345678,0.05555555555555555,0.11363636363636363,0.20588235294117646,0.08823529411764706,0.08450704225352113,0.09615384615384616,0.13761467889908258,0.18487394957983194,0.11864406779661017,0.11244541484716157,0.10974488299459803,0.11244541484716157
f1-score,0.021739130434782605,0.07462686567164178,0.11299435028248586,0.11570247933884298,0.09836065573770492,0.05911330049261083,0.10416666666666666,0.15544041450777205,0.17322834645669294,0.12556053811659193,0.11244541484716157,0.10409327477057925,0.10958600770904948
support,81.0,90.0,88.0,68.0,68.0,71.0,104.0,109.0,119.0,118.0,0.11244541484716157,916.0,916.0
