,1,2,3,4,5,6,7,8,9,10,accuracy,macro avg,weighted avg
precision,0.06060606060606061,0.06521739130434782,0.11971830985915492,0.06986899563318777,0.13333333333333333,0.0392156862745098,0.15942028985507245,0.13761467889908258,0.11805555555555555,0.18181818181818182,0.10589519650655022,0.10848684831384867,0.1146275176854646
recall,0.024691358024691357,0.03333333333333333,0.19318181818181818,0.23529411764705882,0.11764705882352941,0.028169014084507043,0.10576923076923077,0.13761467889908258,0.14285714285714285,0.05084745762711865,0.10589519650655022,0.10694052102475131,0.10589519650655022
f1-score,0.03508771929824561,0.044117647058823525,0.14782608695652175,0.10774410774410774,0.125,0.03278688524590164,0.12716763005780346,0.13761467889908258,0.12927756653992398,0.07947019867549669,0.10589519650655022,0.0966092520475907,0.0993043719625059
support,81.0,90.0,88.0,68.0,68.0,71.0,104.0,109.0,119.0,118.0,0.10589519650655022,916.0,916.0
