,1,2,3,4,5,6,7,8,9,10,accuracy,macro avg,weighted avg
precision,0.1830065359477124,0.11363636363636363,0.14035087719298245,0.0851063829787234,0.10429447852760736,0.2542372881355932,0.18181818181818182,0.0,0.1,0.05263157894736842,0.1276595744680851,0.12150816871845327,0.1332719461653968
recall,0.27450980392156865,0.11904761904761904,0.10810810810810811,0.10810810810810811,0.24285714285714285,0.14423076923076922,0.0821917808219178,0.0,0.01639344262295082,0.07142857142857142,0.1276595744680851,0.1166875346146756,0.1276595744680851
f1-score,0.2196078431372549,0.11627906976744186,0.12213740458015267,0.09523809523809523,0.1459227467811159,0.18404907975460122,0.11320754716981131,0.0,0.028169014084507043,0.06060606060606061,0.1276595744680851,0.10852168611190408,0.11986282016513006
support,102.0,84.0,74.0,74.0,70.0,104.0,73.0,68.0,61.0,42.0,0.1276595744680851,752.0,752.0
