,1,2,3,4,5,6,7,8,9,10,accuracy,macro avg,weighted avg
precision,0.06818181818181818,0.2,0.12037037037037036,0.14432989690721648,0.20689655172413793,0.07368421052631578,0.08181818181818182,0.1360544217687075,0.15753424657534246,0.19047619047619047,0.1331877729257642,0.13793458883482806,0.13951101093903562
recall,0.037037037037037035,0.07777777777777778,0.14772727272727273,0.20588235294117646,0.08823529411764706,0.09859154929577464,0.08653846153846154,0.1834862385321101,0.19327731092436976,0.1694915254237288,0.1331877729257642,0.1288044820315356,0.1331877729257642
f1-score,0.048,0.112,0.13265306122448978,0.16969696969696968,0.12371134020618557,0.08433734939759036,0.08411214953271029,0.15625,0.17358490566037738,0.17937219730941703,0.1331877729257642,0.126371797302774,0.13011203370731064
support,81.0,90.0,88.0,68.0,68.0,71.0,104.0,109.0,119.0,118.0,0.1331877729257642,916.0,916.0
