,1,2,3,4,5,6,7,8,9,10,accuracy,macro avg,weighted avg
precision,0.13793103448275862,0.21428571428571427,0.22388059701492538,0.16393442622950818,0.1774193548387097,0.21578947368421053,0.19607843137254902,0.08695652173913043,0.07142857142857142,0.05357142857142857,0.16622340425531915,0.1541275553647506,0.1628492675063788
recall,0.1568627450980392,0.14285714285714285,0.20270270270270271,0.13513513513513514,0.15714285714285714,0.3942307692307692,0.136986301369863,0.029411764705882353,0.08196721311475409,0.07142857142857142,0.16622340425531915,0.15087252027857173,0.16622340425531915
f1-score,0.14678899082568808,0.17142857142857143,0.2127659574468085,0.14814814814814814,0.16666666666666666,0.27891156462585037,0.16129032258064516,0.04395604395604395,0.07633587786259541,0.06122448979591836,0.16622340425531915,0.1467516633336936,0.15790520202719022
support,102.0,84.0,74.0,74.0,70.0,104.0,73.0,68.0,61.0,42.0,0.16622340425531915,752.0,752.0
