,1,2,3,4,5,6,7,8,9,10,accuracy,macro avg,weighted avg
precision,0.36363636363636365,0.12631578947368421,0.10344827586206896,0.11538461538461539,0.125,0.14285714285714285,0.08571428571428572,0.09933774834437085,0.039603960396039604,0.05442176870748299,0.09840425531914894,0.12557199503760544,0.13991473115761813
recall,0.0784313725490196,0.14285714285714285,0.08108108108108109,0.04054054054054054,0.17142857142857143,0.028846153846153848,0.0410958904109589,0.22058823529411764,0.06557377049180328,0.19047619047619047,0.09840425531914894,0.10609189489755795,0.09840425531914894
f1-score,0.12903225806451613,0.1340782122905028,0.09090909090909091,0.06,0.14457831325301204,0.048,0.05555555555555555,0.136986301369863,0.04938271604938273,0.08465608465608464,0.09840425531914894,0.09331785321480077,0.09393901608143694
support,102.0,84.0,74.0,74.0,70.0,104.0,73.0,68.0,61.0,42.0,0.09840425531914894,752.0,752.0
