,1,2,3,4,5,6,7,8,9,10,accuracy,macro avg,weighted avg
precision,0.08771929824561403,0.07575757575757576,0.09411764705882353,0.11956521739130435,0.1206896551724138,0.23863636363636365,0.07317073170731707,0.034482758620689655,0.10526315789473684,0.10843373493975904,0.11436170212765957,0.10578361404245977,0.110440897518802
recall,0.09803921568627451,0.05952380952380952,0.10810810810810811,0.14864864864864866,0.2,0.20192307692307693,0.0410958904109589,0.014705882352941176,0.06557377049180328,0.21428571428571427,0.11436170212765957,0.11519041164313353,0.11436170212765957
f1-score,0.0925925925925926,0.06666666666666667,0.10062893081761005,0.13253012048192772,0.15053763440860216,0.21875,0.05263157894736842,0.020618556701030927,0.0808080808080808,0.14400000000000002,0.11436170212765957,0.10597641614238792,0.10878631475709218
support,102.0,84.0,74.0,74.0,70.0,104.0,73.0,68.0,61.0,42.0,0.11436170212765957,752.0,752.0
