,1,2,3,4,5,6,7,8,9,10,accuracy,macro avg,weighted avg
precision,0.13513513513513514,0.35294117647058826,0.1323529411764706,0.07058823529411765,0.18518518518518517,0.09375,0.1258741258741259,0.12686567164179105,0.19101123595505617,0.09090909090909091,0.13973799126637554,0.15046127976415608,0.15151029514215023
recall,0.06172839506172839,0.13333333333333333,0.10227272727272728,0.08823529411764706,0.14705882352941177,0.16901408450704225,0.17307692307692307,0.1559633027522936,0.2857142857142857,0.0423728813559322,0.13973799126637554,0.13587700507213246,0.13973799126637554
f1-score,0.0847457627118644,0.19354838709677416,0.11538461538461539,0.0784313725490196,0.1639344262295082,0.12060301507537688,0.14574898785425103,0.13991769547325106,0.22895622895622894,0.057803468208092484,0.13973799126637554,0.13290739595389825,0.13532403951668245
support,81.0,90.0,88.0,68.0,68.0,71.0,104.0,109.0,119.0,118.0,0.13973799126637554,916.0,916.0
