,1,2,3,4,5,6,7,8,9,10,accuracy,macro avg,weighted avg
precision,0.0,0.1875,0.21212121212121213,0.1111111111111111,0.15217391304347827,0.11764705882352941,0.08064516129032258,0.14166666666666666,0.1414141414141414,0.16666666666666666,0.14795244385733158,0.13109459311371283,0.1347464841918309
recall,0.0,0.20833333333333334,0.16666666666666666,0.04819277108433735,0.22580645161290322,0.05,0.0684931506849315,0.19540229885057472,0.1686746987951807,0.32894736842105265,0.14795244385733158,0.14605167394489801,0.14795244385733158
f1-score,0.0,0.19736842105263155,0.18666666666666665,0.06722689075630253,0.1818181818181818,0.07017543859649122,0.07407407407407407,0.1642512077294686,0.15384615384615383,0.22123893805309736,0.14795244385733158,0.13166659725930674,0.13426390112304687
support,57.0,72.0,84.0,83.0,62.0,80.0,73.0,87.0,83.0,76.0,0.14795244385733158,757.0,757.0
