,1,2,3,4,5,6,7,8,9,10,accuracy,macro avg,weighted avg
precision,0.058823529411764705,0.10526315789473684,0.15254237288135594,0.1889763779527559,0.23529411764705882,0.1507537688442211,0.09615384615384616,0.05714285714285714,0.24,0.0,0.14398943196829592,0.12849500279285966,0.12944476007836056
recall,0.03508771929824561,0.19444444444444445,0.21428571428571427,0.2891566265060241,0.12903225806451613,0.375,0.0684931506849315,0.022988505747126436,0.07228915662650602,0.0,0.14398943196829592,0.14007775756575086,0.14398943196829592
f1-score,0.04395604395604395,0.13658536585365855,0.17821782178217824,0.22857142857142856,0.16666666666666666,0.2150537634408602,0.08000000000000002,0.03278688524590164,0.11111111111111109,0.0,0.14398943196829592,0.11929490866278489,0.12118055758957368
support,57.0,72.0,84.0,83.0,62.0,80.0,73.0,87.0,83.0,76.0,0.14398943196829592,757.0,757.0
