,1,2,3,4,5,6,7,8,9,10,accuracy,macro avg,weighted avg
precision,0.0,0.09523809523809523,0.0660377358490566,0.058823529411764705,0.14563106796116504,0.03636363636363636,0.05194805194805195,0.17346938775510204,0.1232876712328767,0.13043478260869565,0.09388646288209607,0.08812339583684445,0.09305761792769093
recall,0.0,0.044444444444444446,0.07954545454545454,0.11764705882352941,0.22058823529411764,0.056338028169014086,0.038461538461538464,0.1559633027522936,0.15126050420168066,0.07627118644067797,0.09388646288209607,0.09405197531327508,0.09388646288209607
f1-score,0.0,0.06060606060606061,0.07216494845360824,0.07843137254901962,0.17543859649122806,0.04419889502762431,0.044198895027624314,0.1642512077294686,0.13584905660377358,0.09625668449197862,0.09388646288209607,0.0871395716980386,0.08977154322210555
support,81.0,90.0,88.0,68.0,68.0,71.0,104.0,109.0,119.0,118.0,0.09388646288209607,916.0,916.0
