,1,2,3,4,5,6,7,8,9,10,accuracy,macro avg,weighted avg
precision,0.13636363636363635,0.2222222222222222,0.18181818181818182,0.1,0.14285714285714285,0.17699115044247787,0.1048951048951049,0.016129032258064516,0.08,0.064,0.10904255319148937,0.12252764708568306,0.13053124937129224
recall,0.08823529411764706,0.07142857142857142,0.08108108108108109,0.04054054054054054,0.05714285714285714,0.19230769230769232,0.2054794520547945,0.014705882352941176,0.16393442622950818,0.19047619047619047,0.10904255319148937,0.11053319877318239,0.10904255319148937
f1-score,0.10714285714285714,0.10810810810810811,0.11214953271028037,0.057692307692307696,0.08163265306122448,0.18433179723502305,0.1388888888888889,0.015384615384615384,0.10752688172043012,0.09580838323353294,0.10904255319148937,0.1008666025177268,0.10536020736964029
support,102.0,84.0,74.0,74.0,70.0,104.0,73.0,68.0,61.0,42.0,0.10904255319148937,752.0,752.0
