,1,2,3,4,5,6,7,8,9,10,accuracy,macro avg,weighted avg
precision,0.08,0.17142857142857143,0.08,0.13253012048192772,0.08695652173913043,0.1,0.08333333333333333,0.05128205128205128,0.059782608695652176,0.043478260869565216,0.07845744680851063,0.08887914678302317,0.09284245258626478
recall,0.0196078431372549,0.07142857142857142,0.05405405405405406,0.14864864864864866,0.17142857142857143,0.019230769230769232,0.0273972602739726,0.058823529411764705,0.18032786885245902,0.11904761904761904,0.07845744680851063,0.0869994735513685,0.07845744680851063
f1-score,0.031496062992125984,0.10084033613445378,0.06451612903225806,0.14012738853503187,0.11538461538461538,0.03225806451612903,0.041237113402061855,0.0547945205479452,0.08979591836734693,0.06369426751592357,0.07845744680851063,0.07341444164278917,0.07067502084941311
support,102.0,84.0,74.0,74.0,70.0,104.0,73.0,68.0,61.0,42.0,0.07845744680851063,752.0,752.0
