,1,2,3,4,5,6,7,8,9,10,accuracy,macro avg,weighted avg
precision,0.0851063829787234,0.203125,0.09734513274336283,0.06896551724137931,0.12727272727272726,0.18674698795180722,0.11475409836065574,0.058823529411764705,0.08196721311475409,0.125,0.12367021276595745,0.11491065890751746,0.1183619228711535
recall,0.0392156862745098,0.15476190476190477,0.14864864864864866,0.05405405405405406,0.1,0.2980769230769231,0.0958904109589041,0.029411764705882353,0.16393442622950818,0.09523809523809523,0.12367021276595745,0.11792319139484304,0.12367021276595745
f1-score,0.053691275167785234,0.17567567567567566,0.11764705882352941,0.06060606060606061,0.11199999999999999,0.22962962962962963,0.10447761194029849,0.03921568627450981,0.1092896174863388,0.1081081081081081,0.12367021276595745,0.11103407237119356,0.11522103549023624
support,102.0,84.0,74.0,74.0,70.0,104.0,73.0,68.0,61.0,42.0,0.12367021276595745,752.0,752.0
