,1,2,3,4,5,6,7,8,9,10,accuracy,macro avg,weighted avg
precision,0.047619047619047616,0.1111111111111111,0.11564625850340136,0.0975609756097561,0.0425531914893617,0.08928571428571429,0.1506849315068493,0.16666666666666666,0.0,0.3333333333333333,0.10303830911492734,0.11544612301252415,0.1177551132796725
recall,0.08771929824561403,0.3055555555555556,0.20238095238095238,0.0963855421686747,0.03225806451612903,0.0625,0.1506849315068493,0.06896551724137931,0.0,0.02631578947368421,0.10303830911492734,0.10327656510888387,0.10303830911492734
f1-score,0.06172839506172839,0.16296296296296295,0.14718614718614717,0.09696969696969697,0.03669724770642201,0.07352941176470587,0.1506849315068493,0.0975609756097561,0.0,0.048780487804878044,0.10303830911492734,0.08761002565731468,0.08852929631990385
support,57.0,72.0,84.0,83.0,62.0,80.0,73.0,87.0,83.0,76.0,0.10303830911492734,757.0,757.0
