,1,2,3,4,5,6,7,8,9,10,accuracy,macro avg,weighted avg
precision,0.19230769230769232,0.12244897959183673,0.18032786885245902,0.1794871794871795,0.125,0.29365079365079366,0.19230769230769232,0.021739130434782608,0.020833333333333332,0.07894736842105263,0.1595744680851064,0.1407050038386822,0.15414952158638162
recall,0.19607843137254902,0.07142857142857142,0.14864864864864866,0.1891891891891892,0.2,0.3557692307692308,0.136986301369863,0.014705882352941176,0.01639344262295082,0.14285714285714285,0.1595744680851064,0.1472056840611087,0.1595744680851064
f1-score,0.19417475728155342,0.09022556390977443,0.16296296296296295,0.1842105263157895,0.15384615384615385,0.3217391304347826,0.16000000000000003,0.017543859649122803,0.01834862385321101,0.1016949152542373,0.1595744680851064,0.14047464935075876,0.15368237513840363
support,102.0,84.0,74.0,74.0,70.0,104.0,73.0,68.0,61.0,42.0,0.1595744680851064,752.0,752.0
