,1,2,3,4,5,6,7,8,9,10,accuracy,macro avg,weighted avg
precision,0.0,0.1,0.07575757575757576,0.0547945205479452,0.12698412698412698,0.037037037037037035,0.09900990099009901,0.0962962962962963,0.09482758620689655,0.10810810810810811,0.07860262008733625,0.07928151519280849,0.08241463956672625
recall,0.0,0.044444444444444446,0.11363636363636363,0.11764705882352941,0.11764705882352941,0.056338028169014086,0.09615384615384616,0.11926605504587157,0.09243697478991597,0.03389830508474576,0.07860262008733625,0.07914681349712605,0.07860262008733625
f1-score,0.0,0.061538461538461535,0.09090909090909091,0.07476635514018691,0.12213740458015267,0.04469273743016759,0.0975609756097561,0.10655737704918034,0.09361702127659575,0.05161290322580645,0.07860262008733625,0.07433923267593982,0.07542897951017673
support,81.0,90.0,88.0,68.0,68.0,71.0,104.0,109.0,119.0,118.0,0.07860262008733625,916.0,916.0
