,1,2,3,4,5,6,7,8,9,10,accuracy,macro avg,weighted avg
precision,0.0,0.12371134020618557,0.17647058823529413,0.19230769230769232,0.14473684210526316,0.12716763005780346,0.09166666666666666,0.16091954022988506,0.14754098360655737,0.07142857142857142,0.130779392338177,0.12359498548439192,0.1284088754529478
recall,0.0,0.16666666666666666,0.10714285714285714,0.12048192771084337,0.1774193548387097,0.275,0.1506849315068493,0.16091954022988506,0.10843373493975904,0.013157894736842105,0.130779392338177,0.12799069077724123,0.130779392338177
f1-score,0.0,0.14201183431952663,0.13333333333333333,0.14814814814814814,0.15942028985507248,0.1739130434782609,0.11398963730569947,0.16091954022988506,0.125,0.022222222222222223,0.130779392338177,0.1178958048892148,0.12140473213841813
support,57.0,72.0,84.0,83.0,62.0,80.0,73.0,87.0,83.0,76.0,0.130779392338177,757.0,757.0
