,1,2,3,4,5,6,7,8,9,10,accuracy,macro avg,weighted avg
precision,0.06666666666666667,0.136986301369863,0.13333333333333333,0.1346153846153846,0.1111111111111111,0.225,0.11904761904761904,0.08641975308641975,0.10256410256410256,0.024844720496894408,0.09840425531914894,0.11405889922913945,0.1212496544397393
recall,0.029411764705882353,0.11904761904761904,0.10810810810810811,0.0945945945945946,0.12857142857142856,0.08653846153846154,0.0684931506849315,0.10294117647058823,0.19672131147540983,0.09523809523809523,0.09840425531914894,0.1029665710435119,0.09840425531914894
f1-score,0.04081632653061225,0.12738853503184713,0.11940298507462686,0.11111111111111112,0.11920529801324502,0.125,0.08695652173913043,0.09395973154362416,0.13483146067415733,0.03940886699507389,0.09840425531914894,0.0998080836713428,0.10090863773179393
support,102.0,84.0,74.0,74.0,70.0,104.0,73.0,68.0,61.0,42.0,0.09840425531914894,752.0,752.0
