,1,2,3,4,5,6,7,8,9,10,accuracy,macro avg,weighted avg
precision,0.06382978723404255,0.06060606060606061,0.20754716981132076,0.109375,0.17045454545454544,0.075,0.13333333333333333,0.125,0.12,0.14935064935064934,0.130779392338177,0.12144965457899519,0.12285493527383384
recall,0.05263157894736842,0.027777777777777776,0.13095238095238096,0.08433734939759036,0.24193548387096775,0.0375,0.1917808219178082,0.06896551724137931,0.18072289156626506,0.3026315789473684,0.130779392338177,0.1319235380618906,0.130779392338177
f1-score,0.05769230769230769,0.03809523809523809,0.16058394160583941,0.09523809523809525,0.2,0.05,0.15730337078651685,0.08888888888888889,0.14423076923076922,0.19999999999999998,0.130779392338177,0.11920326115376553,0.11917141998398151
support,57.0,72.0,84.0,83.0,62.0,80.0,73.0,87.0,83.0,76.0,0.130779392338177,757.0,757.0
