,1,2,3,4,5,6,7,8,9,10,accuracy,macro avg,weighted avg
precision,0.11403508771929824,0.09491525423728814,0.10204081632653061,0.12704918032786885,0.1,0.10256410256410256,0.10714285714285714,0.2222222222222222,0.2631578947368421,0.0,0.11244541484716157,0.12331274152770097,0.12681339651360668
recall,0.16049382716049382,0.3111111111111111,0.056818181818181816,0.45588235294117646,0.058823529411764705,0.16901408450704225,0.028846153846153848,0.01834862385321101,0.04201680672268908,0.0,0.11244541484716157,0.13013546713718244,0.11244541484716157
f1-score,0.13333333333333333,0.14545454545454545,0.072992700729927,0.19871794871794873,0.07407407407407408,0.12765957446808512,0.045454545454545456,0.03389830508474577,0.07246376811594203,0.0,0.11244541484716157,0.09040487954331469,0.08184861406063469
support,81.0,90.0,88.0,68.0,68.0,71.0,104.0,109.0,119.0,118.0,0.11244541484716157,916.0,916.0
