,1,2,3,4,5,6,7,8,9,10,accuracy,macro avg,weighted avg
precision,0.375,0.0967741935483871,0.15037593984962405,0.24561403508771928,0.15151515151515152,0.1,0.1111111111111111,0.046875,0.13333333333333333,0.02127659574468085,0.12234042553191489,0.14318753601900072,0.15560360701490633
recall,0.058823529411764705,0.14285714285714285,0.2702702702702703,0.1891891891891892,0.21428571428571427,0.028846153846153848,0.0684931506849315,0.04411764705882353,0.19672131147540983,0.047619047619047616,0.12234042553191489,0.12612231566984478,0.12234042553191489
f1-score,0.10169491525423728,0.11538461538461538,0.1932367149758454,0.21374045801526717,0.17751479289940827,0.04477611940298507,0.0847457627118644,0.04545454545454545,0.15894039735099338,0.02941176470588235,0.12234042553191489,0.1164900086155644,0.11631949454173417
support,102.0,84.0,74.0,74.0,70.0,104.0,73.0,68.0,61.0,42.0,0.12234042553191489,752.0,752.0
