,1,2,3,4,5,6,7,8,9,10,accuracy,macro avg,weighted avg
precision,0.2857142857142857,0.2087912087912088,0.10294117647058823,0.05555555555555555,0.12280701754385964,0.16666666666666666,0.08,0.0375,0.08333333333333333,0.058333333333333334,0.09707446808510638,0.12016425774088313,0.13332876960902948
recall,0.0392156862745098,0.2261904761904762,0.0945945945945946,0.013513513513513514,0.2,0.009615384615384616,0.0273972602739726,0.04411764705882353,0.13114754098360656,0.3333333333333333,0.09707446808510638,0.11191254368382149,0.09707446808510638
f1-score,0.06896551724137931,0.21714285714285714,0.09859154929577464,0.021739130434782608,0.15217391304347827,0.018181818181818184,0.04081632653061224,0.040540540540540536,0.1019108280254777,0.09929078014184398,0.09707446808510638,0.08593532605785645,0.0835706887388797
support,102.0,84.0,74.0,74.0,70.0,104.0,73.0,68.0,61.0,42.0,0.09707446808510638,752.0,752.0
