,1,2,3,4,5,6,7,8,9,10,accuracy,macro avg,weighted avg
precision,0.09782608695652174,0.12060301507537688,0.1411764705882353,0.08695652173913043,0.1,0.08163265306122448,0.1375,0.13636363636363635,0.12121212121212122,0.5,0.11026200873362445,0.15232705049962464,0.1662647974295999
recall,0.2222222222222222,0.26666666666666666,0.13636363636363635,0.11764705882352941,0.10294117647058823,0.16901408450704225,0.10576923076923077,0.027522935779816515,0.03361344537815126,0.01694915254237288,0.11026200873362445,0.11987096095232566,0.11026200873362445
f1-score,0.13584905660377358,0.16608996539792384,0.13872832369942195,0.09999999999999999,0.10144927536231883,0.11009174311926605,0.11956521739130434,0.04580152671755725,0.05263157894736842,0.03278688524590164,0.11026200873362445,0.10029935724848357,0.09523382840287786
support,81.0,90.0,88.0,68.0,68.0,71.0,104.0,109.0,119.0,118.0,0.11026200873362445,916.0,916.0
