,1,2,3,4,5,6,7,8,9,10,accuracy,macro avg,weighted avg
precision,0.056338028169014086,0.11009174311926606,0.072,0.06976744186046512,0.09433962264150944,0.13432835820895522,0.13095238095238096,0.08928571428571429,0.13333333333333333,0.0,0.09170305676855896,0.08904366225706385,0.08812455035398616
recall,0.09876543209876543,0.13333333333333333,0.10227272727272728,0.1323529411764706,0.14705882352941177,0.2535211267605634,0.10576923076923077,0.045871559633027525,0.01680672268907563,0.0,0.09170305676855896,0.10357518972626056,0.09170305676855896
f1-score,0.07174887892376682,0.1206030150753769,0.08450704225352113,0.09137055837563453,0.1149425287356322,0.17560975609756097,0.1170212765957447,0.0606060606060606,0.029850746268656716,0.0,0.09170305676855896,0.08662598629319546,0.07961642472969438
support,81.0,90.0,88.0,68.0,68.0,71.0,104.0,109.0,119.0,118.0,0.09170305676855896,916.0,916.0
