,1,2,3,4,5,6,7,8,9,10,accuracy,macro avg,weighted avg
precision,0.12244897959183673,0.15217391304347827,0.1721311475409836,0.13541666666666666,0.12698412698412698,0.16831683168316833,0.1276595744680851,0.045454545454545456,0.0,0.5,0.14663143989431968,0.15505857854328914,0.15356244399078745
recall,0.10526315789473684,0.2916666666666667,0.25,0.1566265060240964,0.12903225806451613,0.425,0.0821917808219178,0.011494252873563218,0.0,0.013157894736842105,0.14663143989431968,0.1464432517082339,0.14663143989431968
f1-score,0.11320754716981131,0.2,0.2038834951456311,0.14525139664804468,0.128,0.2411347517730497,0.1,0.01834862385321101,0.0,0.025641025641025637,0.14663143989431968,0.11754668402307733,0.11638935015652739
support,57.0,72.0,84.0,83.0,62.0,80.0,73.0,87.0,83.0,76.0,0.14663143989431968,757.0,757.0
