,1,2,3,4,5,6,7,8,9,10,accuracy,macro avg,weighted avg
precision,0.0967741935483871,0.1323529411764706,0.16129032258064516,0.17647058823529413,0.10526315789473684,0.2116788321167883,0.1111111111111111,0.08108108108108109,0.06666666666666667,0.11971830985915492,0.13297872340425532,0.1262407204270336,0.130432715557569
recall,0.058823529411764705,0.10714285714285714,0.13513513513513514,0.08108108108108109,0.05714285714285714,0.27884615384615385,0.136986301369863,0.08823529411764706,0.04918032786885246,0.40476190476190477,0.13297872340425532,0.13973354418781164,0.13297872340425532
f1-score,0.07317073170731708,0.11842105263157895,0.14705882352941174,0.11111111111111113,0.07407407407407407,0.24066390041493776,0.12269938650306748,0.08450704225352113,0.05660377358490566,0.1847826086956522,0.13297872340425532,0.12130925045055771,0.12320056235212284
support,102.0,84.0,74.0,74.0,70.0,104.0,73.0,68.0,61.0,42.0,0.13297872340425532,752.0,752.0
