,1,2,3,4,5,6,7,8,9,10,accuracy,macro avg,weighted avg
precision,0.25,0.13978494623655913,0.11,0.08771929824561403,0.11377245508982035,0.16666666666666666,0.038461538461538464,0.017543859649122806,0.07575757575757576,0.07894736842105263,0.09973404255319149,0.10786537085279499,0.11849500678510126
recall,0.06862745098039216,0.15476190476190477,0.14864864864864866,0.06756756756756757,0.2714285714285714,0.009615384615384616,0.0136986301369863,0.014705882352941176,0.08196721311475409,0.2857142857142857,0.09973404255319149,0.11167355393214365,0.09973404255319149
f1-score,0.10769230769230771,0.14689265536723164,0.1264367816091954,0.07633587786259542,0.16033755274261602,0.018181818181818184,0.0202020202020202,0.015999999999999997,0.07874015748031496,0.12371134020618556,0.09973404255319149,0.0874530511344285,0.08511314679384849
support,102.0,84.0,74.0,74.0,70.0,104.0,73.0,68.0,61.0,42.0,0.09973404255319149,752.0,752.0
