,1,2,3,4,5,6,7,8,9,10,accuracy,macro avg,weighted avg
precision,0.24489795918367346,0.16666666666666666,0.20408163265306123,0.23076923076923078,0.11643835616438356,0.19047619047619047,0.1875,0.07792207792207792,0.04838709677419355,0.04666666666666667,0.12898936170212766,0.15138058772761442,0.16358587589486975
recall,0.11764705882352941,0.15476190476190477,0.2702702702702703,0.12162162162162163,0.24285714285714285,0.038461538461538464,0.0821917808219178,0.08823529411764706,0.04918032786885246,0.16666666666666666,0.12898936170212766,0.13318936062710915,0.12898936170212766
f1-score,0.15894039735099338,0.16049382716049385,0.23255813953488372,0.1592920353982301,0.1574074074074074,0.064,0.11428571428571428,0.08275862068965519,0.04878048780487805,0.07291666666666667,0.12898936170212766,0.12514332962989227,0.12815609917646675
support,102.0,84.0,74.0,74.0,70.0,104.0,73.0,68.0,61.0,42.0,0.12898936170212766,752.0,752.0
