,1,2,3,4,5,6,7,8,9,10,accuracy,macro avg,weighted avg
precision,0.25,0.1111111111111111,0.1564245810055866,0.09090909090909091,0.28,0.078125,0.12903225806451613,0.15217391304347827,0.1511627906976744,0.23076923076923078,0.15829694323144106,0.16297079756006883,0.16376583951370208
recall,0.1111111111111111,0.044444444444444446,0.3181818181818182,0.07352941176470588,0.20588235294117646,0.07042253521126761,0.07692307692307693,0.25688073394495414,0.2184873949579832,0.15254237288135594,0.15829694323144106,0.15284052523618938,0.15829694323144106
f1-score,0.15384615384615383,0.06349206349206349,0.2097378277153558,0.0813008130081301,0.23728813559322035,0.07407407407407407,0.0963855421686747,0.19112627986348124,0.17869415807560138,0.18367346938775514,0.15829694323144106,0.14696185172245102,0.14994650203967233
support,81.0,90.0,88.0,68.0,68.0,71.0,104.0,109.0,119.0,118.0,0.15829694323144106,916.0,916.0
