,1,2,3,4,5,6,7,8,9,10,accuracy,macro avg,weighted avg
precision,0.075,0.125,0.16666666666666666,0.11392405063291139,0.09803921568627451,0.16981132075471697,0.14893617021276595,0.05660377358490566,0.10909090909090909,0.011235955056179775,0.10372340425531915,0.107430806168533,0.1134104895384429
recall,0.029411764705882353,0.07142857142857142,0.1891891891891892,0.12162162162162163,0.2857142857142857,0.08653846153846154,0.0958904109589041,0.04411764705882353,0.09836065573770492,0.023809523809523808,0.10372340425531915,0.10460821317629683,0.10372340425531915
f1-score,0.04225352112676057,0.09090909090909091,0.1772151898734177,0.11764705882352941,0.145985401459854,0.11464968152866242,0.11666666666666667,0.04958677685950414,0.10344827586206898,0.015267175572519083,0.10372340425531915,0.09736288386820738,0.09939987748774327
support,102.0,84.0,74.0,74.0,70.0,104.0,73.0,68.0,61.0,42.0,0.10372340425531915,752.0,752.0
