,1,2,3,4,5,6,7,8,9,10,accuracy,macro avg,weighted avg
precision,0.05128205128205128,0.1702127659574468,0.06349206349206349,0.1346153846153846,0.13245033112582782,0.16853932584269662,0.13978494623655913,0.06976744186046512,0.08571428571428572,0.0297029702970297,0.10638297872340426,0.10455615664238102,0.1095914748675817
recall,0.0392156862745098,0.09523809523809523,0.05405405405405406,0.0945945945945946,0.2857142857142857,0.14423076923076922,0.1780821917808219,0.04411764705882353,0.04918032786885246,0.07142857142857142,0.10638297872340426,0.1055856223243378,0.10638297872340426
f1-score,0.04444444444444444,0.12213740458015264,0.058394160583941604,0.11111111111111112,0.18099547511312217,0.155440414507772,0.1566265060240964,0.05405405405405406,0.0625,0.04195804195804196,0.10638297872340426,0.09876616123767365,0.10220199490412149
support,102.0,84.0,74.0,74.0,70.0,104.0,73.0,68.0,61.0,42.0,0.10638297872340426,752.0,752.0
