,1,2,3,4,5,6,7,8,9,10,accuracy,macro avg,weighted avg
precision,0.06521739130434782,0.13076923076923078,0.09278350515463918,0.09302325581395349,0.0821917808219178,0.10344827586206896,0.125,0.08108108108108109,0.06382978723404255,0.14705882352941177,0.10039630118890357,0.09844031315706935,0.09864289306198093
recall,0.05263157894736842,0.2361111111111111,0.10714285714285714,0.14457831325301204,0.0967741935483871,0.15,0.0821917808219178,0.034482758620689655,0.03614457831325301,0.06578947368421052,0.10039630118890357,0.10058466454428068,0.10039630118890357
f1-score,0.05825242718446602,0.1683168316831683,0.09944751381215468,0.11320754716981132,0.08888888888888889,0.12244897959183673,0.09917355371900827,0.04838709677419355,0.046153846153846156,0.0909090909090909,0.10039630118890357,0.09351857758864648,0.09337550101080402
support,57.0,72.0,84.0,83.0,62.0,80.0,73.0,87.0,83.0,76.0,0.10039630118890357,757.0,757.0
