,1,2,3,4,5,6,7,8,9,10,accuracy,macro avg,weighted avg
precision,0.08641975308641975,0.16417910447761194,0.10714285714285714,0.07971014492753623,0.07228915662650602,0.1794871794871795,0.02830188679245283,0.06666666666666667,0.2631578947368421,0.25,0.11026200873362445,0.12973546439440722,0.13680140332706014
recall,0.1728395061728395,0.24444444444444444,0.10227272727272728,0.16176470588235295,0.08823529411764706,0.39436619718309857,0.028846153846153848,0.01834862385321101,0.04201680672268908,0.00847457627118644,0.11026200873362445,0.126160903576635,0.11026200873362445
f1-score,0.11522633744855966,0.19642857142857145,0.10465116279069768,0.10679611650485436,0.07947019867549669,0.24669603524229078,0.02857142857142857,0.028776978417266192,0.07246376811594203,0.01639344262295082,0.11026200873362445,0.09954740398180582,0.0906861013931971
support,81.0,90.0,88.0,68.0,68.0,71.0,104.0,109.0,119.0,118.0,0.11026200873362445,916.0,916.0
