,1,2,3,4,5,6,7,8,9,10,accuracy,macro avg,weighted avg
precision,0.047619047619047616,0.12790697674418605,0.1320754716981132,0.15217391304347827,0.08633093525179857,0.041666666666666664,0.10526315789473684,0.11475409836065574,0.189873417721519,0.12244897959183673,0.11756935270805813,0.11201126645920387,0.11501670669434698
recall,0.03508771929824561,0.1527777777777778,0.16666666666666666,0.08433734939759036,0.1935483870967742,0.0125,0.1095890410958904,0.08045977011494253,0.18072289156626506,0.15789473684210525,0.11756935270805813,0.1173584339856258,0.11756935270805813
f1-score,0.04040404040404041,0.13924050632911392,0.14736842105263157,0.10852713178294573,0.11940298507462686,0.01923076923076923,0.10738255033557047,0.0945945945945946,0.18518518518518517,0.13793103448275865,0.11756935270805813,0.10992672184722366,0.11172823985932213
support,57.0,72.0,84.0,83.0,62.0,80.0,73.0,87.0,83.0,76.0,0.11756935270805813,757.0,757.0
