,1,2,3,4,5,6,7,8,9,10,accuracy,macro avg,weighted avg
precision,0.043478260869565216,0.09,0.04395604395604396,0.24,0.0684931506849315,0.08,0.125,0.12195121951219512,0.14285714285714285,0.017391304347826087,0.0851063829787234,0.09731271222277048,0.09705379499084014
recall,0.0196078431372549,0.10714285714285714,0.05405405405405406,0.16216216216216217,0.14285714285714285,0.019230769230769232,0.0821917808219178,0.14705882352941177,0.11475409836065574,0.047619047619047616,0.0851063829787234,0.08966785789152734,0.0851063829787234
f1-score,0.02702702702702703,0.09782608695652174,0.048484848484848485,0.1935483870967742,0.09259259259259259,0.0310077519379845,0.09917355371900827,0.1333333333333333,0.1272727272727273,0.025477707006369428,0.0851063829787234,0.08757440154271869,0.08474857888728016
support,102.0,84.0,74.0,74.0,70.0,104.0,73.0,68.0,61.0,42.0,0.0851063829787234,752.0,752.0
