,1,2,3,4,5,6,7,8,9,10,accuracy,macro avg,weighted avg
precision,0.2727272727272727,0.1323529411764706,0.1917808219178082,0.16666666666666666,0.14925373134328357,0.2857142857142857,0.045454545454545456,0.046511627906976744,0.10810810810810811,0.05829596412556054,0.11436170212765957,0.14568659651409782,0.1610997174791176
recall,0.029411764705882353,0.10714285714285714,0.1891891891891892,0.13513513513513514,0.2857142857142857,0.019230769230769232,0.0136986301369863,0.029411764705882353,0.19672131147540983,0.30952380952380953,0.11436170212765957,0.13151795169602068,0.11436170212765957
f1-score,0.05309734513274336,0.11842105263157895,0.1904761904761905,0.14925373134328357,0.196078431372549,0.03603603603603604,0.021052631578947368,0.036036036036036036,0.13953488372093023,0.09811320754716982,0.11436170212765957,0.1038099545875465,0.09919710766320636
support,102.0,84.0,74.0,74.0,70.0,104.0,73.0,68.0,61.0,42.0,0.11436170212765957,752.0,752.0
