,1,2,3,4,5,6,7,8,9,10,accuracy,macro avg,weighted avg
precision,0.0625,0.14814814814814814,0.12903225806451613,0.06532663316582915,0.11428571428571428,0.0625,0.08421052631578947,0.08823529411764706,0.16585365853658537,0.17142857142857143,0.11026200873362445,0.1091520804062801,0.11434771862424283
recall,0.024691358024691357,0.08888888888888889,0.09090909090909091,0.19117647058823528,0.058823529411764705,0.08450704225352113,0.07692307692307693,0.05504587155963303,0.2857142857142857,0.1016949152542373,0.11026200873362445,0.10583745295274254,0.11026200873362445
f1-score,0.035398230088495575,0.1111111111111111,0.10666666666666667,0.09737827715355805,0.07766990291262135,0.0718562874251497,0.08040201005025127,0.06779661016949153,0.20987654320987653,0.12765957446808512,0.11026200873362445,0.09858152132553069,0.10376612875374529
support,81.0,90.0,88.0,68.0,68.0,71.0,104.0,109.0,119.0,118.0,0.11026200873362445,916.0,916.0
