,1,2,3,4,5,6,7,8,9,10,accuracy,macro avg,weighted avg
precision,0.087248322147651,0.14903846153846154,0.15730337078651685,0.06329113924050633,0.12121212121212122,0.1267605633802817,0.07407407407407407,0.1875,0.0,0.6666666666666666,0.11899563318777293,0.1633094719046279,0.17759537592006963
recall,0.16049382716049382,0.34444444444444444,0.1590909090909091,0.07352941176470588,0.11764705882352941,0.38028169014084506,0.057692307692307696,0.027522935779816515,0.0,0.01694915254237288,0.11899563318777293,0.13376517374394248,0.11899563318777293
f1-score,0.11304347826086958,0.20805369127516776,0.1581920903954802,0.06802721088435373,0.11940298507462688,0.19014084507042253,0.06486486486486487,0.048,0.0,0.03305785123966942,0.11899563318777293,0.10027830170654548,0.09162258037787709
support,81.0,90.0,88.0,68.0,68.0,71.0,104.0,109.0,119.0,118.0,0.11899563318777293,916.0,916.0
