,1,2,3,4,5,6,7,8,9,10,accuracy,macro avg,weighted avg
precision,0.12903225806451613,0.2,0.10526315789473684,0.05454545454545454,0.10638297872340426,0.038461538461538464,0.14705882352941177,0.1232876712328767,0.0707070707070707,0.058823529411764705,0.09441489361702128,0.10335624825707741,0.10523472269109203
recall,0.0392156862745098,0.10714285714285714,0.08108108108108109,0.04054054054054054,0.14285714285714285,0.009615384615384616,0.136986301369863,0.1323529411764706,0.11475409836065574,0.2857142857142857,0.09441489361702128,0.10902603191327911,0.09441489361702128
f1-score,0.06015037593984963,0.13953488372093023,0.09160305343511452,0.04651162790697675,0.12195121951219512,0.015384615384615385,0.14184397163120566,0.1276595744680851,0.0875,0.0975609756097561,0.09441489361702128,0.09297002976087285,0.08867534884588933
support,102.0,84.0,74.0,74.0,70.0,104.0,73.0,68.0,61.0,42.0,0.09441489361702128,752.0,752.0
