,1,2,3,4,5,6,7,8,9,10,accuracy,macro avg,weighted avg
precision,0.14285714285714285,0.09923664122137404,0.1111111111111111,0.08823529411764706,0.12631578947368421,0.10948905109489052,0.07291666666666667,0.12,0.15789473684210525,0.14285714285714285,0.1083223249669749,0.11709135762417647,0.1165928451420846
recall,0.08771929824561403,0.18055555555555555,0.09523809523809523,0.10843373493975904,0.1935483870967742,0.1875,0.0958904109589041,0.034482758620689655,0.10843373493975904,0.013157894736842105,0.1083223249669749,0.1104959870331993,0.1083223249669749
f1-score,0.10869565217391304,0.12807881773399016,0.10256410256410256,0.0972972972972973,0.15286624203821655,0.13824884792626732,0.08284023668639053,0.05357142857142857,0.12857142857142856,0.024096385542168676,0.1083223249669749,0.10168304391052033,0.1002071434857934
support,57.0,72.0,84.0,83.0,62.0,80.0,73.0,87.0,83.0,76.0,0.1083223249669749,757.0,757.0
