,1,2,3,4,5,6,7,8,9,10,accuracy,macro avg,weighted avg
precision,0.10714285714285714,0.1320754716981132,0.1518987341772152,0.0594059405940594,0.07142857142857142,0.033707865168539325,0.037037037037037035,0.13513513513513514,0.13138686131386862,0.21052631578947367,0.10152838427947598,0.10697447894848702,0.11384408414256723
recall,0.037037037037037035,0.07777777777777778,0.13636363636363635,0.17647058823529413,0.04411764705882353,0.04225352112676056,0.028846153846153848,0.1834862385321101,0.15126050420168066,0.1016949152542373,0.10152838427947598,0.09793080194335113,0.10152838427947598
f1-score,0.055045871559633024,0.0979020979020979,0.14371257485029937,0.08888888888888888,0.05454545454545454,0.0375,0.032432432432432434,0.1556420233463035,0.14062500000000003,0.13714285714285715,0.10152838427947598,0.09434372006679667,0.09998671616643884
support,81.0,90.0,88.0,68.0,68.0,71.0,104.0,109.0,119.0,118.0,0.10152838427947598,916.0,916.0
