,1,2,3,4,5,6,7,8,9,10,accuracy,macro avg,weighted avg
precision,0.16129032258064516,0.1411764705882353,0.1386861313868613,0.09433962264150944,0.13953488372093023,0.061224489795918366,0.09523809523809523,0.13471502590673576,0.12745098039215685,0.12790697674418605,0.12336244541484716,0.12215629989952739,0.1234427651782206
recall,0.06172839506172839,0.13333333333333333,0.2159090909090909,0.14705882352941177,0.08823529411764706,0.04225352112676056,0.07692307692307693,0.23853211009174313,0.1092436974789916,0.09322033898305085,0.12336244541484716,0.12064376815548346,0.12336244541484716
f1-score,0.08928571428571429,0.13714285714285712,0.1688888888888889,0.1149425287356322,0.10810810810810811,0.05,0.0851063829787234,0.17218543046357615,0.11764705882352941,0.10784313725490197,0.12336244541484716,0.11511501066819316,0.11735745794103933
support,81.0,90.0,88.0,68.0,68.0,71.0,104.0,109.0,119.0,118.0,0.12336244541484716,916.0,916.0
