,1,2,3,4,5,6,7,8,9,10,accuracy,macro avg,weighted avg
precision,0.21739130434782608,0.14925373134328357,0.07777777777777778,0.08771929824561403,0.10666666666666667,0.15384615384615385,0.08823529411764706,0.10344827586206896,0.0891089108910891,0.06862745098039216,0.09973404255319149,0.11420748640785192,0.12263076130778401
recall,0.049019607843137254,0.11904761904761904,0.0945945945945946,0.13513513513513514,0.22857142857142856,0.019230769230769232,0.0410958904109589,0.08823529411764706,0.14754098360655737,0.16666666666666666,0.09973404255319149,0.10891379892245139,0.09973404255319149
f1-score,0.08,0.1324503311258278,0.08536585365853659,0.10638297872340426,0.14545454545454548,0.03418803418803419,0.05607476635514018,0.09523809523809523,0.1111111111111111,0.09722222222222224,0.09973404255319149,0.0943487938076917,0.0912810833503108
support,102.0,84.0,74.0,74.0,70.0,104.0,73.0,68.0,61.0,42.0,0.09973404255319149,752.0,752.0
