,1,2,3,4,5,6,7,8,9,10,accuracy,macro avg,weighted avg
precision,0.12931034482758622,0.1391304347826087,0.07339449541284404,0.06785714285714285,0.06451612903225806,0.1016949152542373,0.021505376344086023,0.2,0.10526315789473684,0.23529411764705882,0.08842794759825327,0.11379661140525588,0.12009158836347295
recall,0.18518518518518517,0.17777777777777778,0.09090909090909091,0.27941176470588236,0.08823529411764706,0.08450704225352113,0.019230769230769232,0.027522935779816515,0.01680672268907563,0.03389830508474576,0.08842794759825327,0.10034848877335116,0.08842794759825327
f1-score,0.15228426395939085,0.15609756097560978,0.08121827411167513,0.10919540229885057,0.07453416149068322,0.09230769230769231,0.020304568527918784,0.04838709677419355,0.028985507246376812,0.05925925925925925,0.08842794759825327,0.08225737869516503,0.07686267151973743
support,81.0,90.0,88.0,68.0,68.0,71.0,104.0,109.0,119.0,118.0,0.08842794759825327,916.0,916.0
