,1,2,3,4,5,6,7,8,9,10,accuracy,macro avg,weighted avg
precision,0.08928571428571429,0.1643835616438356,0.16831683168316833,0.13953488372093023,0.13725490196078433,0.11428571428571428,0.14754098360655737,0.12962962962962962,0.12149532710280374,0.14754098360655737,0.13870541611624834,0.1359268531525695,0.13691290477143794
recall,0.08771929824561403,0.16666666666666666,0.20238095238095238,0.07228915662650602,0.11290322580645161,0.05,0.1232876712328767,0.16091954022988506,0.1566265060240964,0.23684210526315788,0.13870541611624834,0.13696351224762068,0.13870541611624834
f1-score,0.08849557522123892,0.16551724137931037,0.18378378378378382,0.09523809523809525,0.12389380530973451,0.06956521739130435,0.13432835820895522,0.14358974358974358,0.13684210526315788,0.18181818181818182,0.13870541611624834,0.13230721072035057,0.13345452658733678
support,57.0,72.0,84.0,83.0,62.0,80.0,73.0,87.0,83.0,76.0,0.13870541611624834,757.0,757.0
