,1,2,3,4,5,6,7,8,9,10,accuracy,macro avg,weighted avg
precision,0.046511627906976744,0.14285714285714285,0.05084745762711865,0.125,0.21951219512195122,0.0,0.039473684210526314,0.20833333333333334,0.11801242236024845,0.17123287671232876,0.11889035667107001,0.11217807401296262,0.11229607430390612
recall,0.07017543859649122,0.16666666666666666,0.03571428571428571,0.060240963855421686,0.14516129032258066,0.0,0.0410958904109589,0.11494252873563218,0.2289156626506024,0.32894736842105265,0.11889035667107001,0.1191860095373692,0.11889035667107001
f1-score,0.05594405594405594,0.15384615384615383,0.04195804195804196,0.08130081300813008,0.17475728155339806,0.0,0.040268456375838924,0.14814814814814814,0.1557377049180328,0.22522522522522523,0.11889035667107001,0.10771858809770249,0.1073249161900056
support,57.0,72.0,84.0,83.0,62.0,80.0,73.0,87.0,83.0,76.0,0.11889035667107001,757.0,757.0
