,1,2,3,4,5,6,7,8,9,10,accuracy,macro avg,weighted avg
precision,0.12,0.11864406779661017,0.13432835820895522,0.2,0.168,0.18181818181818182,0.12962962962962962,0.08163265306122448,0.13450292397660818,0.23684210526315788,0.14663143989431968,0.15053979197543674,0.15053653366672481
recall,0.10526315789473684,0.19444444444444445,0.10714285714285714,0.060240963855421686,0.3387096774193548,0.05,0.0958904109589041,0.04597701149425287,0.27710843373493976,0.23684210526315788,0.14663143989431968,0.15116190622080694,0.14663143989431968
f1-score,0.11214953271028036,0.1473684210526316,0.11920529801324502,0.09259259259259259,0.22459893048128346,0.07843137254901962,0.11023622047244094,0.05882352941176471,0.18110236220472442,0.23684210526315788,0.14663143989431968,0.13613503647511407,0.13355021216464757
support,57.0,72.0,84.0,83.0,62.0,80.0,73.0,87.0,83.0,76.0,0.14663143989431968,757.0,757.0
