,1,2,3,4,5,6,7,8,9,10,accuracy,macro avg,weighted avg
precision,0.09836065573770492,0.1366906474820144,0.09523809523809523,0.12295081967213115,0.11290322580645161,0.1568627450980392,0.17391304347826086,0.05357142857142857,0.09876543209876543,0.0,0.1215323645970938,0.10492560931828913,0.10403714525787199
recall,0.10526315789473684,0.2638888888888889,0.07142857142857142,0.18072289156626506,0.11290322580645161,0.2,0.1643835616438356,0.034482758620689655,0.0963855421686747,0.0,0.1215323645970938,0.12294585980181141,0.1215323645970938
f1-score,0.10169491525423728,0.18009478672985785,0.08163265306122448,0.14634146341463414,0.11290322580645161,0.1758241758241758,0.16901408450704225,0.04195804195804196,0.0975609756097561,0.0,0.1215323645970938,0.11070243221654215,0.10953605283422235
support,57.0,72.0,84.0,83.0,62.0,80.0,73.0,87.0,83.0,76.0,0.1215323645970938,757.0,757.0
