,1,2,3,4,5,6,7,8,9,10,accuracy,macro avg,weighted avg
precision,0.19626168224299065,0.14754098360655737,0.06349206349206349,0.1864406779661017,0.078125,0.20833333333333334,0.16470588235294117,0.021739130434782608,0.12,0.05555555555555555,0.13696808510638298,0.1242194308984326,0.13457140606511966
recall,0.20588235294117646,0.10714285714285714,0.05405405405405406,0.14864864864864866,0.07142857142857142,0.2403846153846154,0.1917808219178082,0.014705882352941176,0.14754098360655737,0.09523809523809523,0.13696808510638298,0.12768068827153253,0.13696808510638298
f1-score,0.20095693779904308,0.12413793103448276,0.058394160583941604,0.16541353383458648,0.07462686567164178,0.22321428571428573,0.17721518987341772,0.017543859649122803,0.1323529411764706,0.07017543859649122,0.13696808510638298,0.12440311439334836,0.13440920041274979
support,102.0,84.0,74.0,74.0,70.0,104.0,73.0,68.0,61.0,42.0,0.13696808510638298,752.0,752.0
