,1,2,3,4,5,6,7,8,9,10,accuracy,macro avg,weighted avg
precision,0.12345679012345678,0.13705583756345177,0.11494252873563218,0.08450704225352113,0.044642857142857144,0.10112359550561797,0.12121212121212122,0.1,0.0,0.08108108108108109,0.10807860262008734,0.09080218536177394,0.08895803987219111
recall,0.37037037037037035,0.3,0.11363636363636363,0.08823529411764706,0.07352941176470588,0.1267605633802817,0.07692307692307693,0.009174311926605505,0.0,0.025423728813559324,0.10807860262008734,0.11840531209326102,0.10807860262008734
f1-score,0.18518518518518517,0.1881533101045296,0.1142857142857143,0.08633093525179857,0.05555555555555556,0.1125,0.09411764705882353,0.01680672268907563,0.0,0.03870967741935484,0.10807860262008734,0.0891644747550037,0.08276706565956479
support,81.0,90.0,88.0,68.0,68.0,71.0,104.0,109.0,119.0,118.0,0.10807860262008734,916.0,916.0
