,1,2,3,4,5,6,7,8,9,10,accuracy,macro avg,weighted avg
precision,0.16806722689075632,0.13043478260869565,0.07547169811320754,0.11842105263157894,0.07758620689655173,0.2602739726027397,0.13636363636363635,0.037037037037037035,0.06666666666666667,0.0891089108910891,0.125,0.1159431190701959,0.1266346741591778
recall,0.19607843137254902,0.10714285714285714,0.05405405405405406,0.12162162162162163,0.12857142857142856,0.18269230769230768,0.1643835616438356,0.014705882352941176,0.03278688524590164,0.21428571428571427,0.125,0.12163227439832107,0.125
f1-score,0.18099547511312217,0.11764705882352941,0.06299212598425198,0.11999999999999998,0.09677419354838711,0.21468926553672316,0.14906832298136644,0.021052631578947364,0.04395604395604396,0.12587412587412586,0.125,0.11330492433964974,0.12136806433882448
support,102.0,84.0,74.0,74.0,70.0,104.0,73.0,68.0,61.0,42.0,0.125,752.0,752.0
