,1,2,3,4,5,6,7,8,9,10,accuracy,macro avg,weighted avg
precision,0.27586206896551724,0.1127659574468085,0.0625,0.0,0.014925373134328358,0.1366906474820144,0.23076923076923078,0.25,0.16666666666666666,0.1111111111111111,0.1091703056768559,0.13612910555756771,0.14509625496203216
recall,0.09876543209876543,0.5888888888888889,0.11363636363636363,0.0,0.014705882352941176,0.2676056338028169,0.028846153846153848,0.01834862385321101,0.025210084033613446,0.00847457627118644,0.1091703056768559,0.11644816387839407,0.1091703056768559
f1-score,0.14545454545454545,0.18928571428571428,0.08064516129032258,0.0,0.014814814814814815,0.18095238095238095,0.05128205128205129,0.03418803418803419,0.043795620437956206,0.015748031496062992,0.1091703056768559,0.07561663542018826,0.07194225843295697
support,81.0,90.0,88.0,68.0,68.0,71.0,104.0,109.0,119.0,118.0,0.1091703056768559,916.0,916.0
