,1,2,3,4,5,6,7,8,9,10,accuracy,macro avg,weighted avg
precision,0.19117647058823528,0.18604651162790697,0.18055555555555555,0.03333333333333333,0.18181818181818182,0.1896551724137931,0.16923076923076924,0.022727272727272728,0.0,0.09523809523809523,0.15824468085106383,0.12497813625331436,0.13471595227676844
recall,0.2549019607843137,0.19047619047619047,0.17567567567567569,0.013513513513513514,0.2,0.3173076923076923,0.1506849315068493,0.014705882352941176,0.0,0.09523809523809523,0.15824468085106383,0.14125039418552715,0.15824468085106383
f1-score,0.21848739495798317,0.18823529411764706,0.1780821917808219,0.019230769230769232,0.1904761904761905,0.237410071942446,0.15942028985507248,0.017857142857142856,0.0,0.09523809523809523,0.15824468085106383,0.13044374404561684,0.14305131089828207
support,102.0,84.0,74.0,74.0,70.0,104.0,73.0,68.0,61.0,42.0,0.15824468085106383,752.0,752.0
