,1,2,3,4,5,6,7,8,9,10,accuracy,macro avg,weighted avg
precision,0.034482758620689655,0.0989010989010989,0.1095890410958904,0.15053763440860216,0.19718309859154928,0.13513513513513514,0.1375,0.13846153846153847,0.2631578947368421,0.12121212121212122,0.13606340819022458,0.1386160321163467,0.14129530081261166
recall,0.017543859649122806,0.125,0.19047619047619047,0.1686746987951807,0.22580645161290322,0.1875,0.1506849315068493,0.10344827586206896,0.12048192771084337,0.05263157894736842,0.13606340819022458,0.1342247914560527,0.13606340819022458
f1-score,0.023255813953488372,0.11042944785276074,0.1391304347826087,0.1590909090909091,0.21052631578947367,0.15706806282722513,0.14379084967320263,0.11842105263157895,0.16528925619834708,0.07339449541284404,0.13606340819022458,0.13003966382124382,0.13194509080989125
support,57.0,72.0,84.0,83.0,62.0,80.0,73.0,87.0,83.0,76.0,0.13606340819022458,757.0,757.0
