,1,2,3,4,5,6,7,8,9,10,accuracy,macro avg,weighted avg
precision,0.0,0.1643835616438356,0.20353982300884957,0.08181818181818182,0.21052631578947367,0.015151515151515152,0.08571428571428572,0.17006802721088435,0.10256410256410256,0.1774193548387097,0.12663755458515283,0.12111851677398382,0.12473091827747836
recall,0.0,0.13333333333333333,0.26136363636363635,0.2647058823529412,0.17647058823529413,0.014084507042253521,0.057692307692307696,0.22935779816513763,0.06722689075630252,0.09322033898305085,0.12663755458515283,0.12974552829242572,0.12663755458515283
f1-score,0.0,0.147239263803681,0.22885572139303484,0.12499999999999999,0.19199999999999998,0.014598540145985401,0.06896551724137932,0.1953125,0.08121827411167512,0.12222222222222222,0.12663755458515283,0.11754120389179779,0.11848472348242176
support,81.0,90.0,88.0,68.0,68.0,71.0,104.0,109.0,119.0,118.0,0.12663755458515283,916.0,916.0
