,1,2,3,4,5,6,7,8,9,10,accuracy,macro avg,weighted avg
precision,0.02857142857142857,0.09608540925266904,0.11904761904761904,0.043478260869565216,0.1774193548387097,0.09655172413793103,0.0380952380952381,0.0967741935483871,0.14705882352941177,0.0,0.08733624454148471,0.08430820518909596,0.08223216720944448
recall,0.037037037037037035,0.3,0.11363636363636363,0.04411764705882353,0.16176470588235295,0.19718309859154928,0.038461538461538464,0.027522935779816515,0.04201680672268908,0.0,0.08733624454148471,0.09617401331701704,0.08733624454148471
f1-score,0.03225806451612903,0.14555256064690028,0.11627906976744186,0.0437956204379562,0.1692307692307692,0.12962962962962962,0.038277511961722493,0.04285714285714286,0.06535947712418301,0.0,0.08733624454148471,0.07832398461718745,0.07212309783620621
support,81.0,90.0,88.0,68.0,68.0,71.0,104.0,109.0,119.0,118.0,0.08733624454148471,916.0,916.0
