,1,2,3,4,5,6,7,8,9,10,accuracy,macro avg,weighted avg
precision,0.08333333333333333,0.25675675675675674,0.12195121951219512,0.16666666666666666,0.21666666666666667,0.0,0.07246376811594203,0.2619047619047619,0.18269230769230768,0.18681318681318682,0.17569352708058125,0.1549248667461817,0.1561213853191801
recall,0.05263157894736842,0.2638888888888889,0.11904761904761904,0.0963855421686747,0.20967741935483872,0.0,0.0684931506849315,0.25287356321839083,0.2289156626506024,0.4473684210526316,0.17569352708058125,0.17392818460139461,0.17569352708058125
f1-score,0.06451612903225808,0.2602739726027397,0.12048192771084337,0.12213740458015267,0.21311475409836064,0.0,0.07042253521126762,0.2573099415204678,0.20320855614973263,0.2635658914728682,0.17569352708058125,0.1575031112378691,0.15893299146534592
support,57.0,72.0,84.0,83.0,62.0,80.0,73.0,87.0,83.0,76.0,0.17569352708058125,757.0,757.0
