,1,2,3,4,5,6,7,8,9,10,accuracy,macro avg,weighted avg
precision,0.08163265306122448,0.17857142857142858,0.06521739130434782,0.10434782608695652,0.13861386138613863,0.05405405405405406,0.11475409836065574,0.14814814814814814,0.17647058823529413,0.14074074074074075,0.1215323645970938,0.12025507899489889,0.12044519344216996
recall,0.07017543859649122,0.06944444444444445,0.07142857142857142,0.14457831325301204,0.22580645161290322,0.025,0.0958904109589041,0.09195402298850575,0.18072289156626506,0.25,0.1215323645970938,0.12250005448490972,0.1215323645970938
f1-score,0.07547169811320756,0.1,0.06818181818181818,0.12121212121212122,0.17177914110429446,0.03418803418803419,0.10447761194029849,0.11347517730496454,0.17857142857142858,0.18009478672985785,0.1215323645970938,0.1147451817346025,0.11450852513066326
support,57.0,72.0,84.0,83.0,62.0,80.0,73.0,87.0,83.0,76.0,0.1215323645970938,757.0,757.0
