,1,2,3,4,5,6,7,8,9,10,accuracy,macro avg,weighted avg
precision,0.07352941176470588,0.12987012987012986,0.20987654320987653,0.07228915662650602,0.12643678160919541,0.10526315789473684,0.11666666666666667,0.047619047619047616,0.17307692307692307,0.08,0.12681638044914134,0.11346278183377881,0.11431505543873806
recall,0.08771929824561403,0.1388888888888889,0.40476190476190477,0.07228915662650602,0.1774193548387097,0.1,0.0958904109589041,0.022988505747126436,0.10843373493975904,0.05263157894736842,0.12681638044914134,0.12610228339547816,0.12681638044914134
f1-score,0.07999999999999999,0.1342281879194631,0.2764227642276423,0.07228915662650602,0.1476510067114094,0.10256410256410256,0.10526315789473684,0.031007751937984492,0.1333333333333333,0.06349206349206349,0.12681638044914134,0.11462515247072416,0.11502956510375537
support,57.0,72.0,84.0,83.0,62.0,80.0,73.0,87.0,83.0,76.0,0.12681638044914134,757.0,757.0
