,1,2,3,4,5,6,7,8,9,10,accuracy,macro avg,weighted avg
precision,0.08333333333333333,0.1346938775510204,0.1,0.1592920353982301,0.16326530612244897,0.12077294685990338,0.1388888888888889,0.12,0.2222222222222222,0.0,0.12554585152838427,0.12424686103760471,0.1224346248023363
recall,0.13580246913580246,0.36666666666666664,0.11363636363636363,0.2647058823529412,0.11764705882352941,0.352112676056338,0.04807692307692308,0.027522935779816515,0.01680672268907563,0.0,0.12554585152838427,0.14429776982174566,0.12554585152838427
f1-score,0.10328638497652583,0.1970149253731343,0.10638297872340427,0.1988950276243094,0.13675213675213674,0.17985611510791366,0.07142857142857144,0.04477611940298508,0.03125,0.0,0.12554585152838427,0.10696422593889805,0.09506654190840312
support,81.0,90.0,88.0,68.0,68.0,71.0,104.0,109.0,119.0,118.0,0.12554585152838427,916.0,916.0
