,1,2,3,4,5,6,7,8,9,10,accuracy,macro avg,weighted avg
precision,0.15555555555555556,0.1794871794871795,0.10891089108910891,0.10588235294117647,0.2553191489361702,0.22023809523809523,0.09859154929577464,0.0625,0.07142857142857142,0.04,0.1356382978723404,0.1297913343971632,0.13976026341470624
recall,0.06862745098039216,0.08333333333333333,0.14864864864864866,0.12162162162162163,0.17142857142857143,0.3557692307692308,0.0958904109589041,0.04411764705882353,0.11475409836065574,0.047619047619047616,0.1356382978723404,0.12518100607792287,0.1356382978723404
f1-score,0.09523809523809525,0.1138211382113821,0.12571428571428572,0.11320754716981132,0.20512820512820512,0.2720588235294118,0.09722222222222222,0.05172413793103448,0.08805031446540881,0.043478260869565216,0.1356382978723404,0.12056430304794222,0.12954812327651916
support,102.0,84.0,74.0,74.0,70.0,104.0,73.0,68.0,61.0,42.0,0.1356382978723404,752.0,752.0
