,1,2,3,4,5,6,7,8,9,10,accuracy,macro avg,weighted avg
precision,0.044444444444444446,0.19736842105263158,0.13934426229508196,0.058823529411764705,0.1111111111111111,0.06,0.109375,0.18018018018018017,0.17073170731707318,0.1092436974789916,0.130779392338177,0.11806223532912788,0.12041390079705569
recall,0.03508771929824561,0.20833333333333334,0.20238095238095238,0.024096385542168676,0.0967741935483871,0.0375,0.0958904109589041,0.22988505747126436,0.1686746987951807,0.17105263157894737,0.130779392338177,0.12696753829073834,0.130779392338177
f1-score,0.039215686274509796,0.20270270270270271,0.16504854368932037,0.034188034188034185,0.10344827586206896,0.04615384615384615,0.10218978102189781,0.20202020202020202,0.16969696969696968,0.1333333333333333,0.130779392338177,0.11979973749428849,0.12270999659715363
support,57.0,72.0,84.0,83.0,62.0,80.0,73.0,87.0,83.0,76.0,0.130779392338177,757.0,757.0
