,1,2,3,4,5,6,7,8,9,10,accuracy,macro avg,weighted avg
precision,0.11363636363636363,0.10687022900763359,0.09090909090909091,0.10112359550561797,0.07936507936507936,0.09696969696969697,0.13157894736842105,0.07272727272727272,0.07692307692307693,0.1111111111111111,0.10043668122270742,0.09812144635233644,0.09809758183388011
recall,0.18518518518518517,0.3111111111111111,0.07954545454545454,0.1323529411764706,0.07352941176470588,0.22535211267605634,0.04807692307692308,0.03669724770642202,0.01680672268907563,0.00847457627118644,0.10043668122270742,0.11171316862025907,0.10043668122270742
f1-score,0.1408450704225352,0.1590909090909091,0.08484848484848484,0.11464968152866242,0.07633587786259541,0.13559322033898308,0.07042253521126761,0.04878048780487805,0.027586206896551724,0.015748031496062992,0.10043668122270742,0.08739005055009304,0.08033785921580326
support,81.0,90.0,88.0,68.0,68.0,71.0,104.0,109.0,119.0,118.0,0.10043668122270742,916.0,916.0
