,1,2,3,4,5,6,7,8,9,10,accuracy,macro avg,weighted avg
precision,0.025,0.1388888888888889,0.22093023255813954,0.21621621621621623,0.18421052631578946,0.0,0.13636363636363635,0.22340425531914893,0.12280701754385964,0.1511627906976744,0.1571994715984148,0.14189835639033535,0.14586817480697972
recall,0.017543859649122806,0.1388888888888889,0.2261904761904762,0.0963855421686747,0.22580645161290322,0.0,0.0821917808219178,0.2413793103448276,0.1686746987951807,0.34210526315789475,0.1571994715984148,0.15391662716298868,0.1571994715984148
f1-score,0.020618556701030927,0.1388888888888889,0.2235294117647059,0.13333333333333336,0.20289855072463767,0.0,0.10256410256410255,0.23204419889502764,0.14213197969543145,0.20967741935483872,0.1571994715984148,0.14056864419219972,0.1439967874617222
support,57.0,72.0,84.0,83.0,62.0,80.0,73.0,87.0,83.0,76.0,0.1571994715984148,757.0,757.0
