,1,2,3,4,5,6,7,8,9,10,accuracy,macro avg,weighted avg
precision,0.0196078431372549,0.08771929824561403,0.1095890410958904,0.15753424657534246,0.08695652173913043,0.14736842105263157,0.0821917808219178,0.10526315789473684,0.1282051282051282,0.2,0.11756935270805813,0.11244354387676465,0.11610826533714705
recall,0.017543859649122806,0.1388888888888889,0.09523809523809523,0.27710843373493976,0.03225806451612903,0.35,0.0821917808219178,0.04597701149425287,0.060240963855421686,0.02631578947368421,0.11756935270805813,0.11257628876724524,0.11756935270805813
f1-score,0.018518518518518517,0.1075268817204301,0.10191082802547771,0.20087336244541487,0.047058823529411764,0.20740740740740737,0.0821917808219178,0.064,0.0819672131147541,0.046511627906976744,0.11756935270805813,0.09579664434903089,0.09966564298204363
support,57.0,72.0,84.0,83.0,62.0,80.0,73.0,87.0,83.0,76.0,0.11756935270805813,757.0,757.0
