,1,2,3,4,5,6,7,8,9,10,accuracy,macro avg,weighted avg
precision,0.10526315789473684,0.17567567567567569,0.08333333333333333,0.13559322033898305,0.08823529411764706,0.11353711790393013,0.13513513513513514,0.0392156862745098,0.020833333333333332,0.08333333333333333,0.1083223249669749,0.09801552873406177,0.0961632406540819
recall,0.10526315789473684,0.18055555555555555,0.047619047619047616,0.0963855421686747,0.0967741935483871,0.325,0.2054794520547945,0.022988505747126436,0.012048192771084338,0.013157894736842105,0.1083223249669749,0.11052715420962492,0.1083223249669749
f1-score,0.10526315789473684,0.1780821917808219,0.060606060606060615,0.11267605633802817,0.09230769230769231,0.16828478964401294,0.16304347826086957,0.028985507246376812,0.015267175572519083,0.022727272727272728,0.1083223249669749,0.0947243382378391,0.09229743859055832
support,57.0,72.0,84.0,83.0,62.0,80.0,73.0,87.0,83.0,76.0,0.1083223249669749,757.0,757.0
