,1,2,3,4,5,6,7,8,9,10,accuracy,macro avg,weighted avg
precision,0.0,0.21212121212121213,0.10126582278481013,0.09803921568627451,0.18181818181818182,0.06521739130434782,0.11827956989247312,0.1076923076923077,0.09649122807017543,0.12878787878787878,0.11360634081902246,0.11097128081576615,0.11123741077248595
recall,0.0,0.09722222222222222,0.09523809523809523,0.060240963855421686,0.16129032258064516,0.0375,0.1506849315068493,0.16091954022988506,0.13253012048192772,0.2236842105263158,0.11360634081902246,0.11193104066413621,0.11360634081902246
f1-score,0.0,0.13333333333333333,0.09815950920245399,0.07462686567164178,0.17094017094017094,0.047619047619047616,0.13253012048192772,0.12903225806451615,0.1116751269035533,0.16346153846153844,0.11360634081902246,0.10613779706781831,0.10705397719211662
support,57.0,72.0,84.0,83.0,62.0,80.0,73.0,87.0,83.0,76.0,0.11360634081902246,757.0,757.0
