,1,2,3,4,5,6,7,8,9,10,accuracy,macro avg,weighted avg
precision,0.15151515151515152,0.2054794520547945,0.11764705882352941,0.18181818181818182,0.11627906976744186,0.3333333333333333,0.0410958904109589,0.058823529411764705,0.08653846153846154,0.06030150753768844,0.09973404255319149,0.1352831636211306,0.14959169980778123
recall,0.049019607843137254,0.17857142857142858,0.13513513513513514,0.05405405405405406,0.07142857142857142,0.057692307692307696,0.0410958904109589,0.08823529411764706,0.14754098360655737,0.2857142857142857,0.09973404255319149,0.11084875585740832,0.09973404255319149
f1-score,0.07407407407407407,0.1910828025477707,0.1257861635220126,0.08333333333333334,0.08849557522123892,0.09836065573770493,0.0410958904109589,0.07058823529411765,0.10909090909090909,0.09958506224066391,0.09973404255319149,0.09814927014727842,0.09859397641984742
support,102.0,84.0,74.0,74.0,70.0,104.0,73.0,68.0,61.0,42.0,0.09973404255319149,752.0,752.0
