,1,2,3,4,5,6,7,8,9,10,accuracy,macro avg,weighted avg
precision,0.09259259259259259,0.11320754716981132,0.07272727272727272,0.1111111111111111,0.10714285714285714,0.025,0.09782608695652174,0.0625,0.15,0.13821138211382114,0.10435931307793923,0.09703188498139878,0.09634842911050324
recall,0.08771929824561403,0.08333333333333333,0.09523809523809523,0.10843373493975904,0.0967741935483871,0.0125,0.1232876712328767,0.034482758620689655,0.18072289156626506,0.2236842105263158,0.10435931307793923,0.1046176187251336,0.10435931307793923
f1-score,0.09009009009009009,0.09599999999999999,0.08247422680412371,0.1097560975609756,0.10169491525423728,0.016666666666666666,0.1090909090909091,0.044444444444444446,0.1639344262295082,0.1708542713567839,0.10435931307793923,0.0985006047497739,0.09794574556645487
support,57.0,72.0,84.0,83.0,62.0,80.0,73.0,87.0,83.0,76.0,0.10435931307793923,757.0,757.0
