,1,2,3,4,5,6,7,8,9,10,accuracy,macro avg,weighted avg
precision,0.02702702702702703,0.1323529411764706,0.14285714285714285,0.26153846153846155,0.2549019607843137,0.030303030303030304,0.12658227848101267,0.11242603550295859,0.1388888888888889,0.16216216216216217,0.13738441215323646,0.13890399287214686,0.13986721548980455
recall,0.03508771929824561,0.125,0.05952380952380952,0.20481927710843373,0.20967741935483872,0.0125,0.136986301369863,0.21839080459770116,0.12048192771084337,0.23684210526315788,0.13738441215323646,0.1359309364226893,0.13738441215323646
f1-score,0.030534351145038167,0.1285714285714286,0.08403361344537814,0.22972972972972971,0.2300884955752212,0.01769911504424779,0.13157894736842105,0.1484375,0.12903225806451613,0.19251336898395724,0.13738441215323646,0.1322218807927938,0.13297942802988538
support,57.0,72.0,84.0,83.0,62.0,80.0,73.0,87.0,83.0,76.0,0.13738441215323646,757.0,757.0
