,1,2,3,4,5,6,7,8,9,10,accuracy,macro avg,weighted avg
precision,0.12903225806451613,0.13253012048192772,0.06930693069306931,0.1826086956521739,0.13636363636363635,0.13414634146341464,0.09523809523809523,0.1,0.045454545454545456,0.08333333333333333,0.12285336856010567,0.1108013956744712,0.1094055556562545
recall,0.14035087719298245,0.1527777777777778,0.08333333333333333,0.25301204819277107,0.04838709677419355,0.4125,0.0547945205479452,0.034482758620689655,0.024096385542168676,0.013157894736842105,0.12285336856010567,0.12168926927187038,0.12285336856010567
f1-score,0.13445378151260504,0.14193548387096777,0.0756756756756757,0.2121212121212121,0.07142857142857142,0.20245398773006135,0.06956521739130435,0.05128205128205129,0.031496062992125984,0.022727272727272728,0.12285336856010567,0.10131393167318477,0.10086152375355976
support,57.0,72.0,84.0,83.0,62.0,80.0,73.0,87.0,83.0,76.0,0.12285336856010567,757.0,757.0
