,1,2,3,4,5,6,7,8,9,10,accuracy,macro avg,weighted avg
precision,0.07894736842105263,0.14893617021276595,0.15517241379310345,0.14473684210526316,0.13333333333333333,0.20652173913043478,0.17525773195876287,0.20689655172413793,0.05660377358490566,0.05405405405405406,0.12898936170212766,0.1360459978317814,0.1411622731720452
recall,0.08823529411764706,0.08333333333333333,0.12162162162162163,0.14864864864864866,0.14285714285714285,0.18269230769230768,0.2328767123287671,0.08823529411764706,0.04918032786885246,0.14285714285714285,0.12898936170212766,0.12805378254431105,0.12898936170212766
f1-score,0.08333333333333334,0.10687022900763359,0.13636363636363638,0.14666666666666667,0.1379310344827586,0.19387755102040816,0.19999999999999998,0.12371134020618557,0.05263157894736842,0.0784313725490196,0.12898936170212766,0.12598167425770102,0.12999573733732464
support,102.0,84.0,74.0,74.0,70.0,104.0,73.0,68.0,61.0,42.0,0.12898936170212766,752.0,752.0
