,1,2,3,4,5,6,7,8,9,10,accuracy,macro avg,weighted avg
precision,0.018518518518518517,0.12121212121212122,0.09523809523809523,0.11678832116788321,0.046511627906976744,0.15060240963855423,0.07216494845360824,0.136986301369863,0.17857142857142858,0.2222222222222222,0.10700132100396301,0.11588159942992711,0.1206133943958896
recall,0.03508771929824561,0.1111111111111111,0.023809523809523808,0.1927710843373494,0.03225806451612903,0.3125,0.0958904109589041,0.11494252873563218,0.060240963855421686,0.05263157894736842,0.10700132100396301,0.10312429855696854,0.10700132100396301
f1-score,0.024242424242424242,0.11594202898550725,0.03809523809523809,0.14545454545454545,0.03809523809523809,0.20325203252032523,0.08235294117647057,0.125,0.09009009009009009,0.0851063829787234,0.10700132100396301,0.09476309216385624,0.09835768321634815
support,57.0,72.0,84.0,83.0,62.0,80.0,73.0,87.0,83.0,76.0,0.10700132100396301,757.0,757.0
