,1,2,3,4,5,6,7,8,9,10,accuracy,macro avg,weighted avg
precision,0.03669724770642202,0.1308411214953271,0.13186813186813187,0.0783132530120482,0.1,0.02631578947368421,0.0967741935483871,0.08641975308641975,0.043478260869565216,0.14925373134328357,0.08406113537117904,0.0879961482403269,0.09019259652629238
recall,0.04938271604938271,0.15555555555555556,0.13636363636363635,0.19117647058823528,0.07352941176470588,0.04225352112676056,0.057692307692307696,0.06422018348623854,0.025210084033613446,0.0847457627118644,0.08406113537117904,0.08801296493723004,0.08406113537117904
f1-score,0.042105263157894736,0.14213197969543145,0.1340782122905028,0.11111111111111112,0.08474576271186442,0.032432432432432434,0.07228915662650602,0.07368421052631578,0.03191489361702128,0.1081081081081081,0.08406113537117904,0.08326011302771882,0.08267089260514729
support,81.0,90.0,88.0,68.0,68.0,71.0,104.0,109.0,119.0,118.0,0.08406113537117904,916.0,916.0
