,1,2,3,4,5,6,7,8,9,10,accuracy,macro avg,weighted avg
precision,0.12121212121212122,0.17777777777777778,0.07352941176470588,0.07650273224043716,0.102803738317757,0.0673076923076923,0.09615384615384616,0.1411764705882353,0.1411764705882353,0.22641509433962265,0.10807860262008734,0.12240553552904307,0.12900182601689128
recall,0.09876543209876543,0.08888888888888889,0.11363636363636363,0.20588235294117646,0.16176470588235295,0.09859154929577464,0.04807692307692308,0.11009174311926606,0.10084033613445378,0.1016949152542373,0.10807860262008734,0.11282332103282022,0.10807860262008734
f1-score,0.10884353741496598,0.11851851851851852,0.08928571428571429,0.11155378486055775,0.12571428571428572,0.08,0.0641025641025641,0.12371134020618557,0.11764705882352941,0.14035087719298248,0.10807860262008734,0.10797276811193039,0.10902507763255889
support,81.0,90.0,88.0,68.0,68.0,71.0,104.0,109.0,119.0,118.0,0.10807860262008734,916.0,916.0
