,1,2,3,4,5,6,7,8,9,10,accuracy,macro avg,weighted avg
precision,0.08333333333333333,0.06451612903225806,0.15859030837004406,0.10071942446043165,0.07142857142857142,0.14444444444444443,0.16981132075471697,0.1111111111111111,0.08333333333333333,0.3333333333333333,0.1202113606340819,0.1320621309601578,0.13391476814994727
recall,0.08771929824561403,0.1111111111111111,0.42857142857142855,0.1686746987951807,0.03225806451612903,0.1625,0.1232876712328767,0.011494252873563218,0.024096385542168676,0.013157894736842105,0.1202113606340819,0.1162870805624914,0.1202113606340819
f1-score,0.08547008547008547,0.08163265306122448,0.23151125401929265,0.12612612612612611,0.044444444444444446,0.15294117647058822,0.14285714285714285,0.020833333333333332,0.037383177570093455,0.02531645569620253,0.1202113606340819,0.09485158490485336,0.09633227895811793
support,57.0,72.0,84.0,83.0,62.0,80.0,73.0,87.0,83.0,76.0,0.1202113606340819,757.0,757.0
