,1,2,3,4,5,6,7,8,9,10,accuracy,macro avg,weighted avg
precision,0.10126582278481013,0.11409395973154363,0.10377358490566038,0.08333333333333333,0.12264150943396226,0.1259259259259259,0.08421052631578947,0.14634146341463414,0.16071428571428573,0.3888888888888889,0.1168122270742358,0.14311893004488338,0.15313656842789258
recall,0.09876543209876543,0.18888888888888888,0.125,0.04411764705882353,0.19117647058823528,0.23943661971830985,0.15384615384615385,0.05504587155963303,0.07563025210084033,0.059322033898305086,0.1168122270742358,0.12312293697579553,0.1168122270742358
f1-score,0.1,0.1422594142259414,0.1134020618556701,0.057692307692307696,0.14942528735632185,0.16504854368932037,0.108843537414966,0.08,0.10285714285714287,0.10294117647058824,0.1168122270742358,0.11224694715622588,0.11038423417420105
support,81.0,90.0,88.0,68.0,68.0,71.0,104.0,109.0,119.0,118.0,0.1168122270742358,916.0,916.0
