,1,2,3,4,5,6,7,8,9,10,accuracy,macro avg,weighted avg
precision,0.26666666666666666,0.12698412698412698,0.175,0.12121212121212122,0.109375,0.09090909090909091,0.08163265306122448,0.10752688172043011,0.08108108108108109,0.04433497536945813,0.09308510638297872,0.12047225970041997,0.1289576936606794
recall,0.0392156862745098,0.09523809523809523,0.0945945945945946,0.10810810810810811,0.1,0.009615384615384616,0.0547945205479452,0.14705882352941177,0.19672131147540983,0.21428571428571427,0.09308510638297872,0.10596322386691734,0.09308510638297872
f1-score,0.06837606837606837,0.10884353741496598,0.12280701754385967,0.11428571428571428,0.10447761194029852,0.01739130434782609,0.06557377049180328,0.12422360248447205,0.11483253588516745,0.07346938775510205,0.09308510638297872,0.09142805505252778,0.08791063291243968
support,102.0,84.0,74.0,74.0,70.0,104.0,73.0,68.0,61.0,42.0,0.09308510638297872,752.0,752.0
