,1,2,3,4,5,6,7,8,9,10,accuracy,macro avg,weighted avg
precision,0.09047619047619047,0.15625,0.2,0.1518987341772152,0.15789473684210525,0.1702127659574468,0.1391304347826087,0.15384615384615385,0.125,0.0,0.1408296943231441,0.13447090160817204,0.12910036007367467
recall,0.2345679012345679,0.16666666666666666,0.06818181818181818,0.17647058823529413,0.1323529411764706,0.5633802816901409,0.15384615384615385,0.07339449541284404,0.03361344537815126,0.0,0.1408296943231441,0.16024742918221074,0.1408296943231441
f1-score,0.13058419243986252,0.16129032258064516,0.10169491525423728,0.163265306122449,0.144,0.26143790849673204,0.14611872146118723,0.09937888198757763,0.052980132450331126,0.0,0.1408296943231441,0.1260750380793022,0.11553713363761263
support,81.0,90.0,88.0,68.0,68.0,71.0,104.0,109.0,119.0,118.0,0.1408296943231441,916.0,916.0
