,1,2,3,4,5,6,7,8,9,10,accuracy,macro avg,weighted avg
precision,0.1,0.16417910447761194,0.15714285714285714,0.1891891891891892,0.16981132075471697,0.21428571428571427,0.08888888888888889,0.09090909090909091,0.08695652173913043,0.06666666666666667,0.10904255319148937,0.13280293540538662,0.13905209819152833
recall,0.029411764705882353,0.13095238095238096,0.14864864864864866,0.0945945945945946,0.12857142857142856,0.028846153846153848,0.1095890410958904,0.08823529411764706,0.16393442622950818,0.3333333333333333,0.10904255319148937,0.1256117066095468,0.10904255319148937
f1-score,0.04545454545454545,0.1456953642384106,0.15277777777777776,0.12612612612612614,0.14634146341463414,0.05084745762711864,0.09815950920245398,0.08955223880597016,0.11363636363636362,0.1111111111111111,0.10904255319148937,0.10797019573945117,0.10358960427206611
support,102.0,84.0,74.0,74.0,70.0,104.0,73.0,68.0,61.0,42.0,0.10904255319148937,752.0,752.0
