,1,2,3,4,5,6,7,8,9,10,accuracy,macro avg,weighted avg
precision,0.0,0.05555555555555555,0.13541666666666666,0.09090909090909091,0.1111111111111111,0.06818181818181818,0.1590909090909091,0.12574850299401197,0.1715686274509804,0.1875,0.12445414847161572,0.11050822819601439,0.11821905844259609
recall,0.0,0.03333333333333333,0.14772727272727273,0.22058823529411764,0.029411764705882353,0.08450704225352113,0.0673076923076923,0.1926605504587156,0.29411764705882354,0.1016949152542373,0.12445414847161572,0.11713484533935958,0.12445414847161572
f1-score,0.0,0.04166666666666667,0.14130434782608695,0.12875536480686695,0.04651162790697674,0.07547169811320754,0.09459459459459459,0.15217391304347827,0.21671826625386997,0.13186813186813187,0.12445414847161572,0.10290646110798796,0.11051979943613736
support,81.0,90.0,88.0,68.0,68.0,71.0,104.0,109.0,119.0,118.0,0.12445414847161572,916.0,916.0
