,1,2,3,4,5,6,7,8,9,10,accuracy,macro avg,weighted avg
precision,0.034482758620689655,0.05,0.09195402298850575,0.09523809523809523,0.09375,0.08045977011494253,0.06976744186046512,0.11627906976744186,0.136,0.08641975308641975,0.0927947598253275,0.08543509116765599,0.08762080245409697
recall,0.024691358024691357,0.03333333333333333,0.09090909090909091,0.11764705882352941,0.04411764705882353,0.19718309859154928,0.028846153846153848,0.1834862385321101,0.14285714285714285,0.059322033898305086,0.0927947598253275,0.09223931558747298,0.0927947598253275
f1-score,0.028776978417266185,0.04,0.09142857142857144,0.10526315789473684,0.06,0.11428571428571428,0.04081632653061225,0.1423487544483986,0.13934426229508198,0.07035175879396983,0.0927947598253275,0.08326155240943514,0.08512359927238317
support,81.0,90.0,88.0,68.0,68.0,71.0,104.0,109.0,119.0,118.0,0.0927947598253275,916.0,916.0
