,1,2,3,4,5,6,7,8,9,10,accuracy,macro avg,weighted avg
precision,0.17857142857142858,0.13636363636363635,0.14705882352941177,0.1368421052631579,0.1782178217821782,0.14285714285714285,0.05454545454545454,0.07476635514018691,0.06818181818181818,0.05405405405405406,0.11436170212765957,0.11714586402884693,0.12434199706394776
recall,0.049019607843137254,0.14285714285714285,0.20270270270270271,0.17567567567567569,0.2571428571428571,0.019230769230769232,0.0410958904109589,0.11764705882352941,0.09836065573770492,0.09523809523809523,0.11436170212765957,0.11989704556625735,0.11436170212765957
f1-score,0.07692307692307693,0.1395348837209302,0.17045454545454547,0.15384615384615385,0.21052631578947367,0.03389830508474577,0.04687500000000001,0.09142857142857143,0.08053691275167785,0.06896551724137931,0.11436170212765957,0.10729892822405544,0.10542011026618829
support,102.0,84.0,74.0,74.0,70.0,104.0,73.0,68.0,61.0,42.0,0.11436170212765957,752.0,752.0
