,1,2,3,4,5,6,7,8,9,10,accuracy,macro avg,weighted avg
precision,0.15,0.11468812877263582,0.09523809523809523,0.10526315789473684,0.3333333333333333,0.125,0.1935483870967742,0.17142857142857143,0.0,0.0,0.12663755458515283,0.1288499673764147,0.11830479467006243
recall,0.18518518518518517,0.6333333333333333,0.022727272727272728,0.029411764705882353,0.029411764705882353,0.28169014084507044,0.11538461538461539,0.05504587155963303,0.0,0.0,0.12663755458515283,0.13521899484468747,0.12663755458515283
f1-score,0.16574585635359118,0.19420783645655879,0.03669724770642202,0.04597701149425287,0.05405405405405406,0.17316017316017315,0.14457831325301204,0.08333333333333334,0.0,0.0,0.12663755458515283,0.08977538258113975,0.08444262020436688
support,81.0,90.0,88.0,68.0,68.0,71.0,104.0,109.0,119.0,118.0,0.12663755458515283,916.0,916.0
