,1,2,3,4,5,6,7,8,9,10,accuracy,macro avg,weighted avg
precision,0.013157894736842105,0.09090909090909091,0.2033898305084746,0.2676056338028169,0.16417910447761194,0.11594202898550725,0.13043478260869565,0.14285714285714285,0.10309278350515463,0.25925925925925924,0.14398943196829592,0.1490827551650596,0.1535754953816255
recall,0.017543859649122806,0.1111111111111111,0.14285714285714285,0.2289156626506024,0.3548387096774194,0.1,0.0821917808219178,0.10344827586206896,0.12048192771084337,0.18421052631578946,0.14398943196829592,0.1445598996656018,0.14398943196829592
f1-score,0.015037593984962405,0.09999999999999999,0.16783216783216784,0.24675324675324675,0.22448979591836735,0.10738255033557048,0.10084033613445378,0.12000000000000001,0.1111111111111111,0.2153846153846154,0.14398943196829592,0.14088314174544952,0.14337824747505545
support,57.0,72.0,84.0,83.0,62.0,80.0,73.0,87.0,83.0,76.0,0.14398943196829592,757.0,757.0
