,1,2,3,4,5,6,7,8,9,10,accuracy,macro avg,weighted avg
precision,0.06557377049180328,0.09090909090909091,0.11940298507462686,0.11428571428571428,0.025,0.1111111111111111,0.1171875,0.0875,0.08571428571428572,0.16,0.09907529722589167,0.09766844575866322,0.09997237331392983
recall,0.07017543859649122,0.125,0.09523809523809523,0.0963855421686747,0.016129032258064516,0.1625,0.2054794520547945,0.08045977011494253,0.07228915662650602,0.05263157894736842,0.09907529722589167,0.09762880660049371,0.09907529722589167
f1-score,0.06779661016949151,0.10526315789473685,0.10596026490066225,0.10457516339869281,0.0196078431372549,0.13197969543147206,0.14925373134328357,0.08383233532934131,0.0784313725490196,0.07920792079207921,0.09907529722589167,0.0925908094946034,0.09447339277983596
support,57.0,72.0,84.0,83.0,62.0,80.0,73.0,87.0,83.0,76.0,0.09907529722589167,757.0,757.0
