,1,2,3,4,5,6,7,8,9,10,accuracy,macro avg,weighted avg
precision,0.11864406779661017,0.14035087719298245,0.20833333333333334,0.13333333333333333,0.13793103448275862,0.2,0.1368421052631579,0.16071428571428573,0.07936507936507936,0.037383177570093455,0.12234042553191489,0.13528972940516343,0.14223282281726984
recall,0.06862745098039216,0.09523809523809523,0.13513513513513514,0.10810810810810811,0.11428571428571428,0.057692307692307696,0.1780821917808219,0.2647058823529412,0.16393442622950818,0.09523809523809523,0.12234042553191489,0.1281047407041119,0.12234042553191489
f1-score,0.08695652173913045,0.11347517730496454,0.1639344262295082,0.11940298507462686,0.125,0.08955223880597014,0.15476190476190477,0.19999999999999998,0.10695187165775401,0.05369127516778523,0.12234042553191489,0.1213726400741644,0.12115505074351628
support,102.0,84.0,74.0,74.0,70.0,104.0,73.0,68.0,61.0,42.0,0.12234042553191489,752.0,752.0
