,1,2,3,4,5,6,7,8,9,10,accuracy,macro avg,weighted avg
precision,0.21518987341772153,0.18181818181818182,0.057971014492753624,0.08536585365853659,0.1111111111111111,0.25806451612903225,0.13333333333333333,0.07547169811320754,0.07865168539325842,0.06666666666666667,0.12367021276595745,0.1263643934133803,0.13950621233211127
recall,0.16666666666666666,0.19047619047619047,0.05405405405405406,0.0945945945945946,0.04285714285714286,0.15384615384615385,0.136986301369863,0.11764705882352941,0.11475409836065574,0.11904761904761904,0.12367021276595745,0.11909298800964696,0.12367021276595745
f1-score,0.1878453038674033,0.18604651162790697,0.055944055944055944,0.08974358974358976,0.06185567010309277,0.1927710843373494,0.13513513513513514,0.09195402298850575,0.09333333333333334,0.08547008547008546,0.12367021276595745,0.11800987925504576,0.1267924451882528
support,102.0,84.0,74.0,74.0,70.0,104.0,73.0,68.0,61.0,42.0,0.12367021276595745,752.0,752.0
