,1,2,3,4,5,6,7,8,9,10,accuracy,macro avg,weighted avg
precision,0.1111111111111111,0.078125,0.13924050632911392,0.15492957746478872,0.22916666666666666,0.19298245614035087,0.0847457627118644,0.13333333333333333,0.07339449541284404,0.0379746835443038,0.12234042553191489,0.12350035927143768,0.1291241621183807
recall,0.058823529411764705,0.05952380952380952,0.14864864864864866,0.14864864864864866,0.15714285714285714,0.21153846153846154,0.0684931506849315,0.14705882352941177,0.13114754098360656,0.07142857142857142,0.12234042553191489,0.12024540415407114,0.12234042553191489
f1-score,0.07692307692307691,0.06756756756756756,0.1437908496732026,0.15172413793103448,0.1864406779661017,0.2018348623853211,0.07575757575757576,0.13986013986013987,0.09411764705882354,0.049586776859504134,0.12234042553191489,0.11876033119823479,0.12273434227356851
support,102.0,84.0,74.0,74.0,70.0,104.0,73.0,68.0,61.0,42.0,0.12234042553191489,752.0,752.0
