,1,2,3,4,5,6,7,8,9,10,accuracy,macro avg,weighted avg
precision,0.1276595744680851,0.10344827586206896,0.09090909090909091,0.09523809523809523,0.12903225806451613,0.125,0.06896551724137931,0.0975609756097561,0.07086614173228346,0.05660377358490566,0.08643617021276596,0.09652837027101809,0.1009134359626141
recall,0.058823529411764705,0.03571428571428571,0.05405405405405406,0.08108108108108109,0.05714285714285714,0.10576923076923077,0.0273972602739726,0.11764705882352941,0.14754098360655737,0.2857142857142857,0.08643617021276596,0.09708846265916185,0.08643617021276596
f1-score,0.08053691275167785,0.05309734513274336,0.06779661016949154,0.08759124087591241,0.07920792079207921,0.11458333333333333,0.0392156862745098,0.10666666666666667,0.09574468085106383,0.09448818897637797,0.08643617021276596,0.0818928585823856,0.0818615320366875
support,102.0,84.0,74.0,74.0,70.0,104.0,73.0,68.0,61.0,42.0,0.08643617021276596,752.0,752.0
