,1,2,3,4,5,6,7,8,9,10,accuracy,macro avg,weighted avg
precision,0.06896551724137931,0.12408759124087591,0.1,0.1276595744680851,0.22727272727272727,0.058823529411764705,0.2,0.14457831325301204,0.043478260869565216,0.16299559471365638,0.12813738441215325,0.12578611084710659,0.12395317210069598
recall,0.07017543859649122,0.2361111111111111,0.023809523809523808,0.07228915662650602,0.16129032258064516,0.0625,0.0273972602739726,0.13793103448275862,0.024096385542168676,0.4868421052631579,0.12813738441215325,0.1302442338286335,0.12813738441215325
f1-score,0.06956521739130435,0.16267942583732056,0.038461538461538464,0.09230769230769231,0.18867924528301885,0.06060606060606061,0.048192771084337345,0.14117647058823532,0.031007751937984503,0.2442244224422442,0.12813738441215325,0.10769005959397367,0.1057492292559148
support,57.0,72.0,84.0,83.0,62.0,80.0,73.0,87.0,83.0,76.0,0.12813738441215325,757.0,757.0
