,1,2,3,4,5,6,7,8,9,10,accuracy,macro avg,weighted avg
precision,0.21875,0.09722222222222222,0.09836065573770492,0.06779661016949153,0.09722222222222222,0.16216216216216217,0.09803921568627451,0.09401709401709402,0.045454545454545456,0.035398230088495575,0.08909574468085106,0.10144229577602126,0.11204082824325018
recall,0.06862745098039216,0.08333333333333333,0.08108108108108109,0.05405405405405406,0.2,0.057692307692307696,0.0684931506849315,0.16176470588235295,0.04918032786885246,0.09523809523809523,0.08909574468085106,0.09194645068154005,0.08909574468085106
f1-score,0.10447761194029853,0.08974358974358974,0.08888888888888888,0.06015037593984962,0.13084112149532712,0.0851063829787234,0.08064516129032258,0.11891891891891894,0.047244094488188976,0.05161290322580645,0.08909574468085106,0.08576290489099143,0.08810803304268912
support,102.0,84.0,74.0,74.0,70.0,104.0,73.0,68.0,61.0,42.0,0.08909574468085106,752.0,752.0
