,1,2,3,4,5,6,7,8,9,10,accuracy,macro avg,weighted avg
precision,0.0,0.125,0.12389380530973451,0.08812260536398467,0.14545454545454545,0.0603448275862069,0.12,0.11023622047244094,0.1,0.1724137931034483,0.10152838427947598,0.10454657972903607,0.1081451522917471
recall,0.0,0.011111111111111112,0.1590909090909091,0.3382352941176471,0.11764705882352941,0.09859154929577464,0.08653846153846154,0.12844036697247707,0.058823529411764705,0.0847457627118644,0.10152838427947598,0.10832240430735389,0.10152838427947598
f1-score,0.0,0.020408163265306124,0.13930348258706468,0.1398176291793313,0.13008130081300814,0.0748663101604278,0.1005586592178771,0.11864406779661017,0.07407407407407408,0.11363636363636363,0.10152838427947598,0.0911390050730063,0.09102432979782112
support,81.0,90.0,88.0,68.0,68.0,71.0,104.0,109.0,119.0,118.0,0.10152838427947598,916.0,916.0
