,1,2,3,4,5,6,7,8,9,10,accuracy,macro avg,weighted avg
precision,0.1346153846153846,0.11857707509881422,0.12280701754385964,0.12121212121212122,0.175,0.12269938650306748,0.1111111111111111,0.17142857142857143,0.16666666666666666,0.0,0.12554585152838427,0.12441173341795964,0.12151908768050687
recall,0.08641975308641975,0.3333333333333333,0.1590909090909091,0.23529411764705882,0.10294117647058823,0.28169014084507044,0.11538461538461539,0.05504587155963303,0.025210084033613446,0.0,0.12554585152838427,0.13944100014512414,0.12554585152838427
f1-score,0.10526315789473684,0.1749271137026239,0.1386138613861386,0.16,0.12962962962962962,0.17094017094017094,0.11320754716981132,0.08333333333333334,0.043795620437956206,0.0,0.12554585152838427,0.11197104344944006,0.10302176839232258
support,81.0,90.0,88.0,68.0,68.0,71.0,104.0,109.0,119.0,118.0,0.12554585152838427,916.0,916.0
