,1,2,3,4,5,6,7,8,9,10,accuracy,macro avg,weighted avg
precision,0.17142857142857143,0.1,0.08571428571428572,0.17567567567567569,0.125,0.21428571428571427,0.05128205128205128,0.06349206349206349,0.058823529411764705,0.012987012987012988,0.125,0.10586889042771394,0.11763168299854783
recall,0.17647058823529413,0.047619047619047616,0.04054054054054054,0.17567567567567569,0.22857142857142856,0.28846153846153844,0.0273972602739726,0.058823529411764705,0.04918032786885246,0.023809523809523808,0.125,0.11165494604676385,0.125
f1-score,0.1739130434782609,0.06451612903225806,0.05504587155963303,0.17567567567567569,0.16161616161616163,0.24590163934426226,0.03571428571428571,0.061068702290076333,0.05357142857142857,0.01680672268907563,0.125,0.10438296599711176,0.11682491447141766
support,102.0,84.0,74.0,74.0,70.0,104.0,73.0,68.0,61.0,42.0,0.125,752.0,752.0
