,1,2,3,4,5,6,7,8,9,10,accuracy,macro avg,weighted avg
precision,0.1317365269461078,0.10526315789473684,0.09876543209876543,0.12,0.1016949152542373,0.07317073170731707,0.24615384615384617,0.05555555555555555,0.1724137931034483,0.07142857142857142,0.11790393013100436,0.11761825301425859,0.11976795356964781
recall,0.2716049382716049,0.17777777777777778,0.18181818181818182,0.2647058823529412,0.08823529411764706,0.08450704225352113,0.15384615384615385,0.01834862385321101,0.04201680672268908,0.00847457627118644,0.11790393013100436,0.12913352772849146,0.11790393013100436
f1-score,0.17741935483870966,0.13223140495867766,0.12799999999999997,0.16513761467889906,0.09448818897637795,0.07843137254901959,0.18934911242603553,0.027586206896551727,0.06756756756756757,0.015151515151515148,0.11790393013100436,0.10753623380433538,0.10184126622293324
support,81.0,90.0,88.0,68.0,68.0,71.0,104.0,109.0,119.0,118.0,0.11790393013100436,916.0,916.0
