,1,2,3,4,5,6,7,8,9,10,accuracy,macro avg,weighted avg
precision,0.05970149253731343,0.09944751381215469,0.06060606060606061,0.057971014492753624,0.05970149253731343,0.11643835616438356,0.058823529411764705,0.17,0.11538461538461539,0.14285714285714285,0.09388646288209607,0.09409312178035023,0.09893432683886579
recall,0.09876543209876543,0.2,0.045454545454545456,0.058823529411764705,0.058823529411764705,0.23943661971830985,0.038461538461538464,0.1559633027522936,0.07563025210084033,0.00847457627118644,0.09388646288209607,0.09798333256810089,0.09388646288209607
f1-score,0.07441860465116278,0.13284132841328414,0.05194805194805195,0.05839416058394161,0.05925925925925926,0.15668202764976957,0.04651162790697675,0.1626794258373206,0.09137055837563453,0.015999999999999997,0.09388646288209607,0.08501050446254013,0.0840723523833337
support,81.0,90.0,88.0,68.0,68.0,71.0,104.0,109.0,119.0,118.0,0.09388646288209607,916.0,916.0
