,1,2,3,4,5,6,7,8,9,10,accuracy,macro avg,weighted avg
precision,0.17647058823529413,0.0,0.1322314049586777,0.16091954022988506,0.1076923076923077,0.06741573033707865,0.1111111111111111,0.14566929133858267,0.12121212121212122,0.17543859649122806,0.1299126637554585,0.11981606916062866,0.12177086126390016
recall,0.037037037037037035,0.0,0.18181818181818182,0.20588235294117646,0.10294117647058823,0.08450704225352113,0.038461538461538464,0.3394495412844037,0.10084033613445378,0.1694915254237288,0.1299126637554585,0.12604287318246293,0.1299126637554585
f1-score,0.061224489795918366,0.0,0.15311004784688995,0.1806451612903226,0.10526315789473685,0.075,0.05714285714285715,0.20385674931129474,0.11009174311926605,0.17241379310344826,0.1299126637554585,0.1118747999504734,0.11441989238402571
support,81.0,90.0,88.0,68.0,68.0,71.0,104.0,109.0,119.0,118.0,0.1299126637554585,916.0,916.0
