,1,2,3,4,5,6,7,8,9,10,accuracy,macro avg,weighted avg
precision,0.15,0.15254237288135594,0.08181818181818182,0.046511627906976744,0.10101010101010101,0.2222222222222222,0.125,0.07936507936507936,0.13186813186813187,0.014925373134328358,0.10372340425531915,0.11052630902063773,0.12098993422332055
recall,0.08823529411764706,0.10714285714285714,0.12162162162162163,0.05405405405405406,0.14285714285714285,0.09615384615384616,0.1232876712328767,0.07352941176470588,0.19672131147540983,0.023809523809523808,0.10372340425531915,0.1027412734229685,0.10372340425531915
f1-score,0.11111111111111112,0.1258741258741259,0.09782608695652174,0.05,0.11834319526627218,0.1342281879194631,0.12413793103448276,0.07633587786259541,0.15789473684210528,0.01834862385321101,0.10372340425531915,0.10140998767198886,0.10604358425955152
support,102.0,84.0,74.0,74.0,70.0,104.0,73.0,68.0,61.0,42.0,0.10372340425531915,752.0,752.0
