,1,2,3,4,5,6,7,8,9,10,accuracy,macro avg,weighted avg
precision,0.046511627906976744,0.08,0.13333333333333333,0.06666666666666667,0.0,0.057971014492753624,0.11578947368421053,0.17857142857142858,0.10204081632653061,0.0,0.08733624454148471,0.07808843609819001,0.08187696362054371
recall,0.04938271604938271,0.2222222222222222,0.11363636363636363,0.14705882352941177,0.0,0.056338028169014086,0.21153846153846154,0.045871559633027525,0.04201680672268908,0.0,0.08733624454148471,0.08880649815005724,0.08733624454148471
f1-score,0.04790419161676646,0.11764705882352941,0.12269938650306748,0.09174311926605504,0.0,0.05714285714285715,0.14965986394557823,0.072992700729927,0.05952380952380952,0.0,0.08733624454148471,0.07193129875515902,0.07223347091464605
support,81.0,90.0,88.0,68.0,68.0,71.0,104.0,109.0,119.0,118.0,0.08733624454148471,916.0,916.0
