,1,2,3,4,5,6,7,8,9,10,accuracy,macro avg,weighted avg
precision,0.036585365853658534,0.14705882352941177,0.12987012987012986,0.08396946564885496,0.11538461538461539,0.04716981132075472,0.17857142857142858,0.1523809523809524,0.13924050632911392,0.19753086419753085,0.11899563318777293,0.12277619630864511,0.13055854683825327
recall,0.037037037037037035,0.1111111111111111,0.11363636363636363,0.16176470588235295,0.08823529411764706,0.07042253521126761,0.09615384615384616,0.14678899082568808,0.18487394957983194,0.13559322033898305,0.11899563318777293,0.11456170538941288,0.11899563318777293
f1-score,0.03680981595092024,0.12658227848101267,0.1212121212121212,0.11055276381909548,0.10000000000000002,0.056497175141242945,0.125,0.14953271028037382,0.1588447653429603,0.16080402010050251,0.11899563318777293,0.11458356503282292,0.12068342911019804
support,81.0,90.0,88.0,68.0,68.0,71.0,104.0,109.0,119.0,118.0,0.11899563318777293,916.0,916.0
