,1,2,3,4,5,6,7,8,9,10,accuracy,macro avg,weighted avg
precision,0.19318181818181818,0.22727272727272727,0.19101123595505617,0.10638297872340426,0.0847457627118644,0.2571428571428571,0.10666666666666667,0.03125,0.12280701754385964,0.07462686567164178,0.125,0.13950879298698954,0.15161557188749913
recall,0.16666666666666666,0.05952380952380952,0.22972972972972974,0.13513513513513514,0.07142857142857142,0.08653846153846154,0.1095890410958904,0.014705882352941176,0.11475409836065574,0.35714285714285715,0.125,0.13452142529747185,0.125
f1-score,0.17894736842105263,0.09433962264150943,0.2085889570552147,0.11904761904761907,0.07751937984496123,0.1294964028776978,0.1081081081081081,0.019999999999999997,0.11864406779661016,0.12345679012345678,0.125,0.11781483159162298,0.12099815719885906
support,102.0,84.0,74.0,74.0,70.0,104.0,73.0,68.0,61.0,42.0,0.125,752.0,752.0
