,1,2,3,4,5,6,7,8,9,10,accuracy,macro avg,weighted avg
precision,0.2391304347826087,0.14583333333333334,0.16129032258064516,0.037037037037037035,0.12698412698412698,0.08695652173913043,0.046511627906976744,0.07692307692307693,0.10596026490066225,0.05454545454545454,0.10505319148936171,0.1081172200733052,0.11520013221691629
recall,0.10784313725490197,0.16666666666666666,0.13513513513513514,0.02702702702702703,0.11428571428571428,0.019230769230769232,0.0273972602739726,0.11764705882352941,0.26229508196721313,0.14285714285714285,0.10505319148936171,0.11203849935220722,0.10505319148936171
f1-score,0.14864864864864866,0.15555555555555556,0.14705882352941174,0.03125,0.12030075187969926,0.031496062992125984,0.034482758620689655,0.0930232558139535,0.1509433962264151,0.07894736842105263,0.10505319148936171,0.09917066216875521,0.09905117602515964
support,102.0,84.0,74.0,74.0,70.0,104.0,73.0,68.0,61.0,42.0,0.10505319148936171,752.0,752.0
