,1,2,3,4,5,6,7,8,9,10,accuracy,macro avg,weighted avg
precision,0.07017543859649122,0.13114754098360656,0.09195402298850575,0.0,0.18604651162790697,0.06557377049180328,0.06481481481481481,0.15079365079365079,0.17391304347826086,0.1038961038961039,0.11360634081902246,0.1038314897671144,0.10320866822649576
recall,0.07017543859649122,0.1111111111111111,0.09523809523809523,0.0,0.25806451612903225,0.05,0.0958904109589041,0.21839080459770116,0.14457831325301204,0.10526315789473684,0.11360634081902246,0.11487118477790839,0.11360634081902246
f1-score,0.07017543859649122,0.12030075187969924,0.09356725146198829,0.0,0.2162162162162162,0.056737588652482275,0.07734806629834254,0.17840375586854462,0.15789473684210525,0.10457516339869281,0.11360634081902246,0.10752189692145626,0.10658682553802791
support,57.0,72.0,84.0,83.0,62.0,80.0,73.0,87.0,83.0,76.0,0.11360634081902246,757.0,757.0
