,1,2,3,4,5,6,7,8,9,10,accuracy,macro avg,weighted avg
precision,0.05555555555555555,0.16091954022988506,0.09836065573770492,0.07194244604316546,0.07575757575757576,0.06896551724137931,0.12727272727272726,0.11304347826086956,0.11904761904761904,0.14084507042253522,0.10480349344978165,0.10317101855690172,0.10799469134882124
recall,0.037037037037037035,0.15555555555555556,0.06818181818181818,0.14705882352941177,0.07352941176470588,0.08450704225352113,0.1346153846153846,0.11926605504587157,0.12605042016806722,0.0847457627118644,0.10480349344978165,0.10305473108632375,0.10480349344978165
f1-score,0.04444444444444444,0.1581920903954802,0.08053691275167785,0.0966183574879227,0.07462686567164178,0.0759493670886076,0.1308411214953271,0.11607142857142856,0.12244897959183672,0.10582010582010581,0.10480349344978165,0.10055496733184728,0.10401646299550565
support,81.0,90.0,88.0,68.0,68.0,71.0,104.0,109.0,119.0,118.0,0.10480349344978165,916.0,916.0
