,1,2,3,4,5,6,7,8,9,10,accuracy,macro avg,weighted avg
precision,0.0625,0.13333333333333333,0.1724137931034483,0.08108108108108109,0.13043478260869565,0.057692307692307696,0.22388059701492538,0.135678391959799,0.14685314685314685,0.14,0.12663755458515283,0.1283867433646737,0.1340417005009355
recall,0.04938271604938271,0.06666666666666667,0.17045454545454544,0.1323529411764706,0.08823529411764706,0.08450704225352113,0.14423076923076922,0.24770642201834864,0.17647058823529413,0.059322033898305086,0.12663755458515283,0.12193290191009507,0.12663755458515283
f1-score,0.05517241379310345,0.08888888888888888,0.17142857142857146,0.10055865921787709,0.10526315789473685,0.06857142857142856,0.17543859649122803,0.17532467532467536,0.16030534351145037,0.08333333333333333,0.12663755458515283,0.11842850684552933,0.12301834896491058
support,81.0,90.0,88.0,68.0,68.0,71.0,104.0,109.0,119.0,118.0,0.12663755458515283,916.0,916.0
