,1,2,3,4,5,6,7,8,9,10,accuracy,macro avg,weighted avg
precision,0.10606060606060606,0.1328125,0.10416666666666667,0.0967741935483871,0.07692307692307693,0.06896551724137931,0.1282051282051282,0.12790697674418605,0.19230769230769232,0.12871287128712872,0.11756935270805813,0.11628352289842514,0.11744687288453182
recall,0.12280701754385964,0.2361111111111111,0.05952380952380952,0.07228915662650602,0.0967741935483871,0.05,0.136986301369863,0.12643678160919541,0.12048192771084337,0.17105263157894737,0.11756935270805813,0.11924629306225225,0.11756935270805813
f1-score,0.1138211382113821,0.16999999999999998,0.07575757575757576,0.08275862068965517,0.08571428571428572,0.057971014492753624,0.1324503311258278,0.1271676300578035,0.14814814814814814,0.14689265536723164,0.11756935270805813,0.11406813995646634,0.11374500624049243
support,57.0,72.0,84.0,83.0,62.0,80.0,73.0,87.0,83.0,76.0,0.11756935270805813,757.0,757.0
