,1,2,3,4,5,6,7,8,9,10,accuracy,macro avg,weighted avg
precision,0.12149532710280374,0.16883116883116883,0.1794871794871795,0.0989010989010989,0.07368421052631578,0.041666666666666664,0.16666666666666666,0.14084507042253522,0.17105263157894737,0.15625,0.13474240422721268,0.13188800201833825,0.13310581596679397
recall,0.22807017543859648,0.18055555555555555,0.16666666666666666,0.10843373493975904,0.11290322580645161,0.0125,0.0958904109589041,0.11494252873563218,0.1566265060240964,0.19736842105263158,0.13474240422721268,0.13739572251782936,0.13474240422721268
f1-score,0.15853658536585363,0.17449664429530204,0.1728395061728395,0.10344827586206898,0.08917197452229299,0.01923076923076923,0.1217391304347826,0.12658227848101267,0.16352201257861634,0.1744186046511628,0.13474240422721268,0.1303985781594701,0.13011882282183634
support,57.0,72.0,84.0,83.0,62.0,80.0,73.0,87.0,83.0,76.0,0.13474240422721268,757.0,757.0
