,1,2,3,4,5,6,7,8,9,10,accuracy,macro avg,weighted avg
precision,0.06060606060606061,0.1111111111111111,0.1958041958041958,0.10576923076923077,0.17142857142857143,0.12631578947368421,0.14516129032258066,0.16666666666666666,0.14285714285714285,0.16176470588235295,0.1453104359313078,0.1387484764921597,0.14090199912834914
recall,0.03508771929824561,0.125,0.3333333333333333,0.13253012048192772,0.1935483870967742,0.15,0.1232876712328767,0.12643678160919541,0.060240963855421686,0.14473684210526316,0.1453104359313078,0.1424201819013038,0.1453104359313078
f1-score,0.04444444444444444,0.11764705882352941,0.24669603524229075,0.11764705882352942,0.1818181818181818,0.13714285714285718,0.13333333333333333,0.1437908496732026,0.0847457627118644,0.15277777777777782,0.1453104359313078,0.13600433597910114,0.13820792196378665
support,57.0,72.0,84.0,83.0,62.0,80.0,73.0,87.0,83.0,76.0,0.1453104359313078,757.0,757.0
