,1,2,3,4,5,6,7,8,9,10,accuracy,macro avg,weighted avg
precision,0.1794871794871795,0.09523809523809523,0.13559322033898305,0.12643678160919541,0.08955223880597014,0.25,0.07547169811320754,0.045454545454545456,0.07627118644067797,0.04424778761061947,0.09308510638297872,0.11177527330984738,0.12377375222603196
recall,0.06862745098039216,0.07142857142857142,0.10810810810810811,0.14864864864864866,0.17142857142857143,0.04807692307692308,0.0547945205479452,0.04411764705882353,0.14754098360655737,0.11904761904761904,0.09308510638297872,0.09818190439321602,0.09308510638297872
f1-score,0.09929078014184398,0.08163265306122448,0.12030075187969924,0.1366459627329193,0.11764705882352941,0.08064516129032259,0.0634920634920635,0.04477611940298508,0.1005586592178771,0.06451612903225806,0.09308510638297872,0.09095053390747228,0.0919477428068541
support,102.0,84.0,74.0,74.0,70.0,104.0,73.0,68.0,61.0,42.0,0.09308510638297872,752.0,752.0
