,1,2,3,4,5,6,7,8,9,10,accuracy,macro avg,weighted avg
precision,0.08571428571428572,0.11464968152866242,0.08823529411764706,0.13333333333333333,0.041666666666666664,0.15217391304347827,0.24324324324324326,0.1875,0.058823529411764705,0.25,0.12813738441215325,0.13553399470590816,0.13781740925108563
recall,0.10526315789473684,0.25,0.07142857142857142,0.3855421686746988,0.016129032258064516,0.175,0.1232876712328767,0.10344827586206896,0.012048192771084338,0.013157894736842105,0.12813738441215325,0.12553049648589434,0.12813738441215325
f1-score,0.09448818897637794,0.1572052401746725,0.07894736842105264,0.19814241486068113,0.023255813953488372,0.1627906976744186,0.16363636363636364,0.13333333333333333,0.02,0.025,0.12813738441215325,0.10567994210303881,0.10746707301130677
support,57.0,72.0,84.0,83.0,62.0,80.0,73.0,87.0,83.0,76.0,0.12813738441215325,757.0,757.0
