,1,2,3,4,5,6,7,8,9,10,accuracy,macro avg,weighted avg
precision,0.039473684210526314,0.08695652173913043,0.0859375,0.14942528735632185,0.12162162162162163,0.11235955056179775,0.13043478260869565,0.2191780821917808,0.16666666666666666,0.3125,0.1202113606340819,0.14245536969565412,0.14641319500096367
recall,0.05263157894736842,0.1388888888888889,0.13095238095238096,0.1566265060240964,0.14516129032258066,0.125,0.1232876712328767,0.1839080459770115,0.060240963855421686,0.06578947368421052,0.1202113606340819,0.11824867998848358,0.1202113606340819
f1-score,0.045112781954887216,0.10695187165775401,0.10377358490566037,0.15294117647058825,0.1323529411764706,0.11834319526627218,0.12676056338028172,0.2,0.08849557522123894,0.10869565217391304,0.1202113606340819,0.11834273422070662,0.1210249980442601
support,57.0,72.0,84.0,83.0,62.0,80.0,73.0,87.0,83.0,76.0,0.1202113606340819,757.0,757.0
