,1,2,3,4,5,6,7,8,9,10,accuracy,macro avg,weighted avg
precision,0.06329113924050633,0.11678832116788321,0.05405405405405406,0.11926605504587157,0.12903225806451613,0.06862745098039216,0.11888111888111888,0.17333333333333334,0.14705882352941177,0.11940298507462686,0.11026200873362445,0.11097355393717143,0.11462624911270429
recall,0.06172839506172839,0.17777777777777778,0.045454545454545456,0.19117647058823528,0.11764705882352941,0.09859154929577464,0.16346153846153846,0.11926605504587157,0.08403361344537816,0.06779661016949153,0.11026200873362445,0.11269336141238709,0.11026200873362445
f1-score,0.0625,0.1409691629955947,0.04938271604938272,0.14689265536723164,0.12307692307692307,0.08092485549132948,0.13765182186234817,0.14130434782608697,0.10695187165775401,0.08648648648648648,0.11026200873362445,0.10761408408131372,0.10791445554087548
support,81.0,90.0,88.0,68.0,68.0,71.0,104.0,109.0,119.0,118.0,0.11026200873362445,916.0,916.0
