,1,2,3,4,5,6,7,8,9,10,accuracy,macro avg,weighted avg
precision,0.22727272727272727,0.11764705882352941,0.16483516483516483,0.10869565217391304,0.0963855421686747,0.3333333333333333,0.13157894736842105,0.0975609756097561,0.08235294117647059,0.046296296296296294,0.10372340425531915,0.14059586390582865,0.15681714036663247
recall,0.049019607843137254,0.09523809523809523,0.20270270270270271,0.06756756756756757,0.11428571428571428,0.009615384615384616,0.0684931506849315,0.17647058823529413,0.22950819672131148,0.11904761904761904,0.10372340425531915,0.11319486269417578,0.10372340425531915
f1-score,0.08064516129032258,0.10526315789473684,0.1818181818181818,0.08333333333333333,0.10457516339869281,0.018691588785046728,0.09009009009009009,0.12565445026178013,0.1212121212121212,0.06666666666666667,0.10372340425531915,0.09779499147509721,0.09477171422320917
support,102.0,84.0,74.0,74.0,70.0,104.0,73.0,68.0,61.0,42.0,0.10372340425531915,752.0,752.0
