,1,2,3,4,5,6,7,8,9,10,accuracy,macro avg,weighted avg
precision,0.20833333333333334,0.17307692307692307,0.125,0.17073170731707318,0.1935483870967742,0.16379310344827586,0.11904761904761904,0.1276595744680851,0.06962025316455696,0.1111111111111111,0.13430851063829788,0.14619220120637516,0.15231423816400327
recall,0.09803921568627451,0.10714285714285714,0.08108108108108109,0.1891891891891892,0.08571428571428572,0.18269230769230768,0.0684931506849315,0.17647058823529413,0.18032786885245902,0.21428571428571427,0.13430851063829788,0.13834362585643942,0.13430851063829788
f1-score,0.13333333333333333,0.1323529411764706,0.09836065573770492,0.17948717948717952,0.1188118811881188,0.17272727272727273,0.08695652173913043,0.14814814814814814,0.10045662100456619,0.14634146341463417,0.13430851063829788,0.13169760179565587,0.13331775321541678
support,102.0,84.0,74.0,74.0,70.0,104.0,73.0,68.0,61.0,42.0,0.13430851063829788,752.0,752.0
