,1,2,3,4,5,6,7,8,9,10,accuracy,macro avg,weighted avg
precision,0.038461538461538464,0.10714285714285714,0.08433734939759036,0.13793103448275862,0.14583333333333334,0.14788732394366197,0.08695652173913043,0.08771929824561403,0.23076923076923078,0.0,0.1096433289299868,0.1067038487515715,0.10891031755401674
recall,0.05263157894736842,0.16666666666666666,0.08333333333333333,0.14457831325301204,0.11290322580645161,0.2625,0.136986301369863,0.05747126436781609,0.07228915662650602,0.0,0.1096433289299868,0.10893598403710172,0.1096433289299868
f1-score,0.044444444444444446,0.13043478260869565,0.08383233532934131,0.14117647058823532,0.12727272727272726,0.18918918918918923,0.10638297872340424,0.06944444444444445,0.11009174311926605,0.0,0.1096433289299868,0.10022691157197479,0.1012621980529275
support,57.0,72.0,84.0,83.0,62.0,80.0,73.0,87.0,83.0,76.0,0.1096433289299868,757.0,757.0
