,1,2,3,4,5,6,7,8,9,10,accuracy,macro avg,weighted avg
precision,0.13157894736842105,0.13829787234042554,0.13934426229508196,0.12727272727272726,0.057971014492753624,0.19642857142857142,0.16,0.1320754716981132,0.09302325581395349,0.12195121951219512,0.13606340819022458,0.12979433422222425,0.1310360353645854
recall,0.08771929824561403,0.18055555555555555,0.20238095238095238,0.1686746987951807,0.06451612903225806,0.275,0.1643835616438356,0.08045977011494253,0.04819277108433735,0.06578947368421052,0.13606340819022458,0.13376722105368868,0.13606340819022458
f1-score,0.10526315789473684,0.1566265060240964,0.16504854368932037,0.14507772020725387,0.06106870229007633,0.22916666666666669,0.16216216216216214,0.1,0.0634920634920635,0.08547008547008547,0.13606340819022458,0.12733756078964614,0.12893743112227687
support,57.0,72.0,84.0,83.0,62.0,80.0,73.0,87.0,83.0,76.0,0.13606340819022458,757.0,757.0
