,1,2,3,4,5,6,7,8,9,10,accuracy,macro avg,weighted avg
precision,0.10204081632653061,0.14457831325301204,0.125,0.044444444444444446,0.14035087719298245,0.08021390374331551,0.11049723756906077,0.0967741935483871,0.20833333333333334,0.0,0.10807860262008734,0.10522331194110661,0.10629955220847565
recall,0.12345679012345678,0.26666666666666666,0.11363636363636363,0.058823529411764705,0.11764705882352941,0.2112676056338028,0.19230769230769232,0.027522935779816515,0.04201680672268908,0.0,0.10807860262008734,0.1153345449105782,0.10807860262008734
f1-score,0.111731843575419,0.1875,0.11904761904761904,0.05063291139240507,0.12799999999999997,0.11627906976744187,0.14035087719298245,0.04285714285714286,0.06993006993006995,0.0,0.10807860262008734,0.09663295337630802,0.09213310027854628
support,81.0,90.0,88.0,68.0,68.0,71.0,104.0,109.0,119.0,118.0,0.10807860262008734,916.0,916.0
