,1,2,3,4,5,6,7,8,9,10,accuracy,macro avg,weighted avg
precision,0.1559633027522936,0.16,0.060240963855421686,0.125,0.10256410256410256,0.21323529411764705,0.08333333333333333,0.11363636363636363,0.10476190476190476,0.0,0.12898936170212766,0.11187352650210666,0.12315575561813813
recall,0.16666666666666666,0.047619047619047616,0.06756756756756757,0.17567567567567569,0.05714285714285714,0.27884615384615385,0.0547945205479452,0.14705882352941177,0.18032786885245902,0.0,0.12898936170212766,0.11756991814477846,0.12898936170212766
f1-score,0.1611374407582938,0.07339449541284404,0.06369426751592357,0.1460674157303371,0.07339449541284404,0.24166666666666664,0.06611570247933884,0.12820512820512822,0.13253012048192772,0.0,0.12898936170212766,0.10862057326633041,0.11971170411279071
support,102.0,84.0,74.0,74.0,70.0,104.0,73.0,68.0,61.0,42.0,0.12898936170212766,752.0,752.0
