,1,2,3,4,5,6,7,8,9,10,accuracy,macro avg,weighted avg
precision,0.05555555555555555,0.15789473684210525,0.12195121951219512,0.2,0.2159090909090909,0.078125,0.10204081632653061,0.2647058823529412,0.0967741935483871,0.17094017094017094,0.13606340819022458,0.14638966659869765,0.14863600555772524
recall,0.07017543859649122,0.16666666666666666,0.05952380952380952,0.07228915662650602,0.3064516129032258,0.0625,0.0684931506849315,0.10344827586206896,0.21686746987951808,0.2631578947368421,0.13606340819022458,0.13895734754800598,0.13606340819022458
f1-score,0.06201550387596899,0.16216216216216214,0.07999999999999999,0.10619469026548672,0.25333333333333335,0.06944444444444445,0.0819672131147541,0.1487603305785124,0.1338289962825279,0.2072538860103627,0.13606340819022458,0.1304960560067553,0.1291833530473032
support,57.0,72.0,84.0,83.0,62.0,80.0,73.0,87.0,83.0,76.0,0.13606340819022458,757.0,757.0
