,1,2,3,4,5,6,7,8,9,10,accuracy,macro avg,weighted avg
precision,0.08,0.11560693641618497,0.09929078014184398,0.18796992481203006,0.1323529411764706,0.12658227848101267,0.1746031746031746,0.16666666666666666,0.05,0.2857142857142857,0.13474240422721268,0.14187869880116694,0.14302299974242846
recall,0.03508771929824561,0.2777777777777778,0.16666666666666666,0.30120481927710846,0.14516129032258066,0.125,0.1506849315068493,0.09195402298850575,0.012048192771084338,0.02631578947368421,0.13474240422721268,0.13319012100825028,0.13474240422721268
f1-score,0.048780487804878044,0.163265306122449,0.12444444444444444,0.23148148148148148,0.13846153846153847,0.12578616352201258,0.16176470588235295,0.11851851851851852,0.01941747572815534,0.04819277108433735,0.13474240422721268,0.11801128930501681,0.11921219331140881
support,57.0,72.0,84.0,83.0,62.0,80.0,73.0,87.0,83.0,76.0,0.13474240422721268,757.0,757.0
