,1,2,3,4,5,6,7,8,9,10,accuracy,macro avg,weighted avg
precision,0.15384615384615385,0.4444444444444444,0.0,0.09090909090909091,0.125,0.0,0.0,0.0,0.0,0.0,0.16326530612244897,0.08141996891996892,0.08308160093874381
recall,0.4,0.8,0.0,0.2,0.2,0.0,0.0,0.0,0.0,0.0,0.16326530612244897,0.16,0.16326530612244897
f1-score,0.2222222222222222,0.5714285714285714,0.0,0.12500000000000003,0.15384615384615385,0.0,0.0,0.0,0.0,0.0,0.16326530612244897,0.10724969474969474,0.10943846403030076
support,5.0,5.0,5.0,5.0,5.0,4.0,5.0,5.0,5.0,5.0,0.16326530612244897,49.0,49.0
