,1,2,3,4,5,6,7,8,9,10,accuracy,macro avg,weighted avg
precision,0.07142857142857142,0.045454545454545456,0.0,0.0,0.0,0.0,0.0,0.0,0.0,0.0,0.06,0.011688311688311689,0.011688311688311687
recall,0.4,0.2,0.0,0.0,0.0,0.0,0.0,0.0,0.0,0.0,0.06,0.06000000000000001,0.06
f1-score,0.12121212121212122,0.07407407407407407,0.0,0.0,0.0,0.0,0.0,0.0,0.0,0.0,0.06,0.019528619528619527,0.019528619528619527
support,5.0,5.0,5.0,5.0,5.0,5.0,5.0,5.0,5.0,5.0,0.06,50.0,50.0
