,1,2,3,4,5,6,7,8,9,10,accuracy,macro avg,weighted avg
precision,0.07894736842105263,0.0,0.0,0.0,0.0,0.0,0.0,0.0,0.0,0.0,0.058823529411764705,0.007894736842105263,0.007739938080495356
recall,0.6,0.0,0.0,0.0,0.0,0.0,0.0,0.0,0.0,0.0,0.058823529411764705,0.06,0.058823529411764705
f1-score,0.1395348837209302,0.0,0.0,0.0,0.0,0.0,0.0,0.0,0.0,0.0,0.058823529411764705,0.01395348837209302,0.013679890560875511
support,5.0,5.0,5.0,5.0,5.0,6.0,5.0,5.0,5.0,5.0,0.058823529411764705,51.0,51.0
