,1,2,3,4,5,6,7,8,9,10,accuracy,macro avg,weighted avg
precision,0.14285714285714285,0.16666666666666666,0.0,1.0,0.1,0.0,0.1,0.2,0.3333333333333333,0.0,0.14285714285714285,0.20428571428571432,0.2084548104956268
recall,0.2,0.2,0.0,0.2,0.2,0.0,0.2,0.2,0.2,0.0,0.14285714285714285,0.14,0.14285714285714285
f1-score,0.16666666666666666,0.1818181818181818,0.0,0.33333333333333337,0.13333333333333333,0.0,0.13333333333333333,0.20000000000000004,0.25,0.0,0.14285714285714285,0.13984848484848483,0.1427025355596784
support,5.0,5.0,5.0,5.0,5.0,4.0,5.0,5.0,5.0,5.0,0.14285714285714285,49.0,49.0
