,1,2,3,4,5,6,7,8,9,10,accuracy,macro avg,weighted avg
precision,0.2,0.0,0.06666666666666667,0.09090909090909091,0.0,0.0,0.0,0.0,0.0,0.0,0.0784313725490196,0.03575757575757576,0.0350564468211527
recall,0.4,0.0,0.2,0.2,0.0,0.0,0.0,0.0,0.0,0.0,0.0784313725490196,0.08,0.0784313725490196
f1-score,0.26666666666666666,0.0,0.1,0.12500000000000003,0.0,0.0,0.0,0.0,0.0,0.0,0.0784313725490196,0.04916666666666667,0.04820261437908496
support,5.0,5.0,5.0,5.0,5.0,6.0,5.0,5.0,5.0,5.0,0.0784313725490196,51.0,51.0
