,1,2,3,4,5,6,7,8,9,10,accuracy,macro avg,weighted avg
precision,0.16666666666666666,0.0,0.2857142857142857,0.11538461538461539,0.16666666666666666,0.0,0.0,0.0,0.0,0.0,0.13725490196078433,0.07344322344322343,0.07200316023845435
recall,0.2,0.0,0.4,0.6,0.2,0.0,0.0,0.0,0.0,0.0,0.13725490196078433,0.13999999999999999,0.13725490196078433
f1-score,0.1818181818181818,0.0,0.3333333333333333,0.1935483870967742,0.1818181818181818,0.0,0.0,0.0,0.0,0.0,0.13725490196078433,0.0890518084066471,0.0873056945163207
support,5.0,5.0,5.0,5.0,5.0,6.0,5.0,5.0,5.0,5.0,0.13725490196078433,51.0,51.0
