,1,2,3,4,5,6,7,8,9,10,accuracy,macro avg,weighted avg
precision,0.17391304347826086,0.11538461538461539,0.0,0.0,0.0,0.0,0.0,0.0,0.0,0.0,0.14285714285714285,0.02892976588628763,0.029520169271722067
recall,0.8,0.6,0.0,0.0,0.0,0.0,0.0,0.0,0.0,0.0,0.14285714285714285,0.13999999999999999,0.14285714285714285
f1-score,0.2857142857142857,0.1935483870967742,0.0,0.0,0.0,0.0,0.0,0.0,0.0,0.0,0.14285714285714285,0.04792626728110599,0.0489043543684755
support,5.0,5.0,5.0,5.0,5.0,4.0,5.0,5.0,5.0,5.0,0.14285714285714285,49.0,49.0
