,1,2,3,4,5,6,7,8,9,10,accuracy,macro avg,weighted avg
precision,0.15789473684210525,0.0,0.2222222222222222,0.14285714285714285,0.4,0.0,0.0,0.0,0.0,0.0,0.19607843137254902,0.09229741019214703,0.09048765705112455
recall,0.6,0.0,0.8,0.2,0.4,0.0,0.0,0.0,0.0,0.0,0.19607843137254902,0.2,0.19607843137254902
f1-score,0.25,0.0,0.3478260869565218,0.16666666666666666,0.4000000000000001,0.0,0.0,0.0,0.0,0.0,0.19607843137254902,0.11644927536231886,0.11416595623756752
support,5.0,5.0,5.0,5.0,5.0,6.0,5.0,5.0,5.0,5.0,0.19607843137254902,51.0,51.0
