,1,2,3,4,5,6,7,8,9,10,accuracy,macro avg,weighted avg
precision,0.14814814814814814,0.13043478260869565,0.0,0.0,0.0,0.0,0.0,0.0,0.0,0.0,0.14,0.02785829307568438,0.027858293075684378
recall,0.8,0.6,0.0,0.0,0.0,0.0,0.0,0.0,0.0,0.0,0.14,0.13999999999999999,0.14
f1-score,0.25,0.21428571428571427,0.0,0.0,0.0,0.0,0.0,0.0,0.0,0.0,0.14,0.04642857142857143,0.04642857142857142
support,5.0,5.0,5.0,5.0,5.0,5.0,5.0,5.0,5.0,5.0,0.14,50.0,50.0
