,1,2,3,4,5,6,7,8,9,10,accuracy,macro avg,weighted avg
precision,0.0,0.2857142857142857,0.0,0.11764705882352941,0.1,0.0,0.0,0.0,0.0,0.0,0.12,0.05033613445378151,0.05033613445378151
recall,0.0,0.4,0.0,0.4,0.4,0.0,0.0,0.0,0.0,0.0,0.12,0.12000000000000002,0.12
f1-score,0.0,0.3333333333333333,0.0,0.1818181818181818,0.16000000000000003,0.0,0.0,0.0,0.0,0.0,0.12,0.06751515151515151,0.06751515151515151
support,5.0,5.0,5.0,5.0,5.0,5.0,5.0,5.0,5.0,5.0,0.12,50.0,50.0
