,1,2,3,4,5,6,7,8,9,10,accuracy,macro avg,weighted avg
precision,0.0,0.17647058823529413,0.0,0.0,0.25,0.0,0.0,0.0,0.0,0.0,0.08163265306122448,0.04264705882352941,0.04351740696278511
recall,0.0,0.6,0.0,0.0,0.2,0.0,0.0,0.0,0.0,0.0,0.08163265306122448,0.08,0.08163265306122448
f1-score,0.0,0.2727272727272727,0.0,0.0,0.22222222222222224,0.0,0.0,0.0,0.0,0.0,0.08163265306122448,0.049494949494949494,0.05050505050505051
support,5.0,5.0,5.0,5.0,5.0,4.0,5.0,5.0,5.0,5.0,0.08163265306122448,49.0,49.0
