,1,2,3,4,5,6,7,8,9,10,accuracy,macro avg,weighted avg
precision,0.5,0.0,0.05555555555555555,0.08333333333333333,0.2,0.0,0.0,0.0,0.0,0.0,0.11764705882352941,0.08388888888888887,0.08224400871459696
recall,0.2,0.0,0.2,0.2,0.6,0.0,0.0,0.0,0.0,0.0,0.11764705882352941,0.12000000000000002,0.11764705882352941
f1-score,0.28571428571428575,0.0,0.08695652173913045,0.11764705882352941,0.3,0.0,0.0,0.0,0.0,0.0,0.11764705882352941,0.07903178662769457,0.07748214375264173
support,5.0,5.0,5.0,5.0,5.0,6.0,5.0,5.0,5.0,5.0,0.11764705882352941,51.0,51.0
