,1,2,3,4,5,6,7,8,9,10,accuracy,macro avg,weighted avg
precision,0.0,0.0,0.0,0.07407407407407407,0.0,0.0,0.0,0.0,0.0,0.0,0.0392156862745098,0.007407407407407407,0.0072621641249092225
recall,0.0,0.0,0.0,0.4,0.0,0.0,0.0,0.0,0.0,0.0,0.0392156862745098,0.04,0.0392156862745098
f1-score,0.0,0.0,0.0,0.125,0.0,0.0,0.0,0.0,0.0,0.0,0.0392156862745098,0.0125,0.012254901960784314
support,5.0,5.0,5.0,5.0,5.0,6.0,5.0,5.0,5.0,5.0,0.0392156862745098,51.0,51.0
