,1,2,3,4,5,6,7,8,9,10,accuracy,macro avg,weighted avg
precision,0.041666666666666664,0.2,0.0,0.0,0.0,0.0,0.0,0.0,0.0,0.0,0.12244897959183673,0.024166666666666666,0.02465986394557823
recall,0.2,1.0,0.0,0.0,0.0,0.0,0.0,0.0,0.0,0.0,0.12244897959183673,0.12,0.12244897959183673
f1-score,0.06896551724137931,0.33333333333333337,0.0,0.0,0.0,0.0,0.0,0.0,0.0,0.0,0.12244897959183673,0.04022988505747127,0.04105090311986865
support,5.0,5.0,5.0,5.0,5.0,4.0,5.0,5.0,5.0,5.0,0.12244897959183673,49.0,49.0
