,1,2,3,4,5,6,7,8,9,10,accuracy,macro avg,weighted avg
precision,0.13333333333333333,0.1,0.0,0.0,0.0,0.0,0.0,0.0,0.0,0.0,0.12,0.023333333333333334,0.02333333333333333
recall,0.8,0.4,0.0,0.0,0.0,0.0,0.0,0.0,0.0,0.0,0.12,0.12000000000000002,0.12
f1-score,0.2285714285714286,0.16000000000000003,0.0,0.0,0.0,0.0,0.0,0.0,0.0,0.0,0.12,0.03885714285714286,0.03885714285714286
support,5.0,5.0,5.0,5.0,5.0,5.0,5.0,5.0,5.0,5.0,0.12,50.0,50.0
