,1,2,3,4,5,6,7,8,9,10,accuracy,macro avg,weighted avg
precision,0.16666666666666666,0.15384615384615385,0.2,0.14285714285714285,0.0,0.0,0.0,0.0,0.0,0.0,0.13725490196078433,0.06633699633699633,0.06503627091862385
recall,0.2,0.8,0.2,0.2,0.0,0.0,0.0,0.0,0.0,0.0,0.13725490196078433,0.13999999999999999,0.13725490196078433
f1-score,0.1818181818181818,0.25806451612903225,0.20000000000000004,0.16666666666666666,0.0,0.0,0.0,0.0,0.0,0.0,0.13725490196078433,0.08065493646138808,0.07907346711900792
support,5.0,5.0,5.0,5.0,5.0,6.0,5.0,5.0,5.0,5.0,0.13725490196078433,51.0,51.0
