,1,2,3,4,5,6,7,8,9,10,accuracy,macro avg,weighted avg
precision,0.2,0.1,0.05555555555555555,0.0,0.4,0.0,0.0,0.0,0.0,0.0,0.10204081632653061,0.07555555555555557,0.07709750566893424
recall,0.2,0.2,0.2,0.0,0.4,0.0,0.0,0.0,0.0,0.0,0.10204081632653061,0.1,0.10204081632653061
f1-score,0.20000000000000004,0.13333333333333333,0.08695652173913045,0.0,0.4000000000000001,0.0,0.0,0.0,0.0,0.0,0.10204081632653061,0.08202898550724638,0.08370304643596571
support,5.0,5.0,5.0,5.0,5.0,4.0,5.0,5.0,5.0,5.0,0.10204081632653061,49.0,49.0
