,1,2,3,4,5,6,7,8,9,10,accuracy,macro avg,weighted avg
precision,0.07142857142857142,0.09090909090909091,0.0,0.0,0.0,0.0,0.0,0.0,0.0,0.0,0.08,0.016233766233766232,0.016233766233766232
recall,0.4,0.4,0.0,0.0,0.0,0.0,0.0,0.0,0.0,0.0,0.08,0.08,0.08
f1-score,0.12121212121212122,0.14814814814814814,0.0,0.0,0.0,0.0,0.0,0.0,0.0,0.0,0.08,0.026936026936026935,0.02693602693602694
support,5.0,5.0,5.0,5.0,5.0,5.0,5.0,5.0,5.0,5.0,0.08,50.0,50.0
