,1,2,3,4,5,6,7,8,9,10,accuracy,macro avg,weighted avg
precision,0.058823529411764705,0.058823529411764705,0.0,0.0,0.0,0.0,0.0,0.0,0.0,0.0,0.058823529411764705,0.011764705882352941,0.011534025374855825
recall,0.4,0.2,0.0,0.0,0.0,0.0,0.0,0.0,0.0,0.0,0.058823529411764705,0.06000000000000001,0.058823529411764705
f1-score,0.10256410256410256,0.0909090909090909,0.0,0.0,0.0,0.0,0.0,0.0,0.0,0.0,0.058823529411764705,0.01934731934731935,0.01896796014443073
support,5.0,5.0,5.0,5.0,5.0,6.0,5.0,5.0,5.0,5.0,0.058823529411764705,51.0,51.0
