,1,2,3,4,5,6,7,8,9,10,accuracy,macro avg,weighted avg
precision,0.1,0.10526315789473684,0.0,0.0,0.0,0.0,0.0,0.0,0.0,0.0,0.10204081632653061,0.020526315789473684,0.02094522019334049
recall,0.6,0.4,0.0,0.0,0.0,0.0,0.0,0.0,0.0,0.0,0.10204081632653061,0.1,0.10204081632653061
f1-score,0.17142857142857143,0.16666666666666666,0.0,0.0,0.0,0.0,0.0,0.0,0.0,0.0,0.10204081632653061,0.03380952380952381,0.034499514091350825
support,5.0,5.0,5.0,5.0,5.0,4.0,5.0,5.0,5.0,5.0,0.10204081632653061,49.0,49.0
