,1,2,3,4,5,6,7,8,9,10,accuracy,macro avg,weighted avg
precision,1.0,0.16666666666666666,0.0,0.5,0.16666666666666666,0.125,0.0,0.15384615384615385,0.0,0.14285714285714285,0.16,0.225503663003663,0.22550366300366295
recall,0.2,0.2,0.0,0.2,0.2,0.2,0.0,0.4,0.0,0.2,0.16,0.16,0.16
f1-score,0.33333333333333337,0.1818181818181818,0.0,0.28571428571428575,0.1818181818181818,0.15384615384615385,0.0,0.2222222222222222,0.0,0.16666666666666666,0.16,0.15254190254190256,0.15254190254190253
support,5.0,5.0,5.0,5.0,5.0,5.0,5.0,5.0,5.0,5.0,0.16,50.0,50.0
