,1,2,3,4,5,6,7,8,9,10,accuracy,macro avg,weighted avg
precision,0.05555555555555555,0.15625,0.0,0.0,0.0,0.0,0.0,0.0,0.0,0.0,0.12,0.021180555555555557,0.021180555555555553
recall,0.2,1.0,0.0,0.0,0.0,0.0,0.0,0.0,0.0,0.0,0.12,0.12,0.12
f1-score,0.08695652173913045,0.2702702702702703,0.0,0.0,0.0,0.0,0.0,0.0,0.0,0.0,0.12,0.03572267920094007,0.03572267920094007
support,5.0,5.0,5.0,5.0,5.0,5.0,5.0,5.0,5.0,5.0,0.12,50.0,50.0
