,1,2,3,4,5,6,7,8,9,10,accuracy,macro avg,weighted avg
precision,0.0,0.19047619047619047,0.0,0.14285714285714285,0.0,0.0,0.0,0.0,0.0,0.0,0.10204081632653061,0.03333333333333333,0.03401360544217687
recall,0.0,0.8,0.0,0.2,0.0,0.0,0.0,0.0,0.0,0.0,0.10204081632653061,0.1,0.10204081632653061
f1-score,0.0,0.3076923076923077,0.0,0.16666666666666666,0.0,0.0,0.0,0.0,0.0,0.0,0.10204081632653061,0.047435897435897434,0.04840397697540555
support,5.0,5.0,5.0,5.0,5.0,4.0,5.0,5.0,5.0,5.0,0.10204081632653061,49.0,49.0
