,1,2,3,4,5,6,7,8,9,10,accuracy,macro avg,weighted avg
precision,0.3333333333333333,0.1,0.18181818181818182,0.0,0.1111111111111111,0.0,0.0,0.0,0.0,0.0,0.12244897959183673,0.07262626262626264,0.0741084312512884
recall,0.2,0.2,0.4,0.0,0.4,0.0,0.0,0.0,0.0,0.0,0.12244897959183673,0.12000000000000002,0.12244897959183673
f1-score,0.25,0.13333333333333333,0.25000000000000006,0.0,0.1739130434782609,0.0,0.0,0.0,0.0,0.0,0.12244897959183673,0.08072463768115942,0.08237207926648922
support,5.0,5.0,5.0,5.0,5.0,4.0,5.0,5.0,5.0,5.0,0.12244897959183673,49.0,49.0
