,1,2,3,4,5,6,7,8,9,10,accuracy,macro avg,weighted avg
precision,0.3333333333333333,0.25,0.2857142857142857,0.08333333333333333,0.0,0.0,0.0,0.0,0.0,0.0,0.18,0.09523809523809523,0.09523809523809522
recall,0.6,0.4,0.4,0.4,0.0,0.0,0.0,0.0,0.0,0.0,0.18,0.18,0.18
f1-score,0.42857142857142855,0.3076923076923077,0.3333333333333333,0.13793103448275862,0.0,0.0,0.0,0.0,0.0,0.0,0.18,0.12075281040798283,0.12075281040798283
support,5.0,5.0,5.0,5.0,5.0,5.0,5.0,5.0,5.0,5.0,0.18,50.0,50.0
