,1,2,3,4,5,6,7,8,9,10,accuracy,macro avg,weighted avg
precision,0.12121212121212122,0.058823529411764705,0.0,0.0,0.0,0.0,0.0,0.0,0.0,0.0,0.1,0.018003565062388593,0.01800356506238859
recall,0.8,0.2,0.0,0.0,0.0,0.0,0.0,0.0,0.0,0.0,0.1,0.1,0.1
f1-score,0.2105263157894737,0.0909090909090909,0.0,0.0,0.0,0.0,0.0,0.0,0.0,0.0,0.1,0.030143540669856462,0.030143540669856462
support,5.0,5.0,5.0,5.0,5.0,5.0,5.0,5.0,5.0,5.0,0.1,50.0,50.0
