,1,2,3,4,5,6,7,8,9,10,accuracy,macro avg,weighted avg
precision,0.14285714285714285,0.125,0.25,0.041666666666666664,0.0,0.0,0.0,0.0,0.0,0.0,0.09803921568627451,0.055952380952380955,0.05485527544351074
recall,0.2,0.2,0.4,0.2,0.0,0.0,0.0,0.0,0.0,0.0,0.09803921568627451,0.1,0.09803921568627451
f1-score,0.16666666666666666,0.15384615384615385,0.3076923076923077,0.06896551724137931,0.0,0.0,0.0,0.0,0.0,0.0,0.09803921568627451,0.06971706454465075,0.06835006327906937
support,5.0,5.0,5.0,5.0,5.0,6.0,5.0,5.0,5.0,5.0,0.09803921568627451,51.0,51.0
