,1,2,3,4,5,6,7,8,9,10,accuracy,macro avg,weighted avg
precision,0.15384615384615385,0.0,0.18181818181818182,0.18181818181818182,0.0,0.0,0.0,0.0,0.0,0.0,0.12244897959183673,0.05174825174825175,0.05280433851862423
recall,0.4,0.0,0.4,0.4,0.0,0.0,0.0,0.0,0.0,0.0,0.12244897959183673,0.12000000000000002,0.12244897959183673
f1-score,0.2222222222222222,0.0,0.25000000000000006,0.25000000000000006,0.0,0.0,0.0,0.0,0.0,0.0,0.12244897959183673,0.07222222222222223,0.07369614512471656
support,5.0,5.0,5.0,5.0,5.0,4.0,5.0,5.0,5.0,5.0,0.12244897959183673,49.0,49.0
