,1,2,3,4,5,6,7,8,9,10,accuracy,macro avg,weighted avg
precision,0.15384615384615385,0.14285714285714285,0.0,0.0,0.0,0.0,0.0,0.0,0.0,0.0,0.09803921568627451,0.02967032967032967,0.029088558500323207
recall,0.8,0.2,0.0,0.0,0.0,0.0,0.0,0.0,0.0,0.0,0.09803921568627451,0.1,0.09803921568627451
f1-score,0.25806451612903225,0.16666666666666666,0.0,0.0,0.0,0.0,0.0,0.0,0.0,0.0,0.09803921568627451,0.042473118279569885,0.04164031203879401
support,5.0,5.0,5.0,5.0,5.0,6.0,5.0,5.0,5.0,5.0,0.09803921568627451,51.0,51.0
