,1,2,3,4,5,6,7,8,9,10,accuracy,macro avg,weighted avg
precision,0.0,0.16666666666666666,0.09090909090909091,0.16666666666666666,0.0,0.0,0.0,0.0,0.0,0.0,0.11764705882352941,0.04242424242424242,0.041592394533571005
recall,0.0,0.8,0.2,0.2,0.0,0.0,0.0,0.0,0.0,0.0,0.11764705882352941,0.12000000000000002,0.11764705882352941
f1-score,0.0,0.27586206896551724,0.12500000000000003,0.1818181818181818,0.0,0.0,0.0,0.0,0.0,0.0,0.11764705882352941,0.0582680250783699,0.057125514782715596
support,5.0,5.0,5.0,5.0,5.0,6.0,5.0,5.0,5.0,5.0,0.11764705882352941,51.0,51.0
