,1,2,3,4,5,6,7,8,9,10,accuracy,macro avg,weighted avg
precision,0.125,0.0,0.0,0.0,0.06666666666666667,0.0,0.0,0.0,0.0,0.0,0.08,0.019166666666666665,0.019166666666666665
recall,0.6,0.0,0.0,0.0,0.2,0.0,0.0,0.0,0.0,0.0,0.08,0.08,0.08
f1-score,0.20689655172413793,0.0,0.0,0.0,0.1,0.0,0.0,0.0,0.0,0.0,0.08,0.030689655172413795,0.030689655172413795
support,5.0,5.0,5.0,5.0,5.0,5.0,5.0,5.0,5.0,5.0,0.08,50.0,50.0
