,1,2,3,4,5,6,7,8,9,10,accuracy,macro avg,weighted avg
precision,0.1111111111111111,0.0,0.18181818181818182,0.058823529411764705,0.0,0.0,0.0,0.0,0.0,0.0,0.08163265306122448,0.035175282234105765,0.03589314513684262
recall,0.2,0.0,0.4,0.2,0.0,0.0,0.0,0.0,0.0,0.0,0.08163265306122448,0.08,0.08163265306122448
f1-score,0.14285714285714285,0.0,0.25000000000000006,0.0909090909090909,0.0,0.0,0.0,0.0,0.0,0.0,0.08163265306122448,0.04837662337662338,0.049363901404717726
support,5.0,5.0,5.0,5.0,5.0,4.0,5.0,5.0,5.0,5.0,0.08163265306122448,49.0,49.0
