,1,2,3,4,5,6,7,8,9,10,accuracy,macro avg,weighted avg
precision,0.07142857142857142,0.14285714285714285,0.0,0.0,0.0,0.0,0.0,0.0,0.0,0.0,0.10204081632653061,0.02142857142857143,0.021865889212827984
recall,0.4,0.6,0.0,0.0,0.0,0.0,0.0,0.0,0.0,0.0,0.10204081632653061,0.1,0.10204081632653061
f1-score,0.12121212121212122,0.23076923076923073,0.0,0.0,0.0,0.0,0.0,0.0,0.0,0.0,0.10204081632653061,0.035198135198135194,0.035916464487893054
support,5.0,5.0,5.0,5.0,5.0,4.0,5.0,5.0,5.0,5.0,0.10204081632653061,49.0,49.0
