,1,2,3,4,5,6,7,8,9,10,accuracy,macro avg,weighted avg
precision,0.08333333333333333,0.13513513513513514,0.0,0.0,0.0,0.0,0.0,0.0,0.0,0.0,0.12244897959183673,0.021846846846846846,0.022292700864129437
recall,0.2,1.0,0.0,0.0,0.0,0.0,0.0,0.0,0.0,0.0,0.12244897959183673,0.12,0.12244897959183673
f1-score,0.11764705882352941,0.2380952380952381,0.0,0.0,0.0,0.0,0.0,0.0,0.0,0.0,0.12244897959183673,0.03557422969187675,0.03630023437946607
support,5.0,5.0,5.0,5.0,5.0,4.0,5.0,5.0,5.0,5.0,0.12244897959183673,49.0,49.0
