,1,2,3,4,5,6,7,8,9,10,accuracy,macro avg,weighted avg
precision,0.10256410256410256,0.08333333333333333,0.0,0.0,0.0,0.0,0.0,0.0,0.0,0.0,0.09803921568627451,0.01858974358974359,0.018225238813474105
recall,0.8,0.2,0.0,0.0,0.0,0.0,0.0,0.0,0.0,0.0,0.09803921568627451,0.1,0.09803921568627451
f1-score,0.18181818181818182,0.11764705882352941,0.0,0.0,0.0,0.0,0.0,0.0,0.0,0.0,0.09803921568627451,0.029946524064171122,0.02935933731781483
support,5.0,5.0,5.0,5.0,5.0,6.0,5.0,5.0,5.0,5.0,0.09803921568627451,51.0,51.0
