,1,2,3,4,5,6,7,8,9,10,accuracy,macro avg,weighted avg
precision,0.06666666666666667,0.047619047619047616,0.0,0.0,0.0,0.0,0.0,0.0,0.0,0.0,0.058823529411764705,0.011428571428571429,0.011204481792717087
recall,0.4,0.2,0.0,0.0,0.0,0.0,0.0,0.0,0.0,0.0,0.058823529411764705,0.06000000000000001,0.058823529411764705
f1-score,0.1142857142857143,0.07692307692307693,0.0,0.0,0.0,0.0,0.0,0.0,0.0,0.0,0.058823529411764705,0.019120879120879123,0.018745959922430513
support,5.0,5.0,5.0,5.0,5.0,6.0,5.0,5.0,5.0,5.0,0.058823529411764705,51.0,51.0
