,1,2,3,4,5,6,7,8,9,10,accuracy,macro avg,weighted avg
precision,0.18181818181818182,0.0625,0.0,0.0,0.0,0.0,0.0,0.0,0.0,0.0,0.061224489795918366,0.024431818181818183,0.024930426716141003
recall,0.4,0.2,0.0,0.0,0.0,0.0,0.0,0.0,0.0,0.0,0.061224489795918366,0.06000000000000001,0.061224489795918366
f1-score,0.25000000000000006,0.09523809523809523,0.0,0.0,0.0,0.0,0.0,0.0,0.0,0.0,0.061224489795918366,0.034523809523809526,0.03522837706511176
support,5.0,5.0,5.0,5.0,5.0,4.0,5.0,5.0,5.0,5.0,0.061224489795918366,49.0,49.0
