,1,2,3,4,5,6,7,8,9,10,accuracy,macro avg,weighted avg
precision,0.19047619047619047,0.10344827586206896,0.0,0.0,0.0,0.0,0.0,0.0,0.0,0.0,0.14,0.029392446633825942,0.029392446633825946
recall,0.8,0.6,0.0,0.0,0.0,0.0,0.0,0.0,0.0,0.0,0.14,0.13999999999999999,0.14
f1-score,0.3076923076923077,0.17647058823529413,0.0,0.0,0.0,0.0,0.0,0.0,0.0,0.0,0.14,0.04841628959276019,0.04841628959276019
support,5.0,5.0,5.0,5.0,5.0,5.0,5.0,5.0,5.0,5.0,0.14,50.0,50.0
