,1,2,3,4,5,6,7,8,9,10,accuracy,macro avg,weighted avg
precision,0.0,0.23529411764705882,0.16666666666666666,0.0,0.0,0.0,0.0,0.0,0.0,0.0,0.12244897959183673,0.04019607843137255,0.04101640656262505
recall,0.0,0.8,0.4,0.0,0.0,0.0,0.0,0.0,0.0,0.0,0.12244897959183673,0.12000000000000002,0.12244897959183673
f1-score,0.0,0.3636363636363636,0.23529411764705882,0.0,0.0,0.0,0.0,0.0,0.0,0.0,0.12244897959183673,0.059893048128342244,0.06111535523300228
support,5.0,5.0,5.0,5.0,5.0,4.0,5.0,5.0,5.0,5.0,0.12244897959183673,49.0,49.0
