,1,2,3,4,5,6,7,8,9,10,accuracy,macro avg,weighted avg
precision,0.09090909090909091,0.10256410256410256,0.0,0.0,0.0,0.0,0.0,0.0,0.0,0.0,0.1,0.01934731934731935,0.01934731934731935
recall,0.2,0.8,0.0,0.0,0.0,0.0,0.0,0.0,0.0,0.0,0.1,0.1,0.1
f1-score,0.12500000000000003,0.18181818181818182,0.0,0.0,0.0,0.0,0.0,0.0,0.0,0.0,0.1,0.03068181818181819,0.030681818181818185
support,5.0,5.0,5.0,5.0,5.0,5.0,5.0,5.0,5.0,5.0,0.1,50.0,50.0
