,1,2,3,4,5,6,7,8,9,10,accuracy,macro avg,weighted avg
precision,0.09090909090909091,0.0,0.0,0.0,0.0,0.0,0.0,0.0,0.0,0.0,0.0784313725490196,0.00909090909090909,0.008912655971479501
recall,0.8,0.0,0.0,0.0,0.0,0.0,0.0,0.0,0.0,0.0,0.0784313725490196,0.08,0.0784313725490196
f1-score,0.163265306122449,0.0,0.0,0.0,0.0,0.0,0.0,0.0,0.0,0.0,0.0784313725490196,0.0163265306122449,0.01600640256102441
support,5.0,5.0,5.0,5.0,5.0,6.0,5.0,5.0,5.0,5.0,0.0784313725490196,51.0,51.0
