,1,2,3,4,5,6,7,8,9,10,accuracy,macro avg,weighted avg
precision,0.0,0.125,0.3333333333333333,0.0,0.0,0.0,0.0,0.0,0.0,0.0,0.11764705882352941,0.04583333333333333,0.04493464052287582
recall,0.0,1.0,0.2,0.0,0.0,0.0,0.0,0.0,0.0,0.0,0.11764705882352941,0.12,0.11764705882352941
f1-score,0.0,0.2222222222222222,0.25,0.0,0.0,0.0,0.0,0.0,0.0,0.0,0.11764705882352941,0.04722222222222222,0.0462962962962963
support,5.0,5.0,5.0,5.0,5.0,6.0,5.0,5.0,5.0,5.0,0.11764705882352941,51.0,51.0
