,1,2,3,4,5,6,7,8,9,10,accuracy,macro avg,weighted avg
precision,0.07407407407407407,0.1111111111111111,0.0,0.0,0.0,0.0,0.0,0.0,0.0,0.0,0.058823529411764705,0.018518518518518517,0.01815541031227306
recall,0.4,0.2,0.0,0.0,0.0,0.0,0.0,0.0,0.0,0.0,0.058823529411764705,0.06000000000000001,0.058823529411764705
f1-score,0.125,0.14285714285714285,0.0,0.0,0.0,0.0,0.0,0.0,0.0,0.0,0.058823529411764705,0.026785714285714284,0.02626050420168067
support,5.0,5.0,5.0,5.0,5.0,6.0,5.0,5.0,5.0,5.0,0.058823529411764705,51.0,51.0
