,1,2,3,4,5,6,7,8,9,10,accuracy,macro avg,weighted avg
precision,0.047619047619047616,0.10344827586206896,0.0,0.0,0.0,0.0,0.0,0.0,0.0,0.0,0.08,0.015106732348111657,0.015106732348111657
recall,0.2,0.6,0.0,0.0,0.0,0.0,0.0,0.0,0.0,0.0,0.08,0.08,0.08
f1-score,0.07692307692307693,0.17647058823529413,0.0,0.0,0.0,0.0,0.0,0.0,0.0,0.0,0.08,0.025339366515837104,0.025339366515837108
support,5.0,5.0,5.0,5.0,5.0,5.0,5.0,5.0,5.0,5.0,0.08,50.0,50.0
