,1,2,3,4,5,6,7,8,9,10,accuracy,macro avg,weighted avg
precision,0.2727272727272727,0.25,0.0,0.13043478260869565,0.0,0.0,0.0,0.0,0.0,0.0,0.14,0.06531620553359684,0.06531620553359684
recall,0.6,0.2,0.0,0.6,0.0,0.0,0.0,0.0,0.0,0.0,0.14,0.13999999999999999,0.14
f1-score,0.37499999999999994,0.22222222222222224,0.0,0.21428571428571427,0.0,0.0,0.0,0.0,0.0,0.0,0.14,0.08115079365079365,0.08115079365079364
support,5.0,5.0,5.0,5.0,5.0,5.0,5.0,5.0,5.0,5.0,0.14,50.0,50.0
