,1,2,3,4,5,6,7,8,9,10,accuracy,macro avg,weighted avg
precision,0.0,0.0,0.1,0.0,0.0,0.2222222222222222,0.0,0.0,0.0,0.0,0.0784313725490196,0.03222222222222222,0.03594771241830065
recall,0.0,0.0,0.4,0.0,0.0,0.3333333333333333,0.0,0.0,0.0,0.0,0.0784313725490196,0.07333333333333333,0.0784313725490196
f1-score,0.0,0.0,0.16000000000000003,0.0,0.0,0.26666666666666666,0.0,0.0,0.0,0.0,0.0784313725490196,0.04266666666666667,0.04705882352941177
support,5.0,5.0,5.0,5.0,5.0,6.0,5.0,5.0,5.0,5.0,0.0784313725490196,51.0,51.0
