,1,2,3,4,5,6,7,8,9,10,accuracy,macro avg,weighted avg
precision,0.0,0.0,0.0,0.0,0.08571428571428572,0.0,0.0,0.0,0.0,0.0,0.06,0.008571428571428572,0.008571428571428572
recall,0.0,0.0,0.0,0.0,0.6,0.0,0.0,0.0,0.0,0.0,0.06,0.06,0.06
f1-score,0.0,0.0,0.0,0.0,0.15,0.0,0.0,0.0,0.0,0.0,0.06,0.015,0.015
support,5.0,5.0,5.0,5.0,5.0,5.0,5.0,5.0,5.0,5.0,0.06,50.0,50.0
