,1,2,3,4,5,6,7,8,9,10,accuracy,macro avg,weighted avg
precision,0.11627906976744186,0.0,0.0,0.0,0.0,0.0,0.0,0.0,0.0,0.0,0.10204081632653061,0.011627906976744186,0.011865211200759375
recall,1.0,0.0,0.0,0.0,0.0,0.0,0.0,0.0,0.0,0.0,0.10204081632653061,0.1,0.10204081632653061
f1-score,0.20833333333333334,0.0,0.0,0.0,0.0,0.0,0.0,0.0,0.0,0.0,0.10204081632653061,0.020833333333333336,0.021258503401360547
support,5.0,5.0,5.0,5.0,5.0,4.0,5.0,5.0,5.0,5.0,0.10204081632653061,49.0,49.0
