,1,2,3,4,5,6,7,8,9,10,accuracy,macro avg,weighted avg
precision,0.125,0.11904761904761904,0.0,0.0,0.0,0.0,0.0,0.0,0.0,0.0,0.12,0.024404761904761905,0.024404761904761908
recall,0.2,1.0,0.0,0.0,0.0,0.0,0.0,0.0,0.0,0.0,0.12,0.12,0.12
f1-score,0.15384615384615385,0.21276595744680848,0.0,0.0,0.0,0.0,0.0,0.0,0.0,0.0,0.12,0.03666121112929623,0.03666121112929623
support,5.0,5.0,5.0,5.0,5.0,5.0,5.0,5.0,5.0,5.0,0.12,50.0,50.0
