,1,2,3,4,5,6,7,8,9,10,accuracy,macro avg,weighted avg
precision,0.17857142857142858,0.045454545454545456,0.0,0.0,0.0,0.0,0.0,0.0,0.0,0.0,0.12,0.022402597402597403,0.022402597402597407
recall,1.0,0.2,0.0,0.0,0.0,0.0,0.0,0.0,0.0,0.0,0.12,0.12,0.12
f1-score,0.30303030303030304,0.07407407407407407,0.0,0.0,0.0,0.0,0.0,0.0,0.0,0.0,0.12,0.03771043771043771,0.03771043771043771
support,5.0,5.0,5.0,5.0,5.0,5.0,5.0,5.0,5.0,5.0,0.12,50.0,50.0
