,1,2,3,4,5,6,7,8,9,10,accuracy,macro avg,weighted avg
precision,0.25,0.0,0.0,0.0,0.0,0.16666666666666666,0.3333333333333333,0.09090909090909091,0.3333333333333333,0.16666666666666666,0.14,0.1340909090909091,0.1340909090909091
recall,0.2,0.0,0.0,0.0,0.0,0.2,0.4,0.2,0.2,0.2,0.14,0.13999999999999999,0.14
f1-score,0.22222222222222224,0.0,0.0,0.0,0.0,0.1818181818181818,0.3636363636363636,0.12500000000000003,0.25,0.1818181818181818,0.14,0.13244949494949496,0.13244949494949493
support,5.0,5.0,5.0,5.0,5.0,5.0,5.0,5.0,5.0,5.0,0.14,50.0,50.0
