,1,2,3,4,5,6,7,8,9,10,accuracy,macro avg,weighted avg
precision,0.12,0.07692307692307693,0.0,0.0,0.0,0.0,0.0,0.0,0.0,0.0,0.09803921568627451,0.019692307692307693,0.019306184012066366
recall,0.6,0.4,0.0,0.0,0.0,0.0,0.0,0.0,0.0,0.0,0.09803921568627451,0.1,0.09803921568627451
f1-score,0.19999999999999998,0.12903225806451613,0.0,0.0,0.0,0.0,0.0,0.0,0.0,0.0,0.09803921568627451,0.03290322580645161,0.03225806451612903
support,5.0,5.0,5.0,5.0,5.0,6.0,5.0,5.0,5.0,5.0,0.09803921568627451,51.0,51.0
