,1,2,3,4,5,6,7,8,9,10,accuracy,macro avg,weighted avg
precision,0.11764705882352941,0.0,0.0,0.125,0.16666666666666666,0.0,0.0,0.0,0.0,0.0,0.08163265306122448,0.04093137254901961,0.04176670668267307
recall,0.4,0.0,0.0,0.2,0.2,0.0,0.0,0.0,0.0,0.0,0.08163265306122448,0.08,0.08163265306122448
f1-score,0.1818181818181818,0.0,0.0,0.15384615384615385,0.1818181818181818,0.0,0.0,0.0,0.0,0.0,0.08163265306122448,0.05174825174825174,0.05280433851862423
support,5.0,5.0,5.0,5.0,5.0,4.0,5.0,5.0,5.0,5.0,0.08163265306122448,49.0,49.0
