,1,2,3,4,5,6,7,8,9,10,accuracy,macro avg,weighted avg
precision,0.09090909090909091,0.09090909090909091,0.0,0.0,0.16666666666666666,0.0,0.0,0.0,0.0,0.0,0.08,0.03484848484848485,0.03484848484848485
recall,0.2,0.2,0.0,0.0,0.4,0.0,0.0,0.0,0.0,0.0,0.08,0.08,0.08
f1-score,0.12500000000000003,0.12500000000000003,0.0,0.0,0.23529411764705882,0.0,0.0,0.0,0.0,0.0,0.08,0.04852941176470589,0.04852941176470589
support,5.0,5.0,5.0,5.0,5.0,5.0,5.0,5.0,5.0,5.0,0.08,50.0,50.0
