,1,2,3,4,5,6,7,8,9,10,accuracy,macro avg,weighted avg
precision,1.0,0.0,0.1,0.0,0.1,0.0,0.21052631578947367,0.0,1.0,0.2,0.17647058823529413,0.26105263157894737,0.25593395252837975
recall,0.2,0.0,0.2,0.0,0.2,0.0,0.8,0.0,0.2,0.2,0.17647058823529413,0.18,0.17647058823529413
f1-score,0.33333333333333337,0.0,0.13333333333333333,0.0,0.13333333333333333,0.0,0.3333333333333333,0.0,0.33333333333333337,0.20000000000000004,0.17647058823529413,0.14666666666666667,0.1437908496732026
support,5.0,5.0,5.0,5.0,5.0,6.0,5.0,5.0,5.0,5.0,0.17647058823529413,51.0,51.0
