,1,2,3,4,5,6,7,8,9,10,accuracy,macro avg,weighted avg
precision,0.13793103448275862,0.15,0.0,0.0,0.0,0.0,0.0,0.0,0.0,0.0,0.14285714285714285,0.028793103448275858,0.029380717804363125
recall,0.8,0.6,0.0,0.0,0.0,0.0,0.0,0.0,0.0,0.0,0.14285714285714285,0.13999999999999999,0.14285714285714285
f1-score,0.2352941176470588,0.24,0.0,0.0,0.0,0.0,0.0,0.0,0.0,0.0,0.14285714285714285,0.047529411764705876,0.04849939975990395
support,5.0,5.0,5.0,5.0,5.0,4.0,5.0,5.0,5.0,5.0,0.14285714285714285,49.0,49.0
