,1,2,3,4,5,6,7,8,9,10,accuracy,macro avg,weighted avg
precision,0.0,0.6,0.3333333333333333,0.0,0.2,0.2,0.6666666666666666,0.0,0.2,0.0,0.20408163265306123,0.22000000000000003,0.2204081632653061
recall,0.0,0.6,0.4,0.0,0.2,0.25,0.4,0.0,0.2,0.0,0.20408163265306123,0.20500000000000002,0.20408163265306123
f1-score,0.0,0.6,0.3636363636363636,0.0,0.20000000000000004,0.22222222222222224,0.5,0.0,0.20000000000000004,0.0,0.20408163265306123,0.2085858585858586,0.20830756545042262
support,5.0,5.0,5.0,5.0,5.0,4.0,5.0,5.0,5.0,5.0,0.20408163265306123,49.0,49.0
