,1,2,3,4,5,6,7,8,9,10,accuracy,macro avg,weighted avg
precision,0.0,0.16,0.10526315789473684,0.0,0.0,0.0,0.0,0.0,0.0,0.0,0.11764705882352941,0.026526315789473686,0.0260061919504644
recall,0.0,0.8,0.4,0.0,0.0,0.0,0.0,0.0,0.0,0.0,0.11764705882352941,0.12000000000000002,0.11764705882352941
f1-score,0.0,0.26666666666666666,0.16666666666666666,0.0,0.0,0.0,0.0,0.0,0.0,0.0,0.11764705882352941,0.043333333333333335,0.04248366013071895
support,5.0,5.0,5.0,5.0,5.0,6.0,5.0,5.0,5.0,5.0,0.11764705882352941,51.0,51.0
