,1,2,3,4,5,6,7,8,9,10,accuracy,macro avg,weighted avg
precision,0.4,0.19047619047619047,0.09090909090909091,0.18181818181818182,0.0,0.0,0.0,0.0,0.0,0.0,0.18,0.08632034632034633,0.08632034632034631
recall,0.4,0.8,0.2,0.4,0.0,0.0,0.0,0.0,0.0,0.0,0.18,0.18000000000000002,0.18
f1-score,0.4000000000000001,0.3076923076923077,0.12500000000000003,0.25000000000000006,0.0,0.0,0.0,0.0,0.0,0.0,0.18,0.10826923076923078,0.1082692307692308
support,5.0,5.0,5.0,5.0,5.0,5.0,5.0,5.0,5.0,5.0,0.18,50.0,50.0
