,1,2,3,4,5,6,7,8,9,10,accuracy,macro avg,weighted avg
precision,0.0,0.09090909090909091,0.1111111111111111,0.0625,0.0,0.0,0.0,0.0,0.0,0.0,0.061224489795918366,0.0264520202020202,0.026991857349000208
recall,0.0,0.2,0.2,0.2,0.0,0.0,0.0,0.0,0.0,0.0,0.061224489795918366,0.06000000000000001,0.061224489795918366
f1-score,0.0,0.12500000000000003,0.14285714285714285,0.09523809523809523,0.0,0.0,0.0,0.0,0.0,0.0,0.061224489795918366,0.03630952380952381,0.037050534499514086
support,5.0,5.0,5.0,5.0,5.0,4.0,5.0,5.0,5.0,5.0,0.061224489795918366,49.0,49.0
