,1,2,3,4,5,6,7,8,9,10,accuracy,macro avg,weighted avg
precision,0.06896551724137931,0.18181818181818182,0.0,0.0,0.0,0.0,0.0,0.0,0.0,0.0,0.11764705882352941,0.025078369905956112,0.024586637162702072
recall,0.4,0.8,0.0,0.0,0.0,0.0,0.0,0.0,0.0,0.0,0.11764705882352941,0.12000000000000002,0.11764705882352941
f1-score,0.1176470588235294,0.2962962962962963,0.0,0.0,0.0,0.0,0.0,0.0,0.0,0.0,0.11764705882352941,0.041394335511982565,0.04058268187449272
support,5.0,5.0,5.0,5.0,5.0,6.0,5.0,5.0,5.0,5.0,0.11764705882352941,51.0,51.0
