,1,2,3,4,5,6,7,8,9,10,accuracy,macro avg,weighted avg
precision,0.18181818181818182,0.2,0.14285714285714285,0.13636363636363635,0.0,0.0,0.0,0.0,0.0,0.0,0.14,0.06610389610389611,0.06610389610389611
recall,0.4,0.2,0.2,0.6,0.0,0.0,0.0,0.0,0.0,0.0,0.14,0.14,0.14
f1-score,0.25000000000000006,0.20000000000000004,0.16666666666666666,0.22222222222222218,0.0,0.0,0.0,0.0,0.0,0.0,0.14,0.08388888888888889,0.08388888888888889
support,5.0,5.0,5.0,5.0,5.0,5.0,5.0,5.0,5.0,5.0,0.14,50.0,50.0
