,1,2,3,4,5,6,7,8,9,10,accuracy,macro avg,weighted avg
precision,0.0,0.1875,0.25,0.0,0.0,0.0,0.0,0.0,0.0,0.0,0.10204081632653061,0.04375,0.044642857142857144
recall,0.0,0.6,0.4,0.0,0.0,0.0,0.0,0.0,0.0,0.0,0.10204081632653061,0.1,0.10204081632653061
f1-score,0.0,0.2857142857142857,0.3076923076923077,0.0,0.0,0.0,0.0,0.0,0.0,0.0,0.10204081632653061,0.05934065934065934,0.06055169320475443
support,5.0,5.0,5.0,5.0,5.0,4.0,5.0,5.0,5.0,5.0,0.10204081632653061,49.0,49.0
