,1,2,3,4,5,6,7,8,9,10,accuracy,macro avg,weighted avg
precision,0.13333333333333333,0.10526315789473684,0.0,0.0,0.0,0.0,0.0,0.0,0.0,0.0,0.12244897959183673,0.023859649122807018,0.02434658073755818
recall,0.8,0.4,0.0,0.0,0.0,0.0,0.0,0.0,0.0,0.0,0.12244897959183673,0.12000000000000002,0.12244897959183673
f1-score,0.2285714285714286,0.16666666666666666,0.0,0.0,0.0,0.0,0.0,0.0,0.0,0.0,0.12244897959183673,0.03952380952380953,0.04033041788143829
support,5.0,5.0,5.0,5.0,5.0,4.0,5.0,5.0,5.0,5.0,0.12244897959183673,49.0,49.0
