,1,2,3,4,5,6,7,8,9,10,accuracy,macro avg,weighted avg
precision,0.0,0.07692307692307693,0.0,0.05,0.0,0.0,0.0,0.0,0.0,0.0,0.06,0.012692307692307692,0.012692307692307692
recall,0.0,0.4,0.0,0.2,0.0,0.0,0.0,0.0,0.0,0.0,0.06,0.06000000000000001,0.06
f1-score,0.0,0.12903225806451613,0.0,0.08000000000000002,0.0,0.0,0.0,0.0,0.0,0.0,0.06,0.020903225806451615,0.02090322580645161
support,5.0,5.0,5.0,5.0,5.0,5.0,5.0,5.0,5.0,5.0,0.06,50.0,50.0
