,1,2,3,4,5,6,7,8,9,10,accuracy,macro avg,weighted avg
precision,0.05,0.034482758620689655,0.0,0.0,0.0,0.0,0.0,0.0,0.0,0.0,0.04081632653061224,0.008448275862068966,0.008620689655172414
recall,0.2,0.2,0.0,0.0,0.0,0.0,0.0,0.0,0.0,0.0,0.04081632653061224,0.04,0.04081632653061224
f1-score,0.08000000000000002,0.0588235294117647,0.0,0.0,0.0,0.0,0.0,0.0,0.0,0.0,0.04081632653061224,0.01388235294117647,0.014165666266506602
support,5.0,5.0,5.0,5.0,5.0,4.0,5.0,5.0,5.0,5.0,0.04081632653061224,49.0,49.0
