,1,2,3,4,5,6,7,8,9,10,accuracy,macro avg,weighted avg
precision,0.15151515151515152,0.0,0.0,0.0,0.0,0.0,0.0,0.0,0.0,0.0,0.10204081632653061,0.015151515151515152,0.015460729746444033
recall,1.0,0.0,0.0,0.0,0.0,0.0,0.0,0.0,0.0,0.0,0.10204081632653061,0.1,0.10204081632653061
f1-score,0.2631578947368421,0.0,0.0,0.0,0.0,0.0,0.0,0.0,0.0,0.0,0.10204081632653061,0.02631578947368421,0.026852846401718578
support,5.0,5.0,5.0,5.0,5.0,4.0,5.0,5.0,5.0,5.0,0.10204081632653061,49.0,49.0
