,1,2,3,4,5,6,7,8,9,10,accuracy,macro avg,weighted avg
precision,0.08333333333333333,0.12,0.0,0.0,0.0,0.0,0.0,0.0,0.0,0.0,0.10204081632653061,0.02033333333333333,0.02074829931972789
recall,0.4,0.6,0.0,0.0,0.0,0.0,0.0,0.0,0.0,0.0,0.10204081632653061,0.1,0.10204081632653061
f1-score,0.13793103448275862,0.19999999999999998,0.0,0.0,0.0,0.0,0.0,0.0,0.0,0.0,0.10204081632653061,0.033793103448275866,0.034482758620689655
support,5.0,5.0,5.0,5.0,5.0,4.0,5.0,5.0,5.0,5.0,0.10204081632653061,49.0,49.0
