,1,2,3,4,5,6,7,8,9,10,accuracy,macro avg,weighted avg
precision,0.0,0.0,0.1875,0.2222222222222222,0.5,0.2,0.0,0.0,0.0,0.0,0.1568627450980392,0.11097222222222221,0.11271786492374729
recall,0.0,0.0,0.6,0.4,0.4,0.16666666666666666,0.0,0.0,0.0,0.0,0.1568627450980392,0.15666666666666668,0.1568627450980392
f1-score,0.0,0.0,0.2857142857142857,0.2857142857142857,0.4444444444444445,0.1818181818181818,0.0,0.0,0.0,0.0,0.1568627450980392,0.11976911976911978,0.12098576804459156
support,5.0,5.0,5.0,5.0,5.0,6.0,5.0,5.0,5.0,5.0,0.1568627450980392,51.0,51.0
