,1,2,3,4,5,6,7,8,9,10,accuracy,macro avg,weighted avg
precision,0.0,0.0,0.0,0.0,0.0,0.0,0.3333333333333333,0.25,0.0,0.5,0.14285714285714285,0.10833333333333332,0.11054421768707481
recall,0.0,0.0,0.0,0.0,0.0,0.0,0.6,0.2,0.0,0.6,0.14285714285714285,0.13999999999999999,0.14285714285714285
f1-score,0.0,0.0,0.0,0.0,0.0,0.0,0.42857142857142855,0.22222222222222224,0.0,0.5454545454545454,0.14285714285714285,0.1196248196248196,0.12206614247430575
support,5.0,5.0,5.0,5.0,5.0,4.0,5.0,5.0,5.0,5.0,0.14285714285714285,49.0,49.0
