,1,2,3,4,5,6,7,8,9,10,accuracy,macro avg,weighted avg
precision,0.0,0.0,0.29411764705882354,0.09523809523809523,0.3333333333333333,0.16666666666666666,0.0,0.0,1.0,0.0,0.2,0.18893557422969187,0.18893557422969187
recall,0.0,0.0,1.0,0.4,0.2,0.2,0.0,0.0,0.2,0.0,0.2,0.19999999999999998,0.2
f1-score,0.0,0.0,0.45454545454545453,0.15384615384615385,0.25,0.1818181818181818,0.0,0.0,0.33333333333333337,0.0,0.2,0.13735431235431234,0.13735431235431236
support,5.0,5.0,5.0,5.0,5.0,5.0,5.0,5.0,5.0,5.0,0.2,50.0,50.0
