,1,2,3,4,5,6,7,8,9,10,accuracy,macro avg,weighted avg
precision,0.0,0.14285714285714285,0.0,0.25,0.0,0.0,0.2,0.16666666666666666,0.4,0.25,0.1836734693877551,0.14095238095238094,0.14382896015549076
recall,0.0,0.4,0.0,0.4,0.0,0.0,0.2,0.2,0.4,0.2,0.1836734693877551,0.18,0.1836734693877551
f1-score,0.0,0.21052631578947364,0.0,0.3076923076923077,0.0,0.0,0.20000000000000004,0.1818181818181818,0.4000000000000001,0.22222222222222224,0.1836734693877551,0.15222590275221856,0.15533255382879443
support,5.0,5.0,5.0,5.0,5.0,4.0,5.0,5.0,5.0,5.0,0.1836734693877551,49.0,49.0
