,1,2,3,4,5,6,7,8,9,10,accuracy,macro avg,weighted avg
precision,0.0,0.0,0.08333333333333333,0.0,0.5,0.0,0.3333333333333333,0.25,0.25,0.0,0.1568627450980392,0.14166666666666666,0.1388888888888889
recall,0.0,0.0,0.2,0.0,0.4,0.0,0.2,0.2,0.6,0.0,0.1568627450980392,0.16,0.1568627450980392
f1-score,0.0,0.0,0.11764705882352941,0.0,0.4444444444444445,0.0,0.25,0.22222222222222224,0.35294117647058826,0.0,0.1568627450980392,0.13872549019607844,0.13600538254517494
support,5.0,5.0,5.0,5.0,5.0,6.0,5.0,5.0,5.0,5.0,0.1568627450980392,51.0,51.0
