,1,2,3,4,5,6,7,8,9,10,accuracy,macro avg,weighted avg
precision,0.3333333333333333,0.0,0.15384615384615385,0.0,0.0,0.0,0.3333333333333333,0.3333333333333333,0.0,0.0,0.2,0.11538461538461538,0.11538461538461536
recall,0.4,0.0,0.8,0.0,0.0,0.0,0.4,0.4,0.0,0.0,0.2,0.2,0.2
f1-score,0.3636363636363636,0.0,0.25806451612903225,0.0,0.0,0.0,0.3636363636363636,0.3636363636363636,0.0,0.0,0.2,0.13489736070381228,0.1348973607038123
support,5.0,5.0,5.0,5.0,5.0,5.0,5.0,5.0,5.0,5.0,0.2,50.0,50.0
