,1,2,3,4,5,6,7,8,9,10,accuracy,macro avg,weighted avg
precision,0.0,0.0,0.0,0.09090909090909091,0.0,0.15384615384615385,0.0,0.0,0.0,0.0,0.09803921568627451,0.024475524475524476,0.02701220348279172
recall,0.0,0.0,0.0,0.6,0.0,0.3333333333333333,0.0,0.0,0.0,0.0,0.09803921568627451,0.09333333333333334,0.09803921568627451
f1-score,0.0,0.0,0.0,0.15789473684210525,0.0,0.21052631578947367,0.0,0.0,0.0,0.0,0.09803921568627451,0.03684210526315789,0.040247678018575844
support,5.0,5.0,5.0,5.0,5.0,6.0,5.0,5.0,5.0,5.0,0.09803921568627451,51.0,51.0
