,1,2,3,4,5,6,7,8,9,10,accuracy,macro avg,weighted avg
precision,0.0,0.0,0.14814814814814814,0.0,0.0,0.0,0.0,0.0,0.0,0.16666666666666666,0.09803921568627451,0.03148148148148148,0.030864197530864196
recall,0.0,0.0,0.8,0.0,0.0,0.0,0.0,0.0,0.0,0.2,0.09803921568627451,0.1,0.09803921568627451
f1-score,0.0,0.0,0.25,0.0,0.0,0.0,0.0,0.0,0.0,0.1818181818181818,0.09803921568627451,0.043181818181818175,0.04233511586452763
support,5.0,5.0,5.0,5.0,5.0,6.0,5.0,5.0,5.0,5.0,0.09803921568627451,51.0,51.0
