,1,2,3,4,5,6,7,8,9,10,accuracy,macro avg,weighted avg
precision,0.0,0.0,0.18181818181818182,0.0,0.0,0.0,0.0,0.0625,0.0,0.0,0.06,0.024431818181818183,0.024431818181818183
recall,0.0,0.0,0.4,0.0,0.0,0.0,0.0,0.2,0.0,0.0,0.06,0.06000000000000001,0.06
f1-score,0.0,0.0,0.25000000000000006,0.0,0.0,0.0,0.0,0.09523809523809523,0.0,0.0,0.06,0.034523809523809526,0.034523809523809526
support,5.0,5.0,5.0,5.0,5.0,5.0,5.0,5.0,5.0,5.0,0.06,50.0,50.0
