,1,2,3,4,5,6,7,8,9,10,accuracy,macro avg,weighted avg
precision,0.16666666666666666,0.0,0.18181818181818182,0.0,0.0,0.0,0.4444444444444444,0.25,0.0,1.0,0.22448979591836735,0.20429292929292928,0.208462172747887
recall,0.4,0.0,0.4,0.0,0.0,0.0,0.8,0.2,0.0,0.4,0.22448979591836735,0.22000000000000003,0.22448979591836735
f1-score,0.23529411764705882,0.0,0.25000000000000006,0.0,0.0,0.0,0.5714285714285714,0.22222222222222224,0.0,0.5714285714285715,0.22448979591836735,0.1850373482726424,0.18881362068636978
support,5.0,5.0,5.0,5.0,5.0,4.0,5.0,5.0,5.0,5.0,0.22448979591836735,49.0,49.0
