,1,2,3,4,5,6,7,8,9,10,accuracy,macro avg,weighted avg
precision,0.0,0.0,0.13793103448275862,0.0,0.0,0.0,0.0,0.0,0.0,0.0,0.0784313725490196,0.013793103448275862,0.01352265043948614
recall,0.0,0.0,0.8,0.0,0.0,0.0,0.0,0.0,0.0,0.0,0.0784313725490196,0.08,0.0784313725490196
f1-score,0.0,0.0,0.2352941176470588,0.0,0.0,0.0,0.0,0.0,0.0,0.0,0.0784313725490196,0.02352941176470588,0.023068050749711647
support,5.0,5.0,5.0,5.0,5.0,6.0,5.0,5.0,5.0,5.0,0.0784313725490196,51.0,51.0
