,1,2,3,4,5,6,7,8,9,10,accuracy,macro avg,weighted avg
precision,0.05,0.0,0.0,0.0,0.0,0.0,0.5,0.0,0.0,0.10526315789473684,0.08,0.06552631578947368,0.06552631578947368
recall,0.2,0.0,0.0,0.0,0.0,0.0,0.2,0.0,0.0,0.4,0.08,0.08,0.08
f1-score,0.08000000000000002,0.0,0.0,0.0,0.0,0.0,0.28571428571428575,0.0,0.0,0.16666666666666666,0.08,0.05323809523809524,0.053238095238095244
support,5.0,5.0,5.0,5.0,5.0,5.0,5.0,5.0,5.0,5.0,0.08,50.0,50.0
