,1,2,3,4,5,6,7,8,9,10,accuracy,macro avg,weighted avg
precision,0.0,0.0,0.09090909090909091,0.0,0.0,0.5,0.07142857142857142,0.16666666666666666,0.2,1.0,0.14,0.20290043290043291,0.2029004329004329
recall,0.0,0.0,0.2,0.0,0.0,0.2,0.2,0.2,0.2,0.4,0.14,0.13999999999999999,0.14
f1-score,0.0,0.0,0.12500000000000003,0.0,0.0,0.28571428571428575,0.10526315789473682,0.1818181818181818,0.20000000000000004,0.5714285714285715,0.14,0.1469224196855776,0.1469224196855776
support,5.0,5.0,5.0,5.0,5.0,5.0,5.0,5.0,5.0,5.0,0.14,50.0,50.0
