,1,2,3,4,5,6,7,8,9,10,accuracy,macro avg,weighted avg
precision,0.045454545454545456,0.0,0.0,0.0,0.0,0.0,0.0,0.06666666666666667,0.0,0.0,0.04,0.011212121212121211,0.011212121212121211
recall,0.2,0.0,0.0,0.0,0.0,0.0,0.0,0.2,0.0,0.0,0.04,0.04,0.04
f1-score,0.07407407407407407,0.0,0.0,0.0,0.0,0.0,0.0,0.1,0.0,0.0,0.04,0.017407407407407406,0.017407407407407406
support,5.0,5.0,5.0,5.0,5.0,5.0,5.0,5.0,5.0,5.0,0.04,50.0,50.0
