,1,2,3,4,5,6,7,8,9,10,accuracy,macro avg,weighted avg
precision,0.16666666666666666,0.15625,0.0,0.0,0.0,0.0,0.0,0.0,0.0,0.25,0.14,0.057291666666666664,0.05729166666666666
recall,0.2,1.0,0.0,0.0,0.0,0.0,0.0,0.0,0.0,0.2,0.14,0.13999999999999999,0.14
f1-score,0.1818181818181818,0.2702702702702703,0.0,0.0,0.0,0.0,0.0,0.0,0.0,0.22222222222222224,0.14,0.06743106743106743,0.06743106743106743
support,5.0,5.0,5.0,5.0,5.0,5.0,5.0,5.0,5.0,5.0,0.14,50.0,50.0
