,1,2,3,4,5,6,7,8,9,10,accuracy,macro avg,weighted avg
precision,0.0,0.19047619047619047,0.0,0.0,0.0,0.0,0.0,0.06666666666666667,0.0,0.0,0.1,0.02571428571428571,0.02571428571428571
recall,0.0,0.8,0.0,0.0,0.0,0.0,0.0,0.2,0.0,0.0,0.1,0.1,0.1
f1-score,0.0,0.3076923076923077,0.0,0.0,0.0,0.0,0.0,0.1,0.0,0.0,0.1,0.040769230769230766,0.040769230769230766
support,5.0,5.0,5.0,5.0,5.0,5.0,5.0,5.0,5.0,5.0,0.1,50.0,50.0
