,1,2,3,4,5,6,7,8,9,10,accuracy,macro avg,weighted avg
precision,0.0,0.0,0.04,0.0,0.0,0.0,0.0,0.25,0.0,0.10526315789473684,0.08,0.03952631578947368,0.03952631578947369
recall,0.0,0.0,0.2,0.0,0.0,0.0,0.0,0.2,0.0,0.4,0.08,0.08,0.08
f1-score,0.0,0.0,0.06666666666666667,0.0,0.0,0.0,0.0,0.22222222222222224,0.0,0.16666666666666666,0.08,0.04555555555555556,0.04555555555555555
support,5.0,5.0,5.0,5.0,5.0,5.0,5.0,5.0,5.0,5.0,0.08,50.0,50.0
