,1,2,3,4,5,6,7,8,9,10,accuracy,macro avg,weighted avg
precision,0.0,0.0,0.2,0.0,1.0,0.2,0.0,0.1,0.0,0.0,0.08,0.15,0.15
recall,0.0,0.0,0.2,0.0,0.2,0.2,0.0,0.2,0.0,0.0,0.08,0.08,0.08
f1-score,0.0,0.0,0.20000000000000004,0.0,0.33333333333333337,0.20000000000000004,0.0,0.13333333333333333,0.0,0.0,0.08,0.08666666666666668,0.08666666666666668
support,5.0,5.0,5.0,5.0,5.0,5.0,5.0,5.0,5.0,5.0,0.08,50.0,50.0
