,1,2,3,4,5,6,7,8,9,10,accuracy,macro avg,weighted avg
precision,0.0,0.0,0.0,0.13793103448275862,0.0,0.2857142857142857,0.0,0.0,0.0,0.25,0.14,0.06736453201970442,0.06736453201970444
recall,0.0,0.0,0.0,0.8,0.0,0.4,0.0,0.0,0.0,0.2,0.14,0.14,0.14
f1-score,0.0,0.0,0.0,0.2352941176470588,0.0,0.3333333333333333,0.0,0.0,0.0,0.22222222222222224,0.14,0.07908496732026143,0.07908496732026143
support,5.0,5.0,5.0,5.0,5.0,5.0,5.0,5.0,5.0,5.0,0.14,50.0,50.0
