,1,2,3,4,5,6,7,8,9,10,accuracy,macro avg,weighted avg
precision,0.0,0.16666666666666666,0.09090909090909091,0.0,0.0,0.5,0.0,0.0,0.0,0.2857142857142857,0.14,0.10432900432900434,0.10432900432900433
recall,0.0,0.6,0.2,0.0,0.0,0.2,0.0,0.0,0.0,0.4,0.14,0.13999999999999999,0.14
f1-score,0.0,0.2608695652173913,0.12500000000000003,0.0,0.0,0.28571428571428575,0.0,0.0,0.0,0.3333333333333333,0.14,0.10049171842650104,0.10049171842650104
support,5.0,5.0,5.0,5.0,5.0,5.0,5.0,5.0,5.0,5.0,0.14,50.0,50.0
