,1,2,3,4,5,6,7,8,9,10,accuracy,macro avg,weighted avg
precision,0.0,0.0,0.041666666666666664,0.0,0.07692307692307693,1.0,0.0,0.0,0.0,0.0,0.06,0.11185897435897436,0.11185897435897436
recall,0.0,0.0,0.2,0.0,0.2,0.2,0.0,0.0,0.0,0.0,0.06,0.06000000000000001,0.06
f1-score,0.0,0.0,0.06896551724137931,0.0,0.1111111111111111,0.33333333333333337,0.0,0.0,0.0,0.0,0.06,0.05134099616858238,0.051340996168582384
support,5.0,5.0,5.0,5.0,5.0,5.0,5.0,5.0,5.0,5.0,0.06,50.0,50.0
