,1,2,3,4,5,6,7,8,9,10,accuracy,macro avg,weighted avg
precision,0.0,0.0,0.125,0.0,0.0,0.0,0.0,0.0,0.0,0.0,0.04,0.0125,0.0125
recall,0.0,0.0,0.4,0.0,0.0,0.0,0.0,0.0,0.0,0.0,0.04,0.04,0.04
f1-score,0.0,0.0,0.19047619047619047,0.0,0.0,0.0,0.0,0.0,0.0,0.0,0.04,0.019047619047619046,0.019047619047619046
support,5.0,5.0,5.0,5.0,5.0,5.0,5.0,5.0,5.0,5.0,0.04,50.0,50.0
