,1,2,3,4,5,6,7,8,9,10,accuracy,macro avg,weighted avg
precision,0.0,0.0,0.09090909090909091,0.0,0.0,1.0,0.0,1.0,0.0,0.25,0.12,0.23409090909090907,0.2340909090909091
recall,0.0,0.0,0.2,0.0,0.0,0.4,0.0,0.4,0.0,0.2,0.12,0.12,0.12
f1-score,0.0,0.0,0.12500000000000003,0.0,0.0,0.5714285714285715,0.0,0.5714285714285715,0.0,0.22222222222222224,0.12,0.14900793650793653,0.14900793650793653
support,5.0,5.0,5.0,5.0,5.0,5.0,5.0,5.0,5.0,5.0,0.12,50.0,50.0
