,1,2,3,4,5,6,7,8,9,10,accuracy,macro avg,weighted avg
precision,0.0,0.25,0.045454545454545456,0.0,0.0,0.0,0.0,0.42857142857142855,0.0,0.0,0.1,0.0724025974025974,0.0724025974025974
recall,0.0,0.2,0.2,0.0,0.0,0.0,0.0,0.6,0.0,0.0,0.1,0.1,0.1
f1-score,0.0,0.22222222222222224,0.07407407407407407,0.0,0.0,0.0,0.0,0.5,0.0,0.0,0.1,0.07962962962962963,0.07962962962962963
support,5.0,5.0,5.0,5.0,5.0,5.0,5.0,5.0,5.0,5.0,0.1,50.0,50.0
