,1,2,3,4,5,6,7,8,9,10,accuracy,macro avg,weighted avg
precision,0.5,0.5,0.0,0.0,0.0,0.0,0.5,0.3333333333333333,0.0,1.0,0.22,0.2833333333333333,0.2833333333333333
recall,0.2,0.4,0.0,0.0,0.0,0.0,0.6,0.8,0.0,0.2,0.22,0.22000000000000003,0.22
f1-score,0.28571428571428575,0.4444444444444445,0.0,0.0,0.0,0.0,0.5454545454545454,0.47058823529411764,0.0,0.33333333333333337,0.22,0.2079534844240727,0.20795348442407266
support,5.0,5.0,5.0,5.0,5.0,5.0,5.0,5.0,5.0,5.0,0.22,50.0,50.0
