,1,2,3,4,5,6,7,8,9,10,accuracy,macro avg,weighted avg
precision,0.16666666666666666,0.16666666666666666,0.0,0.0,0.0,0.0,0.16666666666666666,0.0,0.0,0.0,0.12,0.05,0.05
recall,0.6,0.2,0.0,0.0,0.0,0.0,0.4,0.0,0.0,0.0,0.12,0.12000000000000002,0.12
f1-score,0.2608695652173913,0.1818181818181818,0.0,0.0,0.0,0.0,0.23529411764705882,0.0,0.0,0.0,0.12,0.06779818646826319,0.06779818646826319
support,5.0,5.0,5.0,5.0,5.0,5.0,5.0,5.0,5.0,5.0,0.12,50.0,50.0
