,1,2,3,4,5,6,7,8,9,10,accuracy,macro avg,weighted avg
precision,0.0,0.0,0.0,0.0,0.09090909090909091,0.3333333333333333,0.2857142857142857,0.0,0.0,0.16666666666666666,0.1,0.08766233766233765,0.08766233766233766
recall,0.0,0.0,0.0,0.0,0.2,0.2,0.4,0.0,0.0,0.2,0.1,0.1,0.1
f1-score,0.0,0.0,0.0,0.0,0.12500000000000003,0.25,0.3333333333333333,0.0,0.0,0.1818181818181818,0.1,0.0890151515151515,0.0890151515151515
support,5.0,5.0,5.0,5.0,5.0,5.0,5.0,5.0,5.0,5.0,0.1,50.0,50.0
