,1,2,3,4,5,6,7,8,9,10,accuracy,macro avg,weighted avg
precision,0.25,0.2222222222222222,0.2,0.0,0.5,0.0,0.0,0.0,0.3333333333333333,0.5,0.22,0.20055555555555554,0.20055555555555554
recall,0.2,0.8,0.2,0.0,0.2,0.0,0.0,0.0,0.4,0.4,0.22,0.21999999999999997,0.22
f1-score,0.22222222222222224,0.3478260869565218,0.20000000000000004,0.0,0.28571428571428575,0.0,0.0,0.0,0.3636363636363636,0.4444444444444445,0.22,0.18638434029738377,0.18638434029738377
support,5.0,5.0,5.0,5.0,5.0,5.0,5.0,5.0,5.0,5.0,0.22,50.0,50.0
