,1,2,3,4,5,6,7,8,9,10,accuracy,macro avg,weighted avg
precision,0.0,0.0,0.0,0.14285714285714285,0.0,0.0,0.0,1.0,0.125,0.1,0.09803921568627451,0.1367857142857143,0.13410364145658263
recall,0.0,0.0,0.0,0.4,0.0,0.0,0.0,0.2,0.2,0.2,0.09803921568627451,0.1,0.09803921568627451
f1-score,0.0,0.0,0.0,0.21052631578947364,0.0,0.0,0.0,0.33333333333333337,0.15384615384615385,0.13333333333333333,0.09803921568627451,0.08310391363022943,0.0814744251276759
support,5.0,5.0,5.0,5.0,5.0,6.0,5.0,5.0,5.0,5.0,0.09803921568627451,51.0,51.0
