,1,2,3,4,5,6,7,8,9,10,accuracy,macro avg,weighted avg
precision,0.125,0.0,0.0,0.0,0.0,0.0,0.0,0.0,0.14285714285714285,0.125,0.08,0.039285714285714285,0.039285714285714285
recall,0.2,0.0,0.0,0.0,0.0,0.0,0.0,0.0,0.4,0.2,0.08,0.08,0.08
f1-score,0.15384615384615385,0.0,0.0,0.0,0.0,0.0,0.0,0.0,0.21052631578947364,0.15384615384615385,0.08,0.051821862348178135,0.05182186234817813
support,5.0,5.0,5.0,5.0,5.0,5.0,5.0,5.0,5.0,5.0,0.08,50.0,50.0
