,1,2,3,4,5,6,7,8,9,10,accuracy,macro avg,weighted avg
precision,0.0,1.0,0.0,0.0,0.0,0.0,0.0,0.0,0.05263157894736842,0.25,0.0784313725490196,0.13026315789473683,0.12770897832817338
recall,0.0,0.2,0.0,0.0,0.0,0.0,0.0,0.0,0.2,0.4,0.0784313725490196,0.08,0.0784313725490196
f1-score,0.0,0.33333333333333337,0.0,0.0,0.0,0.0,0.0,0.0,0.08333333333333333,0.3076923076923077,0.0784313725490196,0.07243589743589744,0.07101558572146809
support,5.0,5.0,5.0,5.0,5.0,6.0,5.0,5.0,5.0,5.0,0.0784313725490196,51.0,51.0
