,1,2,3,4,5,6,7,8,9,10,accuracy,macro avg,weighted avg
precision,0.0,0.0,0.5,0.375,0.0,0.0,0.07692307692307693,0.4,0.2,0.3333333333333333,0.22448979591836735,0.188525641025641,0.1923731030873888
recall,0.0,0.0,0.2,0.6,0.0,0.0,0.2,0.8,0.2,0.2,0.22448979591836735,0.22000000000000003,0.22448979591836735
f1-score,0.0,0.0,0.28571428571428575,0.4615384615384615,0.0,0.0,0.1111111111111111,0.5333333333333333,0.20000000000000004,0.25,0.22448979591836735,0.18416971916971916,0.18792828486706037
support,5.0,5.0,5.0,5.0,5.0,4.0,5.0,5.0,5.0,5.0,0.22448979591836735,49.0,49.0
