,1,2,3,4,5,6,7,8,9,10,accuracy,macro avg,weighted avg
precision,0.0,0.16666666666666666,0.16666666666666666,0.14285714285714285,0.0,0.0,0.2,0.0,0.0,0.0,0.12,0.06761904761904762,0.0676190476190476
recall,0.0,0.4,0.2,0.2,0.0,0.0,0.4,0.0,0.0,0.0,0.12,0.12000000000000002,0.12
f1-score,0.0,0.23529411764705882,0.1818181818181818,0.16666666666666666,0.0,0.0,0.26666666666666666,0.0,0.0,0.0,0.12,0.08504456327985739,0.08504456327985739
support,5.0,5.0,5.0,5.0,5.0,5.0,5.0,5.0,5.0,5.0,0.12,50.0,50.0
