,1,2,3,4,5,6,7,8,9,10,accuracy,macro avg,weighted avg
precision,0.2,0.0,0.09090909090909091,0.0,0.2222222222222222,0.0,0.0,0.1,0.6,0.3333333333333333,0.17647058823529413,0.15464646464646464,0.15161418102594573
recall,0.2,0.0,0.2,0.0,0.4,0.0,0.0,0.2,0.6,0.2,0.17647058823529413,0.18,0.17647058823529413
f1-score,0.20000000000000004,0.0,0.12500000000000003,0.0,0.2857142857142857,0.0,0.0,0.13333333333333333,0.6,0.25,0.17647058823529413,0.1594047619047619,0.15627917833800187
support,5.0,5.0,5.0,5.0,5.0,6.0,5.0,5.0,5.0,5.0,0.17647058823529413,51.0,51.0
