,1,2,3,4,5,6,7,8,9,10,accuracy,macro avg,weighted avg
precision,0.0,0.0,0.0,0.5,0.0,0.0,0.125,0.2857142857142857,0.0,0.0,0.0784313725490196,0.09107142857142857,0.08928571428571429
recall,0.0,0.0,0.0,0.2,0.0,0.0,0.2,0.4,0.0,0.0,0.0784313725490196,0.08,0.0784313725490196
f1-score,0.0,0.0,0.0,0.28571428571428575,0.0,0.0,0.15384615384615385,0.3333333333333333,0.0,0.0,0.0784313725490196,0.07728937728937729,0.07577389930331106
support,5.0,5.0,5.0,5.0,5.0,6.0,5.0,5.0,5.0,5.0,0.0784313725490196,51.0,51.0
