,1,2,3,4,5,6,7,8,9,10,accuracy,macro avg,weighted avg
precision,0.25,0.0,0.0,0.21428571428571427,0.375,0.25,0.0,0.0,0.5,0.0,0.24,0.15892857142857145,0.15892857142857142
recall,0.4,0.0,0.0,0.6,0.6,0.4,0.0,0.0,0.4,0.0,0.24,0.24,0.24
f1-score,0.3076923076923077,0.0,0.0,0.3157894736842105,0.4615384615384615,0.3076923076923077,0.0,0.0,0.4444444444444445,0.0,0.24,0.18371569950517316,0.1837156995051732
support,5.0,5.0,5.0,5.0,5.0,5.0,5.0,5.0,5.0,5.0,0.24,50.0,50.0
