,1,2,3,4,5,6,7,8,9,10,accuracy,macro avg,weighted avg
precision,0.2857142857142857,0.0,0.0,0.16666666666666666,0.0,0.0,0.125,0.0,0.0,0.2,0.10204081632653061,0.07773809523809523,0.0793245869776482
recall,0.4,0.0,0.0,0.2,0.0,0.0,0.2,0.0,0.0,0.2,0.10204081632653061,0.1,0.10204081632653061
f1-score,0.3333333333333333,0.0,0.0,0.1818181818181818,0.0,0.0,0.15384615384615385,0.0,0.0,0.20000000000000004,0.10204081632653061,0.0868997668997669,0.08867323153037437
support,5.0,5.0,5.0,5.0,5.0,4.0,5.0,5.0,5.0,5.0,0.10204081632653061,49.0,49.0
