,1,2,3,4,5,6,7,8,9,10,accuracy,macro avg,weighted avg
precision,0.05263157894736842,0.0,0.0,0.0,0.0,0.0,0.3333333333333333,0.0,0.0,0.0,0.0392156862745098,0.03859649122807017,0.03783969728242174
recall,0.2,0.0,0.0,0.0,0.0,0.0,0.2,0.0,0.0,0.0,0.0392156862745098,0.04,0.0392156862745098
f1-score,0.08333333333333333,0.0,0.0,0.0,0.0,0.0,0.25,0.0,0.0,0.0,0.0392156862745098,0.03333333333333333,0.0326797385620915
support,5.0,5.0,5.0,5.0,5.0,6.0,5.0,5.0,5.0,5.0,0.0392156862745098,51.0,51.0
