,1,2,3,4,5,6,7,8,9,10,accuracy,macro avg,weighted avg
precision,0.14285714285714285,0.0,0.0,0.0,0.0,0.0,0.08333333333333333,0.0,0.0,0.5,0.08163265306122448,0.07261904761904761,0.07410106899902819
recall,0.2,0.0,0.0,0.0,0.0,0.0,0.2,0.0,0.0,0.4,0.08163265306122448,0.08,0.08163265306122448
f1-score,0.16666666666666666,0.0,0.0,0.0,0.0,0.0,0.11764705882352941,0.0,0.0,0.4444444444444445,0.08163265306122448,0.07287581699346406,0.07436307856475924
support,5.0,5.0,5.0,5.0,5.0,4.0,5.0,5.0,5.0,5.0,0.08163265306122448,49.0,49.0
