,1,2,3,4,5,6,7,8,9,10,accuracy,macro avg,weighted avg
precision,0.0,0.0,0.14285714285714285,0.0,0.0,0.0,0.0,0.0,0.3333333333333333,0.0,0.10204081632653061,0.047619047619047616,0.04859086491739552
recall,0.0,0.0,0.6,0.0,0.0,0.0,0.0,0.0,0.4,0.0,0.10204081632653061,0.1,0.10204081632653061
f1-score,0.0,0.0,0.23076923076923073,0.0,0.0,0.0,0.0,0.0,0.3636363636363636,0.0,0.10204081632653061,0.05944055944055944,0.0606536320822035
support,5.0,5.0,5.0,5.0,5.0,4.0,5.0,5.0,5.0,5.0,0.10204081632653061,49.0,49.0
