,1,2,3,4,5,6,7,8,9,10,accuracy,macro avg,weighted avg
precision,0.0,0.0,0.0,0.0,0.0,0.0,0.17647058823529413,0.0,0.5,0.0,0.08163265306122448,0.06764705882352942,0.06902761104441776
recall,0.0,0.0,0.0,0.0,0.0,0.0,0.6,0.0,0.2,0.0,0.08163265306122448,0.08,0.08163265306122448
f1-score,0.0,0.0,0.0,0.0,0.0,0.0,0.2727272727272727,0.0,0.28571428571428575,0.0,0.08163265306122448,0.05584415584415585,0.056983832494036574
support,5.0,5.0,5.0,5.0,5.0,4.0,5.0,5.0,5.0,5.0,0.08163265306122448,49.0,49.0
