,1,2,3,4,5,6,7,8,9,10,accuracy,macro avg,weighted avg
precision,0.0,0.125,0.0,0.2222222222222222,0.0,0.0,0.0,0.0,0.0,0.0,0.058823529411764705,0.034722222222222224,0.03404139433551198
recall,0.0,0.2,0.0,0.4,0.0,0.0,0.0,0.0,0.0,0.0,0.058823529411764705,0.06000000000000001,0.058823529411764705
f1-score,0.0,0.15384615384615385,0.0,0.2857142857142857,0.0,0.0,0.0,0.0,0.0,0.0,0.058823529411764705,0.04395604395604395,0.04309416074121956
support,5.0,5.0,5.0,5.0,5.0,6.0,5.0,5.0,5.0,5.0,0.058823529411764705,51.0,51.0
