,1,2,3,4,5,6,7,8,9,10,accuracy,macro avg,weighted avg
precision,0.25,0.0,0.0,0.125,0.0,0.0,0.5,0.0,0.0,0.23076923076923078,0.14285714285714285,0.11057692307692309,0.11283359497645212
recall,0.2,0.0,0.0,0.2,0.0,0.0,0.4,0.0,0.0,0.6,0.14285714285714285,0.13999999999999999,0.14285714285714285
f1-score,0.22222222222222224,0.0,0.0,0.15384615384615385,0.0,0.0,0.4444444444444445,0.0,0.0,0.33333333333333337,0.14285714285714285,0.11538461538461538,0.11773940345368916
support,5.0,5.0,5.0,5.0,5.0,4.0,5.0,5.0,5.0,5.0,0.14285714285714285,49.0,49.0
