,1,2,3,4,5,6,7,8,9,10,accuracy,macro avg,weighted avg
precision,0.2,0.0,0.25,0.0,0.15384615384615385,0.0,0.0,0.0,0.0,0.1111111111111111,0.10204081632653061,0.07149572649572651,0.07295482295482295
recall,0.2,0.0,0.2,0.0,0.4,0.0,0.0,0.0,0.0,0.2,0.10204081632653061,0.1,0.10204081632653061
f1-score,0.20000000000000004,0.0,0.22222222222222224,0.0,0.2222222222222222,0.0,0.0,0.0,0.0,0.14285714285714285,0.10204081632653061,0.07873015873015873,0.08033689666342728
support,5.0,5.0,5.0,5.0,5.0,4.0,5.0,5.0,5.0,5.0,0.10204081632653061,49.0,49.0
