,1,2,3,4,5,6,7,8,9,10,accuracy,macro avg,weighted avg
precision,0.5,0.0,0.19047619047619047,0.0,0.0,0.0,0.14285714285714285,0.0,0.0,0.14285714285714285,0.14285714285714285,0.0976190476190476,0.09961127308066084
recall,0.2,0.0,0.8,0.0,0.0,0.0,0.2,0.0,0.0,0.2,0.14285714285714285,0.13999999999999999,0.14285714285714285
f1-score,0.28571428571428575,0.0,0.3076923076923077,0.0,0.0,0.0,0.16666666666666666,0.0,0.0,0.16666666666666666,0.14285714285714285,0.09267399267399268,0.09456529864693129
support,5.0,5.0,5.0,5.0,5.0,4.0,5.0,5.0,5.0,5.0,0.14285714285714285,49.0,49.0
