,1,2,3,4,5,6,7,8,9,10,accuracy,macro avg,weighted avg
precision,0.0,0.16666666666666666,0.25,0.5,0.25,0.0,0.1875,0.0,0.6666666666666666,0.5,0.24,0.2520833333333333,0.2520833333333333
recall,0.0,0.2,0.2,0.2,0.4,0.0,0.6,0.0,0.4,0.4,0.24,0.24,0.24
f1-score,0.0,0.1818181818181818,0.22222222222222224,0.28571428571428575,0.3076923076923077,0.0,0.2857142857142857,0.0,0.5,0.4444444444444445,0.24,0.22276057276057276,0.22276057276057273
support,5.0,5.0,5.0,5.0,5.0,5.0,5.0,5.0,5.0,5.0,0.24,50.0,50.0
