,1,2,3,4,5,6,7,8,9,10,accuracy,macro avg,weighted avg
precision,0.4166666666666667,0.0,0.09090909090909091,0.07692307692307693,0.0,0.0,0.0,0.0,0.0,0.0,0.14,0.05844988344988346,0.05844988344988345
recall,1.0,0.0,0.2,0.2,0.0,0.0,0.0,0.0,0.0,0.0,0.14,0.13999999999999999,0.14
f1-score,0.5882352941176471,0.0,0.12500000000000003,0.1111111111111111,0.0,0.0,0.0,0.0,0.0,0.0,0.14,0.08243464052287583,0.08243464052287582
support,5.0,5.0,5.0,5.0,5.0,5.0,5.0,5.0,5.0,5.0,0.14,50.0,50.0
