,1,2,3,4,5,6,7,8,9,10,accuracy,macro avg,weighted avg
precision,0.3333333333333333,0.0,0.0,0.0,0.0,0.0,0.25,0.0,0.0,0.0,0.061224489795918366,0.05833333333333333,0.05952380952380952
recall,0.4,0.0,0.0,0.0,0.0,0.0,0.2,0.0,0.0,0.0,0.061224489795918366,0.06000000000000001,0.061224489795918366
f1-score,0.3636363636363636,0.0,0.0,0.0,0.0,0.0,0.22222222222222224,0.0,0.0,0.0,0.061224489795918366,0.05858585858585859,0.05978148835291692
support,5.0,5.0,5.0,5.0,5.0,4.0,5.0,5.0,5.0,5.0,0.061224489795918366,49.0,49.0
