,1,2,3,4,5,6,7,8,9,10,accuracy,macro avg,weighted avg
precision,0.15384615384615385,0.0,0.0,0.08333333333333333,0.0,0.0,0.0,0.0,0.25,0.0,0.08,0.04871794871794872,0.048717948717948725
recall,0.4,0.0,0.0,0.2,0.0,0.0,0.0,0.0,0.2,0.0,0.08,0.08,0.08
f1-score,0.2222222222222222,0.0,0.0,0.11764705882352941,0.0,0.0,0.0,0.0,0.22222222222222224,0.0,0.08,0.05620915032679739,0.05620915032679739
support,5.0,5.0,5.0,5.0,5.0,5.0,5.0,5.0,5.0,5.0,0.08,50.0,50.0
