,1,2,3,4,5,6,7,8,9,10,accuracy,macro avg,weighted avg
precision,0.16666666666666666,0.0,0.0,0.25,0.2857142857142857,0.0,0.16666666666666666,0.0,0.0,0.5,0.17647058823529413,0.13690476190476192,0.1342203548085901
recall,0.6,0.0,0.0,0.4,0.4,0.0,0.2,0.0,0.0,0.2,0.17647058823529413,0.18,0.17647058823529413
f1-score,0.2608695652173913,0.0,0.0,0.3076923076923077,0.3333333333333333,0.0,0.1818181818181818,0.0,0.0,0.28571428571428575,0.17647058823529413,0.13694276737755,0.1342576150760294
support,5.0,5.0,5.0,5.0,5.0,6.0,5.0,5.0,5.0,5.0,0.17647058823529413,51.0,51.0
