,1,2,3,4,5,6,7,8,9,10,accuracy,macro avg,weighted avg
precision,0.1,0.0,0.0,0.0,0.0,0.0,0.25,0.0,0.3333333333333333,0.0,0.08163265306122448,0.06833333333333333,0.06972789115646258
recall,0.2,0.0,0.0,0.0,0.0,0.0,0.2,0.0,0.4,0.0,0.08163265306122448,0.08,0.08163265306122448
f1-score,0.13333333333333333,0.0,0.0,0.0,0.0,0.0,0.22222222222222224,0.0,0.3636363636363636,0.0,0.08163265306122448,0.07191919191919191,0.07338693052978766
support,5.0,5.0,5.0,5.0,5.0,4.0,5.0,5.0,5.0,5.0,0.08163265306122448,49.0,49.0
