,1,2,3,4,5,6,7,8,9,10,accuracy,macro avg,weighted avg
precision,0.21428571428571427,0.0,0.14285714285714285,0.14285714285714285,0.0,0.5,0.2222222222222222,0.0,0.0,0.0,0.16326530612244897,0.12222222222222223,0.1145124716553288
recall,0.6,0.0,0.2,0.2,0.0,0.25,0.4,0.0,0.0,0.0,0.16326530612244897,0.16499999999999998,0.16326530612244897
f1-score,0.3157894736842105,0.0,0.16666666666666666,0.16666666666666666,0.0,0.3333333333333333,0.2857142857142857,0.0,0.0,0.0,0.16326530612244897,0.1268170426065163,0.12260242442841798
support,5.0,5.0,5.0,5.0,5.0,4.0,5.0,5.0,5.0,5.0,0.16326530612244897,49.0,49.0
