,1,2,3,4,5,6,7,8,9,10,accuracy,macro avg,weighted avg
precision,0.5,0.0,0.0,0.16666666666666666,0.3333333333333333,0.0,0.0,0.0,0.0,0.0,0.1836734693877551,0.1,0.10204081632653061
recall,0.4,0.0,0.0,0.8,0.6,0.0,0.0,0.0,0.0,0.0,0.1836734693877551,0.18000000000000002,0.1836734693877551
f1-score,0.4444444444444445,0.0,0.0,0.27586206896551724,0.42857142857142855,0.0,0.0,0.0,0.0,0.0,0.1836734693877551,0.11488779419813903,0.11723244305932554
support,5.0,5.0,5.0,5.0,5.0,4.0,5.0,5.0,5.0,5.0,0.1836734693877551,49.0,49.0
