,1,2,3,4,5,6,7,8,9,10,accuracy,macro avg,weighted avg
precision,0.18181818181818182,0.0,0.0,0.0,0.16666666666666666,1.0,0.3333333333333333,0.0,0.0,0.0,0.17647058823529413,0.16818181818181818,0.18449197860962568
recall,0.8,0.0,0.0,0.0,0.2,0.3333333333333333,0.4,0.0,0.0,0.0,0.17647058823529413,0.17333333333333334,0.17647058823529413
f1-score,0.2962962962962963,0.0,0.0,0.0,0.1818181818181818,0.5,0.3636363636363636,0.0,0.0,0.0,0.17647058823529413,0.13417508417508417,0.14134812174027858
support,5.0,5.0,5.0,5.0,5.0,6.0,5.0,5.0,5.0,5.0,0.17647058823529413,51.0,51.0
