,1,2,3,4,5,6,7,8,9,10,accuracy,macro avg,weighted avg
precision,0.0,0.0,0.2,0.16666666666666666,0.5,1.0,0.0,0.2222222222222222,0.0,0.25,0.18,0.2338888888888889,0.2338888888888889
recall,0.0,0.0,0.4,0.4,0.2,0.2,0.0,0.4,0.0,0.2,0.18,0.18,0.18
f1-score,0.0,0.0,0.26666666666666666,0.23529411764705882,0.28571428571428575,0.33333333333333337,0.0,0.2857142857142857,0.0,0.22222222222222224,0.18,0.16289449112978524,0.16289449112978524
support,5.0,5.0,5.0,5.0,5.0,5.0,5.0,5.0,5.0,5.0,0.18,50.0,50.0
