,1,2,3,4,5,6,7,8,9,10,accuracy,macro avg,weighted avg
precision,0.6666666666666666,0.0,0.2222222222222222,0.0,0.14285714285714285,0.25,0.0,0.16666666666666666,0.0,0.42857142857142855,0.21568627450980393,0.1876984126984127,0.18892001244942422
recall,0.4,0.0,0.4,0.0,0.4,0.16666666666666666,0.0,0.2,0.0,0.6,0.21568627450980393,0.21666666666666665,0.21568627450980393
f1-score,0.5,0.0,0.2857142857142857,0.0,0.21052631578947364,0.2,0.0,0.1818181818181818,0.0,0.5,0.21568627450980393,0.18780587833219411,0.18804497875705306
support,5.0,5.0,5.0,5.0,5.0,6.0,5.0,5.0,5.0,5.0,0.21568627450980393,51.0,51.0
