,1,2,3,4,5,6,7,8,9,10,accuracy,macro avg,weighted avg
precision,0.0,0.0,0.0,0.16666666666666666,0.25,0.0,0.09090909090909091,1.0,0.0,0.0,0.12244897959183673,0.15075757575757576,0.15383426097711814
recall,0.0,0.0,0.0,0.4,0.4,0.0,0.2,0.2,0.0,0.0,0.12244897959183673,0.12000000000000002,0.12244897959183673
f1-score,0.0,0.0,0.0,0.23529411764705882,0.3076923076923077,0.0,0.12500000000000003,0.33333333333333337,0.0,0.0,0.12244897959183673,0.10013197586726999,0.10217548557884693
support,5.0,5.0,5.0,5.0,5.0,4.0,5.0,5.0,5.0,5.0,0.12244897959183673,49.0,49.0
