,1,2,3,4,5,6,7,8,9,10,accuracy,macro avg,weighted avg
precision,0.14285714285714285,0.0,0.0,0.0,0.2,0.5,0.2857142857142857,0.0,0.0,0.25,0.13725490196078433,0.13785714285714284,0.14495798319327732
recall,0.2,0.0,0.0,0.0,0.2,0.16666666666666666,0.4,0.0,0.0,0.4,0.13725490196078433,0.13666666666666666,0.13725490196078433
f1-score,0.16666666666666666,0.0,0.0,0.0,0.20000000000000004,0.25,0.3333333333333333,0.0,0.0,0.3076923076923077,0.13725490196078433,0.12576923076923077,0.1282051282051282
support,5.0,5.0,5.0,5.0,5.0,6.0,5.0,5.0,5.0,5.0,0.13725490196078433,51.0,51.0
