,1,2,3,4,5,6,7,8,9,10,accuracy,macro avg,weighted avg
precision,0.0,0.38461538461538464,0.0,0.0,0.1875,0.0,0.25,0.0,0.16666666666666666,0.2,0.24,0.11887820512820513,0.11887820512820513
recall,0.0,1.0,0.0,0.0,0.6,0.0,0.4,0.0,0.2,0.2,0.24,0.24000000000000005,0.24
f1-score,0.0,0.5555555555555556,0.0,0.0,0.2857142857142857,0.0,0.3076923076923077,0.0,0.1818181818181818,0.20000000000000004,0.24,0.15307803307803308,0.15307803307803308
support,5.0,5.0,5.0,5.0,5.0,5.0,5.0,5.0,5.0,5.0,0.24,50.0,50.0
