,1,2,3,4,5,6,7,8,9,10,accuracy,macro avg,weighted avg
precision,0.0,0.0,0.25,0.0,0.07692307692307693,0.0,0.5,0.0,0.2,0.2,0.14,0.12269230769230768,0.1226923076923077
recall,0.0,0.0,0.6,0.0,0.2,0.0,0.2,0.0,0.2,0.2,0.14,0.13999999999999999,0.14
f1-score,0.0,0.0,0.35294117647058826,0.0,0.1111111111111111,0.0,0.28571428571428575,0.0,0.20000000000000004,0.20000000000000004,0.14,0.11497665732959853,0.11497665732959853
support,5.0,5.0,5.0,5.0,5.0,5.0,5.0,5.0,5.0,5.0,0.14,50.0,50.0
