,1,2,3,4,5,6,7,8,9,10,accuracy,macro avg,weighted avg
precision,0.0,0.0,0.0,0.0,0.35714285714285715,0.0,0.3333333333333333,0.375,0.0,0.2,0.22,0.12654761904761905,0.12654761904761905
recall,0.0,0.0,0.0,0.0,1.0,0.0,0.4,0.6,0.0,0.2,0.22,0.22000000000000003,0.22
f1-score,0.0,0.0,0.0,0.0,0.5263157894736842,0.0,0.3636363636363636,0.4615384615384615,0.0,0.20000000000000004,0.22,0.1551490614648509,0.1551490614648509
support,5.0,5.0,5.0,5.0,5.0,5.0,5.0,5.0,5.0,5.0,0.22,50.0,50.0
