,1,2,3,4,5,6,7,8,9,10,accuracy,macro avg,weighted avg
precision,0.1,0.0,0.3333333333333333,0.0,0.5,0.3333333333333333,0.0,0.07142857142857142,0.0,0.0,0.1568627450980392,0.1338095238095238,0.1377217553688142
recall,0.2,0.0,0.2,0.0,0.6,0.3333333333333333,0.0,0.2,0.0,0.0,0.1568627450980392,0.15333333333333332,0.1568627450980392
f1-score,0.13333333333333333,0.0,0.25,0.0,0.5454545454545454,0.3333333333333333,0.0,0.10526315789473682,0.0,0.0,0.1568627450980392,0.13673843700159488,0.1405932388904525
support,5.0,5.0,5.0,5.0,5.0,6.0,5.0,5.0,5.0,5.0,0.1568627450980392,51.0,51.0
