,1,2,3,4,5,6,7,8,9,10,accuracy,macro avg,weighted avg
precision,0.1,0.0,0.5,0.0,0.0,0.3333333333333333,0.0,0.3333333333333333,0.0,0.14285714285714285,0.09803921568627451,0.14095238095238094,0.14472455648926236
recall,0.2,0.0,0.2,0.0,0.0,0.16666666666666666,0.0,0.2,0.0,0.2,0.09803921568627451,0.09666666666666668,0.09803921568627451
f1-score,0.13333333333333333,0.0,0.28571428571428575,0.0,0.0,0.2222222222222222,0.0,0.25,0.0,0.16666666666666666,0.09803921568627451,0.1057936507936508,0.1080765639589169
support,5.0,5.0,5.0,5.0,5.0,6.0,5.0,5.0,5.0,5.0,0.09803921568627451,51.0,51.0
