,1,2,3,4,5,6,7,8,9,10,accuracy,macro avg,weighted avg
precision,0.0,0.0,0.5,0.5,1.0,0.16666666666666666,0.2857142857142857,0.0,0.5,0.21052631578947367,0.24,0.3162907268170426,0.31629072681704257
recall,0.0,0.0,0.2,0.2,0.2,0.2,0.4,0.0,0.4,0.8,0.24,0.24000000000000005,0.24
f1-score,0.0,0.0,0.28571428571428575,0.28571428571428575,0.33333333333333337,0.1818181818181818,0.3333333333333333,0.0,0.4444444444444445,0.3333333333333333,0.24,0.21976911976911975,0.21976911976911975
support,5.0,5.0,5.0,5.0,5.0,5.0,5.0,5.0,5.0,5.0,0.24,50.0,50.0
