,1,2,3,4,5,6,7,8,9,10,accuracy,macro avg,weighted avg
precision,0.0,0.0,1.0,1.0,0.17647058823529413,1.0,0.08333333333333333,0.0,0.0,0.3,0.19607843137254902,0.3559803921568627,0.3686082276047674
recall,0.0,0.0,0.2,0.2,0.6,0.16666666666666666,0.2,0.0,0.0,0.6,0.19607843137254902,0.19666666666666668,0.19607843137254902
f1-score,0.0,0.0,0.33333333333333337,0.33333333333333337,0.2727272727272727,0.2857142857142857,0.11764705882352941,0.0,0.0,0.4,0.19607843137254902,0.17427552839317545,0.17646060206613842
support,5.0,5.0,5.0,5.0,5.0,6.0,5.0,5.0,5.0,5.0,0.19607843137254902,51.0,51.0
