,1,2,3,4,5,6,7,8,9,10,accuracy,macro avg,weighted avg
precision,0.5,0.0,0.0,0.25,0.0,0.0,0.14285714285714285,0.16666666666666666,0.0,0.0,0.10204081632653061,0.10595238095238095,0.10811467444120505
recall,0.2,0.0,0.0,0.2,0.0,0.0,0.2,0.4,0.0,0.0,0.10204081632653061,0.1,0.10204081632653061
f1-score,0.28571428571428575,0.0,0.0,0.22222222222222224,0.0,0.0,0.16666666666666666,0.23529411764705882,0.0,0.0,0.10204081632653061,0.09098972922502335,0.0928466624745136
support,5.0,5.0,5.0,5.0,5.0,4.0,5.0,5.0,5.0,5.0,0.10204081632653061,49.0,49.0
