,1,2,3,4,5,6,7,8,9,10,accuracy,macro avg,weighted avg
precision,0.0,0.3333333333333333,0.0,0.0,0.3076923076923077,0.0,0.0,0.0,0.2857142857142857,0.25,0.26,0.11767399267399266,0.11767399267399266
recall,0.0,0.8,0.0,0.0,0.8,0.0,0.0,0.0,0.4,0.6,0.26,0.26,0.26
f1-score,0.0,0.47058823529411764,0.0,0.0,0.4444444444444444,0.0,0.0,0.0,0.3333333333333333,0.35294117647058826,0.26,0.16013071895424838,0.16013071895424835
support,5.0,5.0,5.0,5.0,5.0,5.0,5.0,5.0,5.0,5.0,0.26,50.0,50.0
