,1,2,3,4,5,6,7,8,9,10,accuracy,macro avg,weighted avg
precision,0.0,0.4,0.6,0.3333333333333333,0.2727272727272727,0.0,0.23529411764705882,0.0,0.25,0.3333333333333333,0.3,0.24246880570409987,0.24246880570409982
recall,0.0,0.4,0.6,0.2,0.6,0.0,0.8,0.0,0.2,0.2,0.3,0.30000000000000004,0.3
f1-score,0.0,0.4000000000000001,0.6,0.25,0.37499999999999994,0.0,0.3636363636363636,0.0,0.22222222222222224,0.25,0.3,0.24608585858585857,0.24608585858585855
support,5.0,5.0,5.0,5.0,5.0,5.0,5.0,5.0,5.0,5.0,0.3,50.0,50.0
