,1,2,3,4,5,6,7,8,9,10,accuracy,macro avg,weighted avg
precision,0.3,0.15384615384615385,0.2,0.16666666666666666,0.0,0.0,0.4,0.0,0.0,0.0,0.1836734693877551,0.12205128205128206,0.12454212454212453
recall,0.6,0.4,0.2,0.2,0.0,0.0,0.4,0.0,0.0,0.0,0.1836734693877551,0.18,0.1836734693877551
f1-score,0.4,0.2222222222222222,0.20000000000000004,0.1818181818181818,0.0,0.0,0.4000000000000001,0.0,0.0,0.0,0.1836734693877551,0.14040404040404042,0.1432694289837147
support,5.0,5.0,5.0,5.0,5.0,4.0,5.0,5.0,5.0,5.0,0.1836734693877551,49.0,49.0
