,1,2,3,4,5,6,7,8,9,10,accuracy,macro avg,weighted avg
precision,0.0,0.0,1.0,0.0,0.25,0.14285714285714285,0.09090909090909091,0.0,0.0,0.2222222222222222,0.11764705882352941,0.17059884559884558,0.17005489064312596
recall,0.0,0.0,0.2,0.0,0.2,0.16666666666666666,0.2,0.0,0.0,0.4,0.11764705882352941,0.11666666666666665,0.11764705882352941
f1-score,0.0,0.0,0.33333333333333337,0.0,0.22222222222222224,0.15384615384615383,0.12500000000000003,0.0,0.0,0.2857142857142857,0.11764705882352941,0.11201159951159952,0.11283188489070842
support,5.0,5.0,5.0,5.0,5.0,6.0,5.0,5.0,5.0,5.0,0.11764705882352941,51.0,51.0
