,1,2,3,4,5,6,7,8,9,10,accuracy,macro avg,weighted avg
precision,0.3333333333333333,0.5,0.5,0.2,0.3333333333333333,0.0,0.0,0.25,1.0,0.5,0.28,0.36166666666666664,0.36166666666666664
recall,0.4,0.4,0.4,0.2,0.2,0.0,0.0,0.8,0.2,0.2,0.28,0.2800000000000001,0.28
f1-score,0.3636363636363636,0.4444444444444445,0.4444444444444445,0.20000000000000004,0.25,0.0,0.0,0.38095238095238093,0.33333333333333337,0.28571428571428575,0.28,0.27025252525252524,0.27025252525252524
support,5.0,5.0,5.0,5.0,5.0,5.0,5.0,5.0,5.0,5.0,0.28,50.0,50.0
