,1,2,3,4,5,6,7,8,9,10,accuracy,macro avg,weighted avg
precision,0.2,0.0,0.0,0.1875,1.0,0.5,0.16666666666666666,0.14285714285714285,0.6666666666666666,0.14285714285714285,0.22,0.30065476190476187,0.30065476190476187
recall,0.2,0.0,0.0,0.6,0.2,0.2,0.2,0.2,0.4,0.2,0.22,0.22000000000000003,0.22
f1-score,0.20000000000000004,0.0,0.0,0.2857142857142857,0.33333333333333337,0.28571428571428575,0.1818181818181818,0.16666666666666666,0.5,0.16666666666666666,0.22,0.211991341991342,0.21199134199134204
support,5.0,5.0,5.0,5.0,5.0,5.0,5.0,5.0,5.0,5.0,0.22,50.0,50.0
