,1,2,3,4,5,6,7,8,9,10,accuracy,macro avg,weighted avg
precision,0.14285714285714285,0.0,0.14285714285714285,0.0,0.0,0.3333333333333333,0.0,0.0,0.0,0.0,0.09803921568627451,0.06190476190476191,0.06722689075630252
recall,0.4,0.0,0.2,0.0,0.0,0.3333333333333333,0.0,0.0,0.0,0.0,0.09803921568627451,0.09333333333333334,0.09803921568627451
f1-score,0.21052631578947364,0.0,0.16666666666666666,0.0,0.0,0.3333333333333333,0.0,0.0,0.0,0.0,0.09803921568627451,0.07105263157894737,0.0761953904368765
support,5.0,5.0,5.0,5.0,5.0,6.0,5.0,5.0,5.0,5.0,0.09803921568627451,51.0,51.0
