,1,2,3,4,5,6,7,8,9,10,accuracy,macro avg,weighted avg
precision,0.0,0.2,0.1111111111111111,0.2,0.0,0.0,0.2857142857142857,0.0,0.0,0.0,0.09803921568627451,0.07968253968253967,0.07812013694366635
recall,0.0,0.2,0.2,0.2,0.0,0.0,0.4,0.0,0.0,0.0,0.09803921568627451,0.1,0.09803921568627451
f1-score,0.0,0.20000000000000004,0.14285714285714285,0.20000000000000004,0.0,0.0,0.3333333333333333,0.0,0.0,0.0,0.09803921568627451,0.08761904761904762,0.08590102707749768
support,5.0,5.0,5.0,5.0,5.0,6.0,5.0,5.0,5.0,5.0,0.09803921568627451,51.0,51.0
