,1,2,3,4,5,6,7,8,9,10,accuracy,macro avg,weighted avg
precision,0.0,0.0,0.0,0.0,0.06666666666666667,0.0,0.1111111111111111,0.0,0.0,0.0,0.0392156862745098,0.017777777777777774,0.017429193899782133
recall,0.0,0.0,0.0,0.0,0.2,0.0,0.2,0.0,0.0,0.0,0.0392156862745098,0.04,0.0392156862745098
f1-score,0.0,0.0,0.0,0.0,0.1,0.0,0.14285714285714285,0.0,0.0,0.0,0.0392156862745098,0.024285714285714285,0.023809523809523808
support,5.0,5.0,5.0,5.0,5.0,6.0,5.0,5.0,5.0,5.0,0.0392156862745098,51.0,51.0
