,1,2,3,4,5,6,7,8,9,10,accuracy,macro avg,weighted avg
precision,0.1111111111111111,0.0,0.0,0.07692307692307693,0.0,0.0,0.3333333333333333,0.0,0.2,0.0,0.10204081632653061,0.07213675213675212,0.07360893075178788
recall,0.2,0.0,0.0,0.2,0.0,0.0,0.4,0.0,0.2,0.0,0.10204081632653061,0.1,0.10204081632653061
f1-score,0.14285714285714285,0.0,0.0,0.1111111111111111,0.0,0.0,0.3636363636363636,0.0,0.20000000000000004,0.0,0.10204081632653061,0.08176046176046176,0.08342904261271608
support,5.0,5.0,5.0,5.0,5.0,4.0,5.0,5.0,5.0,5.0,0.10204081632653061,49.0,49.0
