,1,2,3,4,5,6,7,8,9,10,accuracy,macro avg,weighted avg
precision,0.1111111111111111,0.0,0.0,0.0,1.0,0.0,0.2,0.2,0.125,0.0,0.11764705882352941,0.1636111111111111,0.16040305010893247
recall,0.4,0.0,0.0,0.0,0.2,0.0,0.2,0.2,0.2,0.0,0.11764705882352941,0.12,0.11764705882352941
f1-score,0.1739130434782609,0.0,0.0,0.0,0.33333333333333337,0.0,0.20000000000000004,0.20000000000000004,0.15384615384615385,0.0,0.11764705882352941,0.10610925306577482,0.10402867947624982
support,5.0,5.0,5.0,5.0,5.0,6.0,5.0,5.0,5.0,5.0,0.11764705882352941,51.0,51.0
