,1,2,3,4,5,6,7,8,9,10,accuracy,macro avg,weighted avg
precision,0.0,0.0,0.0,0.0,0.0,1.0,0.04,0.16666666666666666,0.0,0.0,0.08163265306122448,0.12066666666666666,0.10272108843537414
recall,0.0,0.0,0.0,0.0,0.0,0.25,0.2,0.4,0.0,0.0,0.08163265306122448,0.085,0.08163265306122448
f1-score,0.0,0.0,0.0,0.0,0.0,0.4,0.06666666666666667,0.23529411764705882,0.0,0.0,0.08163265306122448,0.07019607843137254,0.06346538615446179
support,5.0,5.0,5.0,5.0,5.0,4.0,5.0,5.0,5.0,5.0,0.08163265306122448,49.0,49.0
