,1,2,3,4,5,6,7,8,9,10,accuracy,macro avg,weighted avg
precision,0.0,0.0,0.0,0.0,0.0,0.0,0.07692307692307693,0.0,0.14285714285714285,0.0,0.0392156862745098,0.021978021978021976,0.02154708037060978
recall,0.0,0.0,0.0,0.0,0.0,0.0,0.2,0.0,0.2,0.0,0.0392156862745098,0.04,0.0392156862745098
f1-score,0.0,0.0,0.0,0.0,0.0,0.0,0.1111111111111111,0.0,0.16666666666666666,0.0,0.0392156862745098,0.02777777777777778,0.027233115468409584
support,5.0,5.0,5.0,5.0,5.0,6.0,5.0,5.0,5.0,5.0,0.0392156862745098,51.0,51.0
