,1,2,3,4,5,6,7,8,9,10,accuracy,macro avg,weighted avg
precision,0.0,0.0,0.18181818181818182,0.0,0.0,0.0,0.12,0.0,0.0,1.0,0.12244897959183673,0.13018181818181818,0.13283858998144712
recall,0.0,0.0,0.4,0.0,0.0,0.0,0.6,0.0,0.0,0.2,0.12244897959183673,0.12,0.12244897959183673
f1-score,0.0,0.0,0.25000000000000006,0.0,0.0,0.0,0.19999999999999998,0.0,0.0,0.33333333333333337,0.12244897959183673,0.07833333333333334,0.07993197278911565
support,5.0,5.0,5.0,5.0,5.0,4.0,5.0,5.0,5.0,5.0,0.12244897959183673,49.0,49.0
