,1,2,3,4,5,6,7,8,9,10,accuracy,macro avg,weighted avg
precision,0.2,0.0,0.25,0.17647058823529413,0.25,0.0,0.0,0.0,0.0,0.0,0.16326530612244897,0.08764705882352941,0.0894357743097239
recall,0.2,0.0,0.4,0.6,0.4,0.0,0.0,0.0,0.0,0.0,0.16326530612244897,0.16,0.16326530612244897
f1-score,0.20000000000000004,0.0,0.3076923076923077,0.2727272727272727,0.3076923076923077,0.0,0.0,0.0,0.0,0.0,0.16326530612244897,0.10881118881118881,0.1110318253175396
support,5.0,5.0,5.0,5.0,5.0,4.0,5.0,5.0,5.0,5.0,0.16326530612244897,49.0,49.0
