,1,2,3,4,5,6,7,8,9,10,accuracy,macro avg,weighted avg
precision,0.14285714285714285,0.0,1.0,0.0,1.0,0.0,0.0,0.0,0.2727272727272727,0.18181818181818182,0.18,0.2597402597402597,0.25974025974025977
recall,0.4,0.0,0.2,0.0,0.2,0.0,0.0,0.0,0.6,0.4,0.18,0.18,0.18
f1-score,0.21052631578947364,0.0,0.33333333333333337,0.0,0.33333333333333337,0.0,0.0,0.0,0.37499999999999994,0.25000000000000006,0.18,0.15021929824561403,0.15021929824561403
support,5.0,5.0,5.0,5.0,5.0,5.0,5.0,5.0,5.0,5.0,0.18,50.0,50.0
