,1,2,3,4,5,6,7,8,9,10,accuracy,macro avg,weighted avg
precision,0.3333333333333333,0.20588235294117646,0.14,0.21428571428571427,0.13095238095238096,0.32786885245901637,0.06896551724137931,0.05747126436781609,0.03875968992248062,0.10240963855421686,0.13297872340425532,0.16199287440575144,0.18136218413136523
recall,0.1568627450980392,0.08333333333333333,0.1891891891891892,0.04054054054054054,0.15714285714285714,0.19230769230769232,0.0273972602739726,0.07352941176470588,0.08196721311475409,0.40476190476190477,0.13297872340425532,0.14070321475269892,0.13297872340425532
f1-score,0.21333333333333332,0.11864406779661017,0.16091954022988506,0.06818181818181819,0.14285714285714288,0.24242424242424243,0.0392156862745098,0.06451612903225806,0.05263157894736842,0.16346153846153844,0.13297872340425532,0.12661850775387068,0.13459770775652838
support,102.0,84.0,74.0,74.0,70.0,104.0,73.0,68.0,61.0,42.0,0.13297872340425532,752.0,752.0
