,1,2,3,4,5,6,7,8,9,10,accuracy,macro avg,weighted avg
precision,0.1,0.12903225806451613,0.08333333333333333,0.12121212121212122,0.15873015873015872,0.18811881188118812,0.12962962962962962,0.10810810810810811,0.1875,0.05660377358490566,0.12681638044914134,0.1262268194543961,0.12638633896147597
recall,0.17543859649122806,0.16666666666666666,0.07142857142857142,0.14457831325301204,0.16129032258064516,0.2375,0.0958904109589041,0.09195402298850575,0.10843373493975904,0.039473684210526314,0.12681638044914134,0.12926543235178184,0.12681638044914134
f1-score,0.12738853503184713,0.14545454545454548,0.07692307692307691,0.13186813186813184,0.16,0.20994475138121546,0.11023622047244094,0.09937888198757763,0.13740458015267173,0.04651162790697674,0.12681638044914134,0.1245110351178484,0.1234989669585768
support,57.0,72.0,84.0,83.0,62.0,80.0,73.0,87.0,83.0,76.0,0.12681638044914134,757.0,757.0
