,1,2,3,4,5,6,7,8,9,10,accuracy,macro avg,weighted avg
precision,0.16129032258064516,0.17567567567567569,0.12173913043478261,0.13846153846153847,0.14705882352941177,0.12871287128712872,0.09433962264150944,0.12658227848101267,0.15384615384615385,0.1724137931034483,0.13738441215323646,0.14201202100413068,0.14101373602660477
recall,0.08771929824561403,0.18055555555555555,0.16666666666666666,0.10843373493975904,0.08064516129032258,0.1625,0.136986301369863,0.11494252873563218,0.12048192771084337,0.19736842105263158,0.13738441215323646,0.1356299595566888,0.13738441215323646
f1-score,0.11363636363636363,0.1780821917808219,0.1407035175879397,0.12162162162162161,0.10416666666666666,0.14364640883977903,0.111731843575419,0.12048192771084337,0.13513513513513514,0.18404907975460125,0.13738441215323646,0.13532547563091912,0.1360703107231228
support,57.0,72.0,84.0,83.0,62.0,80.0,73.0,87.0,83.0,76.0,0.13738441215323646,757.0,757.0
