,1,2,3,4,5,6,7,8,9,10,accuracy,macro avg,weighted avg
precision,0.2602739726027397,0.11363636363636363,0.1390728476821192,0.1388888888888889,0.10576923076923077,0.3888888888888889,0.11363636363636363,0.05263157894736842,0.08823529411764706,0.1326530612244898,0.1356382978723404,0.15336864903941,0.1693338328217551
recall,0.18627450980392157,0.11904761904761904,0.28378378378378377,0.06756756756756757,0.15714285714285714,0.0673076923076923,0.0684931506849315,0.029411764705882353,0.14754098360655737,0.30952380952380953,0.1356382978723404,0.14360937381746222,0.1356382978723404
f1-score,0.21714285714285717,0.11627906976744186,0.18666666666666665,0.09090909090909091,0.1264367816091954,0.11475409836065574,0.08547008547008546,0.03773584905660377,0.11042944785276074,0.18571428571428572,0.1356382978723404,0.12715382325496433,0.128435067268588
support,102.0,84.0,74.0,74.0,70.0,104.0,73.0,68.0,61.0,42.0,0.1356382978723404,752.0,752.0
