,1,2,3,4,5,6,7,8,9,10,accuracy,macro avg,weighted avg
precision,0.5091743119266054,0.37446808510638296,0.40186915887850466,0.29012345679012347,0.3915094339622642,0.4583333333333333,0.41044776119402987,0.3597122302158273,0.3931297709923664,0.3888888888888889,0.40288659793814435,0.39776564312883267,0.3985081806503729
recall,0.4625,0.35772357723577236,0.34959349593495936,0.2088888888888889,0.415,0.6470588235294118,0.44,0.3787878787878788,0.3916349809885932,0.3559322033898305,0.40288659793814435,0.4007119848755335,0.40288659793814435
f1-score,0.4847161572052402,0.36590436590436587,0.37391304347826093,0.24289405684754523,0.40291262135922334,0.5365853658536585,0.4247104247104247,0.3690036900369003,0.39238095238095244,0.37168141592920356,0.40288659793814435,0.39647020937057753,0.3978958766084287
support,240.0,246.0,246.0,225.0,200.0,255.0,250.0,264.0,263.0,236.0,0.40288659793814435,2425.0,2425.0
