,1,2,3,4,5,6,7,8,9,10,accuracy,macro avg,weighted avg
precision,0.12244897959183673,0.125,0.12195121951219512,0.2564102564102564,0.09900990099009901,0.10638297872340426,0.12698412698412698,0.07246376811594203,0.07407407407407407,0.14035087719298245,0.11756935270805813,0.1245076181594917,0.12489273662854941
recall,0.10526315789473684,0.1388888888888889,0.05952380952380952,0.12048192771084337,0.16129032258064516,0.1875,0.2191780821917808,0.05747126436781609,0.04819277108433735,0.10526315789473684,0.11756935270805813,0.12030533821375947,0.11756935270805813
f1-score,0.11320754716981131,0.13157894736842105,0.07999999999999999,0.1639344262295082,0.12269938650306748,0.13574660633484165,0.16080402010050251,0.06410256410256411,0.058394160583941604,0.12030075187969924,0.11756935270805813,0.11507684102723573,0.11363982993634916
support,57.0,72.0,84.0,83.0,62.0,80.0,73.0,87.0,83.0,76.0,0.11756935270805813,757.0,757.0
