,1,2,3,4,5,6,7,8,9,10,accuracy,macro avg,weighted avg
precision,0.5327868852459017,0.3763440860215054,0.38461538461538464,0.31443298969072164,0.3802083333333333,0.35074626865671643,0.3333333333333333,0.27439024390243905,0.31521739130434784,0.33852140077821014,0.35711340206185566,0.36005963168818933,0.3587050937362934
recall,0.5416666666666666,0.2845528455284553,0.3048780487804878,0.27111111111111114,0.365,0.5529411764705883,0.324,0.3409090909090909,0.22053231939163498,0.3686440677966102,0.35711340206185566,0.35742353266546456,0.35711340206185566
f1-score,0.5371900826446282,0.32407407407407407,0.3401360544217687,0.2911694510739857,0.37244897959183676,0.4292237442922374,0.3286004056795132,0.30405405405405406,0.25950782997762867,0.35294117647058826,0.35711340206185566,0.35393458522803145,0.35288302567857577
support,240.0,246.0,246.0,225.0,200.0,255.0,250.0,264.0,263.0,236.0,0.35711340206185566,2425.0,2425.0
