,1,2,3,4,5,6,7,8,9,10,accuracy,macro avg,weighted avg
precision,0.09259259259259259,0.14772727272727273,0.14027149321266968,0.135678391959799,0.2727272727272727,0.06521739130434782,0.07792207792207792,0.31343283582089554,0.14285714285714285,0.2857142857142857,0.13973799126637554,0.16741407568383565,0.17306083717484552
recall,0.12345679012345678,0.14444444444444443,0.3522727272727273,0.39705882352941174,0.08823529411764706,0.08450704225352113,0.057692307692307696,0.1926605504587156,0.03361344537815126,0.03389830508474576,0.13973799126637554,0.15078397303551289,0.13973799126637554
f1-score,0.10582010582010581,0.14606741573033705,0.20064724919093851,0.20224719101123598,0.13333333333333333,0.07361963190184048,0.06629834254143648,0.2386363636363637,0.05442176870748299,0.060606060606060594,0.13973799126637554,0.1281697462479135,0.12440504402270912
support,81.0,90.0,88.0,68.0,68.0,71.0,104.0,109.0,119.0,118.0,0.13973799126637554,916.0,916.0
