,1,2,3,4,5,6,7,8,9,10,accuracy,macro avg,weighted avg
precision,0.11926605504587157,0.10416666666666667,0.14193548387096774,0.09433962264150944,0.09375,0.0641025641025641,0.11363636363636363,0.15,0.13513513513513514,0.1927710843373494,0.12117903930131005,0.12091029754364276,0.12648853742503885
recall,0.16049382716049382,0.05555555555555555,0.25,0.14705882352941177,0.08823529411764706,0.07042253521126761,0.19230769230769232,0.08256880733944955,0.04201680672268908,0.13559322033898305,0.12117903930131005,0.12242525622831898,0.12117903930131005
f1-score,0.1368421052631579,0.07246376811594203,0.1810699588477366,0.1149425287356322,0.0909090909090909,0.06711409395973153,0.14285714285714285,0.10650887573964497,0.06410256410256411,0.15920398009950248,0.12117903930131005,0.11360141086301456,0.11482969643563765
support,81.0,90.0,88.0,68.0,68.0,71.0,104.0,109.0,119.0,118.0,0.12117903930131005,916.0,916.0
