,1,2,3,4,5,6,7,8,9,10,accuracy,macro avg,weighted avg
precision,0.4678111587982833,0.2694300518134715,0.3090909090909091,0.26838235294117646,0.29739776951672864,0.4362017804154303,0.34497816593886466,0.29004329004329005,0.2869198312236287,0.3422818791946309,0.33443298969072166,0.3312537188976413,0.3318524869991764
recall,0.45416666666666666,0.21138211382113822,0.34552845528455284,0.3244444444444444,0.4,0.5764705882352941,0.316,0.2537878787878788,0.2585551330798479,0.21610169491525424,0.33443298969072166,0.3356436975235077,0.33443298969072166
f1-score,0.46088794926004223,0.23690205011389526,0.32629558541266795,0.2937625754527162,0.3411513859275054,0.4966216216216216,0.3298538622129436,0.27070707070707073,0.27199999999999996,0.26493506493506497,0.33443298969072166,0.32931171656435276,0.3291199603638756
support,240.0,246.0,246.0,225.0,200.0,255.0,250.0,264.0,263.0,236.0,0.33443298969072166,2425.0,2425.0
