,1,2,3,4,5,6,7,8,9,10,accuracy,macro avg,weighted avg
precision,0.07575757575757576,0.10526315789473684,0.07586206896551724,0.11961722488038277,0.23529411764705882,0.07777777777777778,0.08108108108108109,0.15384615384615385,0.0,0.0,0.10589519650655022,0.09244991578502841,0.08421808584236563
recall,0.06172839506172839,0.06666666666666667,0.25,0.36764705882352944,0.29411764705882354,0.09859154929577464,0.057692307692307696,0.05504587155963303,0.0,0.0,0.10589519650655022,0.12514894961584636,0.10589519650655022
f1-score,0.06802721088435375,0.0816326530612245,0.11640211640211641,0.18050541516245489,0.26143790849673204,0.08695652173913045,0.06741573033707865,0.08108108108108109,0.0,0.0,0.10589519650655022,0.09434586371641718,0.08206949994074901
support,81.0,90.0,88.0,68.0,68.0,71.0,104.0,109.0,119.0,118.0,0.10589519650655022,916.0,916.0
