,1,2,3,4,5,6,7,8,9,10,accuracy,macro avg,weighted avg
precision,0.10476190476190476,0.1111111111111111,0.11864406779661017,0.0945945945945946,0.11428571428571428,0.1111111111111111,0.0625,0.1590909090909091,0.17073170731707318,0.0,0.11244541484716157,0.1046831120069028,0.10390515764869725
recall,0.13580246913580246,0.07777777777777778,0.23863636363636365,0.20588235294117646,0.058823529411764705,0.15492957746478872,0.0673076923076923,0.1926605504587156,0.058823529411764705,0.0,0.11244541484716157,0.11906438425458463,0.11244541484716157
f1-score,0.11827956989247311,0.0915032679738562,0.15849056603773584,0.12962962962962965,0.07766990291262135,0.12941176470588237,0.06481481481481483,0.17427385892116182,0.08750000000000001,0.0,0.11244541484716157,0.1031573374888175,0.0995598296510876
support,81.0,90.0,88.0,68.0,68.0,71.0,104.0,109.0,119.0,118.0,0.11244541484716157,916.0,916.0
