,1,2,3,4,5,6,7,8,9,10,accuracy,macro avg,weighted avg
precision,0.16216216216216217,0.056338028169014086,0.1111111111111111,0.0,0.1065989847715736,0.1,0.08196721311475409,0.03125,0.05970149253731343,0.08235294117647059,0.08776595744680851,0.07914819330423992,0.08319987658847743
recall,0.11764705882352941,0.047619047619047616,0.05405405405405406,0.0,0.3,0.028846153846153848,0.0684931506849315,0.029411764705882353,0.13114754098360656,0.16666666666666666,0.08776595744680851,0.0943885437383872,0.08776595744680851
f1-score,0.13636363636363635,0.051612903225806445,0.07272727272727272,0.0,0.15730337078651688,0.04477611940298507,0.0746268656716418,0.030303030303030304,0.08205128205128204,0.11023622047244094,0.08776595744680851,0.07600007010046125,0.07505021549793894
support,102.0,84.0,74.0,74.0,70.0,104.0,73.0,68.0,61.0,42.0,0.08776595744680851,752.0,752.0
