,1,2,3,4,5,6,7,8,9,10,accuracy,macro avg,weighted avg
precision,0.4688995215311005,0.38738738738738737,0.26616915422885573,0.30526315789473685,0.35018050541516244,0.4166666666666667,0.25,0.2508710801393728,0.3155080213903743,0.34951456310679613,0.3319587628865979,0.3360460057760452,0.33504128564539176
recall,0.4083333333333333,0.34959349593495936,0.4349593495934959,0.1288888888888889,0.485,0.49019607843137253,0.24,0.2727272727272727,0.22433460076045628,0.3050847457627119,0.3319587628865979,0.3339117765432491,0.3319587628865979
f1-score,0.4365256124721604,0.3675213675213675,0.33024691358024694,0.18125,0.40670859538784065,0.45045045045045046,0.24489795918367346,0.26134301270417426,0.26222222222222225,0.3257918552036199,0.3319587628865979,0.32669579887257566,0.32555684350889386
support,240.0,246.0,246.0,225.0,200.0,255.0,250.0,264.0,263.0,236.0,0.3319587628865979,2425.0,2425.0
