,1,2,3,4,5,6,7,8,9,10,accuracy,macro avg,weighted avg
precision,0.046875,0.13636363636363635,0.12903225806451613,0.0975609756097561,0.10434782608695652,0.06666666666666667,0.1557377049180328,0.14864864864864866,0.11538461538461539,0.16901408450704225,0.11889035667107001,0.11696314162498708,0.11882761481220963
recall,0.05263157894736842,0.125,0.09523809523809523,0.04819277108433735,0.1935483870967742,0.075,0.2602739726027397,0.12643678160919541,0.07228915662650602,0.15789473684210525,0.11889035667107001,0.12065054800471216,0.11889035667107001
f1-score,0.049586776859504134,0.13043478260869565,0.1095890410958904,0.06451612903225806,0.13559322033898302,0.07058823529411765,0.19487179487179487,0.1366459627329193,0.0888888888888889,0.16326530612244897,0.11889035667107001,0.1143980137845501,0.11457290370090527
support,57.0,72.0,84.0,83.0,62.0,80.0,73.0,87.0,83.0,76.0,0.11889035667107001,757.0,757.0
