,1,2,3,4,5,6,7,8,9,10,accuracy,macro avg,weighted avg
precision,0.07894736842105263,0.13513513513513514,0.07272727272727272,0.15730337078651685,0.20168067226890757,0.07407407407407407,0.13636363636363635,0.11940298507462686,0.16216216216216217,0.2,0.13606340819022458,0.13377966770133842,0.13319312105177963
recall,0.15789473684210525,0.1388888888888889,0.047619047619047616,0.1686746987951807,0.3870967741935484,0.05,0.1232876712328767,0.09195402298850575,0.14457831325301204,0.11842105263157894,0.13606340819022458,0.14284152064447445,0.13606340819022458
f1-score,0.10526315789473684,0.136986301369863,0.05755395683453237,0.1627906976744186,0.26519337016574585,0.05970149253731344,0.12949640287769784,0.10389610389610389,0.15286624203821655,0.1487603305785124,0.13606340819022458,0.13225080558671407,0.12934367766861402
support,57.0,72.0,84.0,83.0,62.0,80.0,73.0,87.0,83.0,76.0,0.13606340819022458,757.0,757.0
