,1,2,3,4,5,6,7,8,9,10,accuracy,macro avg,weighted avg
precision,0.1346153846153846,0.16666666666666666,0.09090909090909091,0.08333333333333333,0.11560693641618497,0.28125,0.1875,0.13953488372093023,0.0945945945945946,0.037037037037037035,0.11835106382978723,0.1331047927293222,0.14424054799559927
recall,0.06862745098039216,0.2261904761904762,0.10810810810810811,0.04054054054054054,0.2857142857142857,0.08653846153846154,0.0821917808219178,0.08823529411764706,0.11475409836065574,0.09523809523809523,0.11835106382978723,0.119613859161058,0.11835106382978723
f1-score,0.09090909090909091,0.1919191919191919,0.09876543209876544,0.05454545454545455,0.1646090534979424,0.1323529411764706,0.11428571428571428,0.10810810810810811,0.10370370370370371,0.05333333333333334,0.11835106382978723,0.1112532023577775,0.1147425785278657
support,102.0,84.0,74.0,74.0,70.0,104.0,73.0,68.0,61.0,42.0,0.11835106382978723,752.0,752.0
