,1,2,3,4,5,6,7,8,9,10,accuracy,macro avg,weighted avg
precision,0.06557377049180328,0.09009009009009009,0.09803921568627451,0.13302752293577982,0.18421052631578946,0.0975609756097561,0.16666666666666666,0.15517241379310345,0.16279069767441862,0.13333333333333333,0.1277292576419214,0.12864652125970152,0.13089367238985425
recall,0.04938271604938271,0.1111111111111111,0.056818181818181816,0.4264705882352941,0.10294117647058823,0.16901408450704225,0.08653846153846154,0.1651376146788991,0.17647058823529413,0.01694915254237288,0.1277292576419214,0.13608336751866276,0.1277292576419214
f1-score,0.056338028169014086,0.09950248756218905,0.07194244604316548,0.2027972027972028,0.1320754716981132,0.12371134020618557,0.11392405063291139,0.16000000000000003,0.16935483870967744,0.03007518796992481,0.1277292576419214,0.1159721053788384,0.11396788830472918
support,81.0,90.0,88.0,68.0,68.0,71.0,104.0,109.0,119.0,118.0,0.1277292576419214,916.0,916.0
