,1,2,3,4,5,6,7,8,9,10,accuracy,macro avg,weighted avg
precision,0.03260869565217391,0.11578947368421053,0.17699115044247787,0.0821917808219178,0.023809523809523808,0.10144927536231885,0.08,0.15,0.06666666666666667,0.3333333333333333,0.10589519650655022,0.11628398997726228,0.12552972942213145
recall,0.037037037037037035,0.12222222222222222,0.45454545454545453,0.2647058823529412,0.014705882352941176,0.09859154929577464,0.07692307692307693,0.05504587155963303,0.01680672268907563,0.00847457627118644,0.10589519650655022,0.11490582752493425,0.10589519650655022
f1-score,0.03468208092485549,0.11891891891891893,0.25477707006369427,0.1254355400696864,0.018181818181818177,0.1,0.0784313725490196,0.08053691275167786,0.026845637583892617,0.01652892561983471,0.10589519650655022,0.0854338276663398,0.08174535383731228
support,81.0,90.0,88.0,68.0,68.0,71.0,104.0,109.0,119.0,118.0,0.10589519650655022,916.0,916.0
