,1,2,3,4,5,6,7,8,9,10,accuracy,macro avg,weighted avg
precision,0.1,0.1797752808988764,0.19402985074626866,0.16666666666666666,0.18478260869565216,0.10638297872340426,0.11224489795918367,0.14285714285714285,0.18181818181818182,0.20754716981132076,0.15059445178335534,0.15761047781766974,0.15882399476077025
recall,0.10526315789473684,0.2222222222222222,0.15476190476190477,0.10843373493975904,0.27419354838709675,0.1875,0.1506849315068493,0.11494252873563218,0.07228915662650602,0.14473684210526316,0.15059445178335534,0.15350280271799704,0.15059445178335534
f1-score,0.10256410256410256,0.19875776397515527,0.17218543046357615,0.13138686131386862,0.22077922077922077,0.13574660633484165,0.1286549707602339,0.1273885350318471,0.10344827586206895,0.17054263565891475,0.15059445178335534,0.14914544027438298,0.14807860147338514
support,57.0,72.0,84.0,83.0,62.0,80.0,73.0,87.0,83.0,76.0,0.15059445178335534,757.0,757.0
