,1,2,3,4,5,6,7,8,9,10,accuracy,macro avg,weighted avg
precision,0.16666666666666666,0.1111111111111111,0.14583333333333334,0.12903225806451613,0.10810810810810811,0.4375,0.13333333333333333,0.027777777777777776,0.04395604395604396,0.09195402298850575,0.10904255319148937,0.13952726553393963,0.15679064432632966
recall,0.049019607843137254,0.08333333333333333,0.1891891891891892,0.05405405405405406,0.2857142857142857,0.0673076923076923,0.0547945205479452,0.014705882352941176,0.06557377049180328,0.38095238095238093,0.10904255319148937,0.12446447167867625,0.10904255319148937
f1-score,0.07575757575757575,0.09523809523809525,0.1647058823529412,0.0761904761904762,0.1568627450980392,0.11666666666666667,0.07766990291262135,0.01923076923076923,0.05263157894736843,0.14814814814814814,0.10904255319148937,0.09831018405427015,0.09717775599469024
support,102.0,84.0,74.0,74.0,70.0,104.0,73.0,68.0,61.0,42.0,0.10904255319148937,752.0,752.0
