,1,2,3,4,5,6,7,8,9,10,accuracy,macro avg,weighted avg
precision,0.19444444444444445,0.11864406779661017,0.13157894736842105,0.13725490196078433,0.14583333333333334,0.3382352941176471,0.25,0.09375,0.1267605633802817,0.08411214953271028,0.15159574468085107,0.16206137019342323,0.17415963889195404
recall,0.06862745098039216,0.08333333333333333,0.2702702702702703,0.0945945945945946,0.2,0.22115384615384615,0.1643835616438356,0.08823529411764706,0.14754098360655737,0.21428571428571427,0.15159574468085107,0.15524250489861907,0.15159574468085107
f1-score,0.10144927536231885,0.09790209790209789,0.1769911504424779,0.112,0.16867469879518074,0.26744186046511625,0.19834710743801653,0.0909090909090909,0.13636363636363635,0.12080536912751677,0.15159574468085107,0.14708842868054522,0.15110544440670445
support,102.0,84.0,74.0,74.0,70.0,104.0,73.0,68.0,61.0,42.0,0.15159574468085107,752.0,752.0
