,1,2,3,4,5,6,7,8,9,10,accuracy,macro avg,weighted avg
precision,0.5822784810126582,0.38848920863309355,0.3795379537953795,0.2777777777777778,0.3645833333333333,0.42424242424242425,0.28699551569506726,0.30935251798561153,0.27884615384615385,0.36752136752136755,0.368659793814433,0.36596247338428667,0.36526578437834095
recall,0.575,0.21951219512195122,0.46747967479674796,0.17777777777777778,0.35,0.6039215686274509,0.256,0.32575757575757575,0.33079847908745247,0.3644067796610169,0.368659793814433,0.3670654050829973,0.368659793814433
f1-score,0.5786163522012578,0.2805194805194805,0.418943533697632,0.2168021680216802,0.3571428571428571,0.49838187702265374,0.2706131078224102,0.3173431734317343,0.30260869565217396,0.3659574468085107,0.368659793814433,0.360692869232039,0.36107883836900967
support,240.0,246.0,246.0,225.0,200.0,255.0,250.0,264.0,263.0,236.0,0.368659793814433,2425.0,2425.0
