,1,2,3,4,5,6,7,8,9,10,accuracy,macro avg,weighted avg
precision,0.1111111111111111,0.07317073170731707,0.07407407407407407,0.06896551724137931,0.5,0.05102040816326531,0.10457516339869281,0.21428571428571427,0.14285714285714285,0.0,0.08733624454148471,0.13400598628386967,0.12625431045282706
recall,0.13580246913580246,0.1,0.22727272727272727,0.11764705882352941,0.029411764705882353,0.07042253521126761,0.15384615384615385,0.05504587155963303,0.025210084033613446,0.0,0.08733624454148471,0.09146586645886094,0.08733624454148471
f1-score,0.12222222222222222,0.08450704225352113,0.11173184357541899,0.08695652173913043,0.05555555555555555,0.05917159763313609,0.1245136186770428,0.0875912408759124,0.04285714285714286,0.0,0.08733624454148471,0.07751067853890824,0.07513853965429255
support,81.0,90.0,88.0,68.0,68.0,71.0,104.0,109.0,119.0,118.0,0.08733624454148471,916.0,916.0
