,1,2,3,4,5,6,7,8,9,10,accuracy,macro avg,weighted avg
precision,0.7603686635944701,0.59,0.5030487804878049,0.7288135593220338,0.6009174311926605,0.6048387096774194,0.5886792452830188,0.6,0.5949367088607594,0.7025641025641025,0.614020618556701,0.6274167200982269,0.6258235799062545
recall,0.6875,0.4796747967479675,0.6707317073170732,0.38222222222222224,0.655,0.8823529411764706,0.624,0.625,0.5361216730038023,0.5805084745762712,0.614020618556701,0.6123111815043808,0.614020618556701
f1-score,0.7221006564551422,0.5291479820627804,0.5749128919860628,0.5014577259475219,0.6267942583732058,0.7177033492822966,0.6058252427184466,0.6122448979591836,0.5640000000000001,0.6357308584686775,0.614020618556701,0.6089917863253317,0.6093021744266033
support,240.0,246.0,246.0,225.0,200.0,255.0,250.0,264.0,263.0,236.0,0.614020618556701,2425.0,2425.0
