,1,2,3,4,5,6,7,8,9,10,accuracy,macro avg,weighted avg
precision,0.1125,0.16279069767441862,0.15476190476190477,0.075,0.13924050632911392,0.10784313725490197,0.09375,0.19736842105263158,0.1568627450980392,0.14285714285714285,0.13474240422721268,0.13429745550281527,0.13541657323277995
recall,0.15789473684210525,0.19444444444444445,0.15476190476190477,0.03614457831325301,0.1774193548387097,0.1375,0.1232876712328767,0.1724137931034483,0.0963855421686747,0.11842105263157894,0.13474240422721268,0.13686730783369958,0.13474240422721268
f1-score,0.13138686131386862,0.17721518987341772,0.15476190476190477,0.04878048780487805,0.15602836879432622,0.12087912087912088,0.10650887573964497,0.18404907975460125,0.11940298507462688,0.12949640287769784,0.13474240422721268,0.13285092768740872,0.1323395059930024
support,57.0,72.0,84.0,83.0,62.0,80.0,73.0,87.0,83.0,76.0,0.13474240422721268,757.0,757.0
