,1,2,3,4,5,6,7,8,9,10,accuracy,macro avg,weighted avg
precision,0.15853658536585366,0.13636363636363635,0.10526315789473684,0.125,0.1503267973856209,0.2972972972972973,0.08695652173913043,0.07692307692307693,0.038461538461538464,0.034782608695652174,0.11702127659574468,0.12099112201265431,0.13496298445622665
recall,0.12745098039215685,0.07142857142857142,0.13513513513513514,0.1891891891891892,0.32857142857142857,0.10576923076923077,0.0273972602739726,0.04411764705882353,0.03278688524590164,0.09523809523809523,0.11702127659574468,0.11570844233025049,0.11702127659574468
f1-score,0.14130434782608692,0.09374999999999999,0.1183431952662722,0.15053763440860216,0.2062780269058296,0.15602836879432624,0.041666666666666664,0.056074766355140186,0.035398230088495575,0.050955414012738856,0.11702127659574468,0.10503366503241585,0.11170985015288436
support,102.0,84.0,74.0,74.0,70.0,104.0,73.0,68.0,61.0,42.0,0.11702127659574468,752.0,752.0
