,1,2,3,4,5,6,7,8,9,10,accuracy,macro avg,weighted avg
precision,0.4743083003952569,0.29439252336448596,0.26688102893890675,0.271523178807947,0.33476394849785407,0.4260869565217391,0.2577777777777778,0.2611683848797251,0.29444444444444445,0.3153153153153153,0.325360824742268,0.3196661858943452,0.31911388295335824
recall,0.5,0.25609756097560976,0.33739837398373984,0.18222222222222223,0.39,0.5764705882352941,0.232,0.2878787878787879,0.20152091254752852,0.2966101694915254,0.325360824742268,0.3260198615334708,0.325360824742268
f1-score,0.486815415821501,0.2739130434782609,0.2980251346499102,0.2180851063829787,0.3602771362586605,0.48999999999999994,0.2442105263157895,0.27387387387387385,0.23927765237020315,0.3056768558951965,0.325360824742268,0.3190154745046374,0.31836377841273095
support,240.0,246.0,246.0,225.0,200.0,255.0,250.0,264.0,263.0,236.0,0.325360824742268,2425.0,2425.0
