,1,2,3,4,5,6,7,8,9,10,accuracy,macro avg,weighted avg
precision,0.045454545454545456,0.0,0.0,0.0,0.0,0.5,0.0,0.1,0.0,0.0,0.06,0.06454545454545454,0.06454545454545454
recall,0.2,0.0,0.0,0.0,0.0,0.2,0.0,0.2,0.0,0.0,0.06,0.06000000000000001,0.06
f1-score,0.07407407407407407,0.0,0.0,0.0,0.0,0.28571428571428575,0.0,0.13333333333333333,0.0,0.0,0.06,0.04931216931216932,0.049312169312169314
support,5.0,5.0,5.0,5.0,5.0,5.0,5.0,5.0,5.0,5.0,0.06,50.0,50.0
