,1,2,3,4,5,6,7,8,9,10,accuracy,macro avg,weighted avg
precision,0.0,0.0,0.0,0.14285714285714285,0.0,0.2,0.0,0.0,0.0,0.0,0.12,0.03428571428571429,0.03428571428571428
recall,0.0,0.0,0.0,0.8,0.0,0.4,0.0,0.0,0.0,0.0,0.12,0.12000000000000002,0.12
f1-score,0.0,0.0,0.0,0.24242424242424243,0.0,0.26666666666666666,0.0,0.0,0.0,0.0,0.12,0.050909090909090904,0.05090909090909091
support,5.0,5.0,5.0,5.0,5.0,5.0,5.0,5.0,5.0,5.0,0.12,50.0,50.0
