,1,2,3,4,5,6,7,8,9,10,accuracy,macro avg,weighted avg
precision,0.0,0.0,0.0,0.0,0.0,0.3333333333333333,0.0,0.09090909090909091,0.25,0.0,0.06,0.06742424242424241,0.06742424242424243
recall,0.0,0.0,0.0,0.0,0.0,0.2,0.0,0.2,0.2,0.0,0.06,0.06000000000000001,0.06
f1-score,0.0,0.0,0.0,0.0,0.0,0.25,0.0,0.12500000000000003,0.22222222222222224,0.0,0.06,0.05972222222222222,0.059722222222222225
support,5.0,5.0,5.0,5.0,5.0,5.0,5.0,5.0,5.0,5.0,0.06,50.0,50.0
