,1,2,3,4,5,6,7,8,9,10,accuracy,macro avg,weighted avg
precision,0.0,0.0,0.0,0.0,0.0,0.5,0.16666666666666666,0.16666666666666666,0.16666666666666666,0.0,0.12,0.09999999999999999,0.09999999999999998
recall,0.0,0.0,0.0,0.0,0.0,0.2,0.6,0.2,0.2,0.0,0.12,0.12,0.12
f1-score,0.0,0.0,0.0,0.0,0.0,0.28571428571428575,0.2608695652173913,0.1818181818181818,0.1818181818181818,0.0,0.12,0.09102202145680406,0.09102202145680406
support,5.0,5.0,5.0,5.0,5.0,5.0,5.0,5.0,5.0,5.0,0.12,50.0,50.0
