,1,2,3,4,5,6,7,8,9,10,accuracy,macro avg,weighted avg
precision,0.0,0.0,0.2,0.0,0.0,0.16666666666666666,0.0,0.0,0.0,0.0,0.04,0.03666666666666667,0.03666666666666667
recall,0.0,0.0,0.2,0.0,0.0,0.2,0.0,0.0,0.0,0.0,0.04,0.04,0.04
f1-score,0.0,0.0,0.20000000000000004,0.0,0.0,0.1818181818181818,0.0,0.0,0.0,0.0,0.04,0.038181818181818185,0.038181818181818185
support,5.0,5.0,5.0,5.0,5.0,5.0,5.0,5.0,5.0,5.0,0.04,50.0,50.0
