,1,2,3,4,5,6,7,8,9,10,accuracy,macro avg,weighted avg
precision,0.0,0.0,0.0,0.16,0.0,0.23076923076923078,0.0,0.0,0.0,0.0,0.14,0.03907692307692308,0.03907692307692308
recall,0.0,0.0,0.0,0.8,0.0,0.6,0.0,0.0,0.0,0.0,0.14,0.13999999999999999,0.14
f1-score,0.0,0.0,0.0,0.26666666666666666,0.0,0.33333333333333337,0.0,0.0,0.0,0.0,0.14,0.06000000000000001,0.06
support,5.0,5.0,5.0,5.0,5.0,5.0,5.0,5.0,5.0,5.0,0.14,50.0,50.0
