,1,2,3,4,5,6,7,8,9,10,accuracy,macro avg,weighted avg
precision,0.0,0.0,0.06666666666666667,0.0,0.06896551724137931,0.0,0.0,0.0,0.0,0.0,0.06,0.013563218390804599,0.013563218390804597
recall,0.0,0.0,0.2,0.0,0.4,0.0,0.0,0.0,0.0,0.0,0.06,0.06000000000000001,0.06
f1-score,0.0,0.0,0.1,0.0,0.1176470588235294,0.0,0.0,0.0,0.0,0.0,0.06,0.021764705882352943,0.02176470588235294
support,5.0,5.0,5.0,5.0,5.0,5.0,5.0,5.0,5.0,5.0,0.06,50.0,50.0
