Marker,Accuracy
right_shoulder,0.1356382978723404
right_elbow,0.12101063829787234
right_wrist,0.13297872340425532
left_shoulder,0.09707446808510638
left_elbow,0.09175531914893617
left_wrist,0.13430851063829788
all,0.14361702127659576
