Marker,Accuracy
right_shoulder,0.13474240422721268
right_elbow,0.13738441215323646
right_wrist,0.12681638044914134
left_shoulder,0.11756935270805813
left_elbow,0.11889035667107001
left_wrist,0.13606340819022458
all,0.15059445178335534
