Marker,Accuracy
right_shoulder,0.14192139737991266
right_elbow,0.1299126637554585
right_wrist,0.1146288209606987
left_shoulder,0.11026200873362445
left_elbow,0.12663755458515283
left_wrist,0.11026200873362445
all,0.15502183406113537
