,1,2,3,4,5,6,7,8,9,10,accuracy,macro avg,weighted avg
precision,0.0,0.0,0.0,0.0,1.0,0.25,0.0,0.09090909090909091,0.0,0.0,0.08,0.1340909090909091,0.1340909090909091
recall,0.0,0.0,0.0,0.0,0.2,0.4,0.0,0.2,0.0,0.0,0.08,0.08,0.08
f1-score,0.0,0.0,0.0,0.0,0.33333333333333337,0.3076923076923077,0.0,0.12500000000000003,0.0,0.0,0.08,0.07660256410256411,0.07660256410256411
support,5.0,5.0,5.0,5.0,5.0,5.0,5.0,5.0,5.0,5.0,0.08,50.0,50.0
