,1,2,3,4,5,6,7,8,9,10,accuracy,macro avg,weighted avg
precision,0.0,0.19047619047619047,0.0,0.0,0.0,0.0,0.0,0.1,0.0,0.0,0.1,0.029047619047619044,0.029047619047619048
recall,0.0,0.8,0.0,0.0,0.0,0.0,0.0,0.2,0.0,0.0,0.1,0.1,0.1
f1-score,0.0,0.3076923076923077,0.0,0.0,0.0,0.0,0.0,0.13333333333333333,0.0,0.0,0.1,0.0441025641025641,0.04410256410256411
support,5.0,5.0,5.0,5.0,5.0,5.0,5.0,5.0,5.0,5.0,0.1,50.0,50.0
