,1,2,3,4,5,6,7,8,9,10,accuracy,macro avg,weighted avg
precision,0.0,0.0,0.125,0.0,0.0,0.5,0.16666666666666666,0.16666666666666666,0.3333333333333333,1.0,0.18,0.22916666666666666,0.22916666666666663
recall,0.0,0.0,0.2,0.0,0.0,0.2,0.6,0.2,0.2,0.4,0.18,0.18,0.18
f1-score,0.0,0.0,0.15384615384615385,0.0,0.0,0.28571428571428575,0.2608695652173913,0.1818181818181818,0.25,0.5714285714285715,0.18,0.17036767580245843,0.17036767580245843
support,5.0,5.0,5.0,5.0,5.0,5.0,5.0,5.0,5.0,5.0,0.18,50.0,50.0
