,1,2,3,4,5,6,7,8,9,10,accuracy,macro avg,weighted avg
precision,0.05,0.0,0.0,0.0,0.0,0.0,0.0,0.3333333333333333,0.0,0.10526315789473684,0.08,0.04885964912280701,0.04885964912280701
recall,0.2,0.0,0.0,0.0,0.0,0.0,0.0,0.2,0.0,0.4,0.08,0.08,0.08
f1-score,0.08000000000000002,0.0,0.0,0.0,0.0,0.0,0.0,0.25,0.0,0.16666666666666666,0.08,0.04966666666666667,0.049666666666666665
support,5.0,5.0,5.0,5.0,5.0,5.0,5.0,5.0,5.0,5.0,0.08,50.0,50.0
