,1,2,3,4,5,6,7,8,9,10,accuracy,macro avg,weighted avg
precision,0.14285714285714285,0.0,0.0,0.11764705882352941,0.0,0.0,0.0,0.0,0.0,0.25,0.12,0.051050420168067226,0.051050420168067226
recall,0.2,0.0,0.0,0.8,0.0,0.0,0.0,0.0,0.0,0.2,0.12,0.12,0.12
f1-score,0.16666666666666666,0.0,0.0,0.20512820512820512,0.0,0.0,0.0,0.0,0.0,0.22222222222222224,0.12,0.0594017094017094,0.059401709401709406
support,5.0,5.0,5.0,5.0,5.0,5.0,5.0,5.0,5.0,5.0,0.12,50.0,50.0
