,mean_X,mean_Y,mean_Z,var_X,var_Y,var_Z
0,0.019309751176470585,0.0867249039117647,-0.2500296202058823,0.009762086553352383,0.03904424498098749,0.044398234492261365
1,-0.32407501036679554,-0.11942312106177617,-0.2369051973166022,0.46025453283055484,1.2802390261811663,1.247340940250066
2,0.13685324066666674,0.007961114416666673,-0.3197291019166666,0.021168588528315324,0.03248129163268721,0.061736591770141104
3,-0.42760763453257805,-0.06710898055240788,-0.44387558586402276,1.0588292789203302,0.2697455207291479,4.419757170946313
4,-0.20457906705533604,1.4295957068774676,-0.6965305499407115,0.3256828722364696,1.4652605897755642,1.086459474968077
5,0.17739117548387104,0.36461356451612903,0.23778149387096773,0.01909550214419941,0.11507148460223986,0.15310887910372387
6,-0.02005245736842105,0.07576832052631578,-0.025587083157894736,0.0027658832032426504,0.006815547345074258,0.030814760514670154
