,mean_X,mean_Y,mean_Z,var_X,var_Y,var_Z
0,-0.16021249625,0.007012500000000001,0.06487499875000001,0.01985675313459377,0.004744391093750001,0.00246029418843751
1,-0.20935374325000003,-0.11672374612500003,0.17097249599999992,0.09838607589678831,0.17381059474587182,0.05004726291483008
2,-0.09465237857142857,0.05889999904761905,0.021900000000000006,0.005611893352485289,0.0017845475217142946,0.0009340438095238096
3,-0.016334755243902425,0.11042011701219516,0.09963231439024392,1.2999397000885748,0.772193015915977,0.2351680742447439
4,-0.025712031729323303,0.04151842124060153,0.0070748125187969566,0.7868966661042989,0.3944432080734708,0.3883200916728169
5,-0.02591830838028166,0.13061408169014085,0.1449345016197182,0.639586469037199,0.15199670667880483,0.32250600929951206
6,-0.23684413882882885,-0.009239639279279285,0.01707477504504504,0.0841123365466288,0.04146595609962851,0.023117400986908877
