,1,2,3,4,5,6,7,8,9,10,accuracy,macro avg,weighted avg
precision,0.0,0.0,0.0,0.0,0.0,0.1111111111111111,0.5,0.0,0.0,0.10526315789473684,0.1,0.0716374269005848,0.07163742690058479
recall,0.0,0.0,0.0,0.0,0.0,0.4,0.2,0.0,0.0,0.4,0.1,0.1,0.1
f1-score,0.0,0.0,0.0,0.0,0.0,0.1739130434782609,0.28571428571428575,0.0,0.0,0.16666666666666666,0.1,0.06262939958592133,0.06262939958592133
support,5.0,5.0,5.0,5.0,5.0,5.0,5.0,5.0,5.0,5.0,0.1,50.0,50.0
