,1,2,3,4,5,6,7,8,9,10,accuracy,macro avg,weighted avg
precision,0.0,0.36363636363636365,0.0,0.23076923076923078,0.09090909090909091,0.0,0.0,0.0,0.0,0.2,0.18,0.08853146853146854,0.08853146853146854
recall,0.0,0.8,0.0,0.6,0.2,0.0,0.0,0.0,0.0,0.2,0.18,0.18,0.18
f1-score,0.0,0.5000000000000001,0.0,0.33333333333333337,0.12500000000000003,0.0,0.0,0.0,0.0,0.20000000000000004,0.18,0.11583333333333334,0.11583333333333336
support,5.0,5.0,5.0,5.0,5.0,5.0,5.0,5.0,5.0,5.0,0.18,50.0,50.0
