,1,2,3,4,5,6,7,8,9,10,accuracy,macro avg,weighted avg
precision,0.0,0.0,0.09090909090909091,0.0,0.0,1.0,0.16666666666666666,0.16666666666666666,0.16666666666666666,1.0,0.16,0.2590909090909091,0.25909090909090904
recall,0.0,0.0,0.2,0.0,0.0,0.2,0.6,0.2,0.2,0.2,0.16,0.15999999999999998,0.16
f1-score,0.0,0.0,0.12500000000000003,0.0,0.0,0.33333333333333337,0.2608695652173913,0.1818181818181818,0.1818181818181818,0.33333333333333337,0.16,0.14161725955204219,0.14161725955204216
support,5.0,5.0,5.0,5.0,5.0,5.0,5.0,5.0,5.0,5.0,0.16,50.0,50.0
