,1,2,3,4,5,6,7,8,9,10,accuracy,macro avg,weighted avg
precision,0.0,0.11764705882352941,0.0,0.0,0.0,0.0,0.0,0.1111111111111111,0.0,0.0,0.06,0.02287581699346405,0.02287581699346405
recall,0.0,0.4,0.0,0.0,0.0,0.0,0.0,0.2,0.0,0.0,0.06,0.06000000000000001,0.06
f1-score,0.0,0.1818181818181818,0.0,0.0,0.0,0.0,0.0,0.14285714285714285,0.0,0.0,0.06,0.032467532467532464,0.032467532467532464
support,5.0,5.0,5.0,5.0,5.0,5.0,5.0,5.0,5.0,5.0,0.06,50.0,50.0
