,1,2,3,4,5,6,7,8,9,10,accuracy,macro avg,weighted avg
precision,0.0,0.0,0.2,0.0,0.0,0.25,0.0,0.09090909090909091,0.0,0.0,0.08,0.0540909090909091,0.05409090909090909
recall,0.0,0.0,0.2,0.0,0.0,0.4,0.0,0.2,0.0,0.0,0.08,0.08,0.08
f1-score,0.0,0.0,0.20000000000000004,0.0,0.0,0.3076923076923077,0.0,0.12500000000000003,0.0,0.0,0.08,0.06326923076923077,0.06326923076923079
support,5.0,5.0,5.0,5.0,5.0,5.0,5.0,5.0,5.0,5.0,0.08,50.0,50.0
