,1,2,3,4,5,6,7,8,9,10,accuracy,macro avg,weighted avg
precision,0.3333333333333333,0.0,0.3333333333333333,0.0,0.2222222222222222,0.2857142857142857,0.0,0.0,0.0,0.2857142857142857,0.21568627450980393,0.146031746031746,0.14877061935885463
recall,0.2,0.0,0.4,0.0,0.8,0.3333333333333333,0.0,0.0,0.0,0.4,0.21568627450980393,0.21333333333333332,0.21568627450980393
f1-score,0.25,0.0,0.3636363636363636,0.0,0.3478260869565218,0.30769230769230765,0.0,0.0,0.0,0.3333333333333333,0.21568627450980393,0.16024880916185263,0.16313985815264587
support,5.0,5.0,5.0,5.0,5.0,6.0,5.0,5.0,5.0,5.0,0.21568627450980393,51.0,51.0
