,1,2,3,4,5,6,7,8,9,10,accuracy,macro avg,weighted avg
precision,0.18181818181818182,0.0,0.0,0.14285714285714285,0.0,0.0,0.0,0.0,0.25,0.0,0.08,0.057467532467532466,0.05746753246753247
recall,0.4,0.0,0.0,0.2,0.0,0.0,0.0,0.0,0.2,0.0,0.08,0.08,0.08
f1-score,0.25000000000000006,0.0,0.0,0.16666666666666666,0.0,0.0,0.0,0.0,0.22222222222222224,0.0,0.08,0.0638888888888889,0.0638888888888889
support,5.0,5.0,5.0,5.0,5.0,5.0,5.0,5.0,5.0,5.0,0.08,50.0,50.0
