,1,2,3,4,5,6,7,8,9,10,accuracy,macro avg,weighted avg
precision,0.2,0.0,0.18181818181818182,0.0,0.0,1.0,0.0,0.0,0.25,0.0,0.14285714285714285,0.16318181818181818,0.1461038961038961
recall,0.4,0.0,0.4,0.0,0.0,0.25,0.0,0.0,0.4,0.0,0.14285714285714285,0.14500000000000002,0.14285714285714285
f1-score,0.26666666666666666,0.0,0.25000000000000006,0.0,0.0,0.4,0.0,0.0,0.3076923076923077,0.0,0.14285714285714285,0.12243589743589745,0.11677132391418106
support,5.0,5.0,5.0,5.0,5.0,4.0,5.0,5.0,5.0,5.0,0.14285714285714285,49.0,49.0
