,1,2,3,4,5,6,7,8,9,10,accuracy,macro avg,weighted avg
precision,0.0,0.0,0.1,0.09090909090909091,0.0,0.6666666666666666,0.0,0.08333333333333333,0.5,0.25,0.16,0.1690909090909091,0.16909090909090907
recall,0.0,0.0,0.2,0.2,0.0,0.4,0.0,0.2,0.2,0.4,0.16,0.16,0.16
f1-score,0.0,0.0,0.13333333333333333,0.12500000000000003,0.0,0.5,0.0,0.11764705882352941,0.28571428571428575,0.3076923076923077,0.16,0.14693869855634561,0.14693869855634561
support,5.0,5.0,5.0,5.0,5.0,5.0,5.0,5.0,5.0,5.0,0.16,50.0,50.0
