,1,2,3,4,5,6,7,8,9,10,accuracy,macro avg,weighted avg
precision,0.0,0.0,0.125,0.0,0.25,0.25,0.0,0.25,0.5,0.2857142857142857,0.19607843137254902,0.16607142857142856,0.1677170868347339
recall,0.0,0.0,0.2,0.0,0.6,0.16666666666666666,0.0,0.2,0.4,0.4,0.19607843137254902,0.19666666666666663,0.19607843137254902
f1-score,0.0,0.0,0.15384615384615385,0.0,0.35294117647058826,0.2,0.0,0.22222222222222224,0.4444444444444445,0.3333333333333333,0.19607843137254902,0.1706787330316742,0.1712536598349747
support,5.0,5.0,5.0,5.0,5.0,6.0,5.0,5.0,5.0,5.0,0.19607843137254902,51.0,51.0
