,1,2,3,4,5,6,7,8,9,10,accuracy,macro avg,weighted avg
precision,0.3333333333333333,0.0,0.0,0.0,0.08333333333333333,0.21428571428571427,0.0,0.0,0.2,0.2,0.1568627450980392,0.10309523809523809,0.10527544351073762
recall,0.4,0.0,0.0,0.0,0.2,0.5,0.0,0.0,0.2,0.2,0.1568627450980392,0.15,0.1568627450980392
f1-score,0.3636363636363636,0.0,0.0,0.0,0.11764705882352941,0.3,0.0,0.0,0.20000000000000004,0.20000000000000004,0.1568627450980392,0.11812834224598931,0.12169445318234245
support,5.0,5.0,5.0,5.0,5.0,6.0,5.0,5.0,5.0,5.0,0.1568627450980392,51.0,51.0
