,1,2,3,4,5,6,7,8,9,10,accuracy,macro avg,weighted avg
precision,0.5,0.0,0.1111111111111111,0.13333333333333333,0.0,0.0,0.2222222222222222,0.0,0.5,0.16666666666666666,0.16326530612244897,0.16333333333333336,0.16666666666666669
recall,0.2,0.0,0.2,0.4,0.0,0.0,0.4,0.0,0.2,0.2,0.16326530612244897,0.16,0.16326530612244897
f1-score,0.28571428571428575,0.0,0.14285714285714285,0.2,0.0,0.0,0.2857142857142857,0.0,0.28571428571428575,0.1818181818181818,0.16326530612244897,0.13818181818181818,0.1410018552875696
support,5.0,5.0,5.0,5.0,5.0,4.0,5.0,5.0,5.0,5.0,0.16326530612244897,49.0,49.0
