,1,2,3,4,5,6,7,8,9,10,accuracy,macro avg,weighted avg
precision,0.14285714285714285,0.0,0.14285714285714285,0.18181818181818182,0.0,0.0,1.0,0.0,0.0,0.0,0.14,0.14675324675324675,0.14675324675324675
recall,0.2,0.0,0.4,0.4,0.0,0.0,0.4,0.0,0.0,0.0,0.14,0.13999999999999999,0.14
f1-score,0.16666666666666666,0.0,0.21052631578947364,0.25000000000000006,0.0,0.0,0.5714285714285715,0.0,0.0,0.0,0.14,0.11986215538847118,0.11986215538847117
support,5.0,5.0,5.0,5.0,5.0,5.0,5.0,5.0,5.0,5.0,0.14,50.0,50.0
