,1,2,3,4,5,6,7,8,9,10,accuracy,macro avg,weighted avg
precision,0.0,0.0,0.3333333333333333,0.14285714285714285,0.16666666666666666,0.0,0.0,0.3333333333333333,0.16666666666666666,0.36363636363636365,0.19607843137254902,0.15064935064935064,0.14769544181308886
recall,0.0,0.0,0.2,0.2,0.2,0.0,0.0,0.2,0.4,0.8,0.19607843137254902,0.2,0.19607843137254902
f1-score,0.0,0.0,0.25,0.16666666666666666,0.1818181818181818,0.0,0.0,0.25,0.23529411764705882,0.5000000000000001,0.19607843137254902,0.15837789661319074,0.15527244765999093
support,5.0,5.0,5.0,5.0,5.0,6.0,5.0,5.0,5.0,5.0,0.19607843137254902,51.0,51.0
