,1,2,3,4,5,6,7,8,9,10,accuracy,macro avg,weighted avg
precision,0.0,0.25,0.14285714285714285,0.2222222222222222,1.0,0.16666666666666666,0.5714285714285714,0.25,0.0,0.14285714285714285,0.2653061224489796,0.2746031746031746,0.27680596047942985
recall,0.0,0.2,0.2,0.4,0.2,0.25,0.8,0.4,0.0,0.2,0.2653061224489796,0.265,0.2653061224489796
f1-score,0.0,0.22222222222222224,0.16666666666666666,0.2857142857142857,0.33333333333333337,0.2,0.6666666666666666,0.3076923076923077,0.0,0.16666666666666666,0.2653061224489796,0.23489621489621487,0.23560838254715805
support,5.0,5.0,5.0,5.0,5.0,4.0,5.0,5.0,5.0,5.0,0.2653061224489796,49.0,49.0
