,1,2,3,4,5,6,7,8,9,10,accuracy,macro avg,weighted avg
precision,0.0,0.125,0.06666666666666667,0.42857142857142855,0.0,0.0,0.25,0.3333333333333333,0.0,0.0,0.14,0.12035714285714286,0.12035714285714284
recall,0.0,0.2,0.2,0.6,0.0,0.0,0.2,0.2,0.0,0.0,0.14,0.13999999999999999,0.14
f1-score,0.0,0.15384615384615385,0.1,0.5,0.0,0.0,0.22222222222222224,0.25,0.0,0.0,0.14,0.12260683760683762,0.12260683760683762
support,5.0,5.0,5.0,5.0,5.0,5.0,5.0,5.0,5.0,5.0,0.14,50.0,50.0
