,1,2,3,4,5,6,7,8,9,10,accuracy,macro avg,weighted avg
precision,0.21428571428571427,0.2,0.2222222222222222,0.0,0.0,0.0,0.0,0.125,0.0,0.3333333333333333,0.1568627450980392,0.10948412698412698,0.10733737939620291
recall,0.6,0.2,0.4,0.0,0.0,0.0,0.0,0.2,0.0,0.2,0.1568627450980392,0.16,0.1568627450980392
f1-score,0.3157894736842105,0.20000000000000004,0.2857142857142857,0.0,0.0,0.0,0.0,0.15384615384615385,0.0,0.25,0.1568627450980392,0.12053499132446502,0.11817156012202452
support,5.0,5.0,5.0,5.0,5.0,6.0,5.0,5.0,5.0,5.0,0.1568627450980392,51.0,51.0
