,1,2,3,4,5,6,7,8,9,10,accuracy,macro avg,weighted avg
precision,0.0,0.0,0.0,0.2222222222222222,0.0,0.2222222222222222,0.0,0.3333333333333333,0.0,0.5,0.18,0.12777777777777777,0.1277777777777778
recall,0.0,0.0,0.0,0.4,0.0,0.8,0.0,0.4,0.0,0.2,0.18,0.18,0.18
f1-score,0.0,0.0,0.0,0.2857142857142857,0.0,0.3478260869565218,0.0,0.3636363636363636,0.0,0.28571428571428575,0.18,0.12828910220214568,0.12828910220214568
support,5.0,5.0,5.0,5.0,5.0,5.0,5.0,5.0,5.0,5.0,0.18,50.0,50.0
