,1,2,3,4,5,6,7,8,9,10,accuracy,macro avg,weighted avg
precision,0.0,0.0,0.1,0.125,0.0,0.6666666666666666,0.4,0.3333333333333333,0.0,0.2857142857142857,0.2,0.19107142857142856,0.1910714285714286
recall,0.0,0.0,0.2,0.2,0.0,0.4,0.4,0.4,0.0,0.4,0.2,0.2,0.2
f1-score,0.0,0.0,0.13333333333333333,0.15384615384615385,0.0,0.5,0.4000000000000001,0.3636363636363636,0.0,0.3333333333333333,0.2,0.1884149184149184,0.18841491841491842
support,5.0,5.0,5.0,5.0,5.0,5.0,5.0,5.0,5.0,5.0,0.2,50.0,50.0
