,1,2,3,4,5,6,7,8,9,10,accuracy,macro avg,weighted avg
precision,0.14285714285714285,0.0,0.25,0.0,0.4166666666666667,0.5,0.14285714285714285,0.0,0.0,0.375,0.23529411764705882,0.18273809523809523,0.1889589169000934
recall,0.2,0.0,0.2,0.0,1.0,0.16666666666666666,0.2,0.0,0.0,0.6,0.23529411764705882,0.23666666666666666,0.23529411764705882
f1-score,0.16666666666666666,0.0,0.22222222222222224,0.0,0.5882352941176471,0.25,0.16666666666666666,0.0,0.0,0.4615384615384615,0.23529411764705882,0.1855329311211664,0.1867969912952612
support,5.0,5.0,5.0,5.0,5.0,6.0,5.0,5.0,5.0,5.0,0.23529411764705882,51.0,51.0
