,1,2,3,4,5,6,7,8,9,10,accuracy,macro avg,weighted avg
precision,0.2,0.0,0.14285714285714285,0.0,0.0,0.25,0.2,0.0,0.0,0.0,0.10204081632653061,0.07928571428571429,0.07580174927113703
recall,0.4,0.0,0.2,0.0,0.0,0.25,0.2,0.0,0.0,0.0,0.10204081632653061,0.10500000000000001,0.10204081632653061
f1-score,0.26666666666666666,0.0,0.16666666666666666,0.0,0.0,0.25,0.20000000000000004,0.0,0.0,0.0,0.10204081632653061,0.08833333333333335,0.08503401360544216
support,5.0,5.0,5.0,5.0,5.0,4.0,5.0,5.0,5.0,5.0,0.10204081632653061,49.0,49.0
