,1,2,3,4,5,6,7,8,9,10,accuracy,macro avg,weighted avg
precision,0.0,0.25,0.0,0.25,0.0,0.16666666666666666,0.0,0.0,0.0,0.18181818181818182,0.16326530612244897,0.08484848484848484,0.0831787260358689
recall,0.0,0.4,0.0,0.6,0.0,0.25,0.0,0.0,0.0,0.4,0.16326530612244897,0.16499999999999998,0.16326530612244897
f1-score,0.0,0.3076923076923077,0.0,0.35294117647058826,0.0,0.2,0.0,0.0,0.0,0.25000000000000006,0.16326530612244897,0.11106334841628959,0.10924831471049959
support,5.0,5.0,5.0,5.0,5.0,4.0,5.0,5.0,5.0,5.0,0.16326530612244897,49.0,49.0
