,1,2,3,4,5,6,7,8,9,10,accuracy,macro avg,weighted avg
precision,0.0,0.0,0.0,0.16666666666666666,0.25,0.0,0.14285714285714285,0.1111111111111111,0.0,0.0,0.10204081632653061,0.06706349206349206,0.06843213475866536
recall,0.0,0.0,0.0,0.4,0.2,0.0,0.2,0.2,0.0,0.0,0.10204081632653061,0.1,0.10204081632653061
f1-score,0.0,0.0,0.0,0.23529411764705882,0.22222222222222224,0.0,0.16666666666666666,0.14285714285714285,0.0,0.0,0.10204081632653061,0.07670401493930905,0.07826940299929495
support,5.0,5.0,5.0,5.0,5.0,4.0,5.0,5.0,5.0,5.0,0.10204081632653061,49.0,49.0
