,1,2,3,4,5,6,7,8,9,10,accuracy,macro avg,weighted avg
precision,0.0,0.0,0.4,0.0,0.5,0.6666666666666666,0.0,0.16666666666666666,0.1,0.16666666666666666,0.22,0.2,0.2
recall,0.0,0.0,0.4,0.0,0.4,0.4,0.0,0.2,0.2,0.6,0.22,0.21999999999999997,0.22
f1-score,0.0,0.0,0.4000000000000001,0.0,0.4444444444444445,0.5,0.0,0.1818181818181818,0.13333333333333333,0.2608695652173913,0.22,0.19204655248133512,0.1920465524813351
support,5.0,5.0,5.0,5.0,5.0,5.0,5.0,5.0,5.0,5.0,0.22,50.0,50.0
