,1,2,3,4,5,6,7,8,9,10,accuracy,macro avg,weighted avg
precision,0.3333333333333333,0.14285714285714285,0.0,0.2,0.0,0.16666666666666666,0.5,1.0,0.0,0.2,0.20408163265306123,0.25428571428571434,0.2560738581146744
recall,0.2,0.2,0.0,0.4,0.0,0.25,0.6,0.2,0.0,0.2,0.20408163265306123,0.20500000000000002,0.20408163265306123
f1-score,0.25,0.16666666666666666,0.0,0.26666666666666666,0.0,0.2,0.5454545454545454,0.33333333333333337,0.0,0.20000000000000004,0.20408163265306123,0.19621212121212123,0.19613481756338896
support,5.0,5.0,5.0,5.0,5.0,4.0,5.0,5.0,5.0,5.0,0.20408163265306123,49.0,49.0
