,1,2,3,4,5,6,7,8,9,10,accuracy,macro avg,weighted avg
precision,0.1,0.2857142857142857,0.5,1.0,0.4,0.6666666666666666,0.0,0.5,0.25,0.7142857142857143,0.39215686274509803,0.4416666666666667,0.4460784313725491
recall,0.2,0.4,0.4,0.2,0.8,0.3333333333333333,0.0,0.4,0.2,1.0,0.39215686274509803,0.39333333333333337,0.39215686274509803
f1-score,0.13333333333333333,0.3333333333333333,0.4444444444444445,0.33333333333333337,0.5333333333333333,0.4444444444444444,0.0,0.4444444444444445,0.22222222222222224,0.8333333333333333,0.39215686274509803,0.37222222222222223,0.37363834422657954
support,5.0,5.0,5.0,5.0,5.0,6.0,5.0,5.0,5.0,5.0,0.39215686274509803,51.0,51.0
