,1,2,3,4,5,6,7,8,9,10,accuracy,macro avg,weighted avg
precision,0.5,0.16666666666666666,0.36363636363636365,0.0,0.0,0.0,0.75,0.0,0.5,0.2222222222222222,0.3,0.2502525252525253,0.2502525252525253
recall,0.8,0.2,0.8,0.0,0.0,0.0,0.6,0.0,0.2,0.4,0.3,0.3,0.3
f1-score,0.6153846153846154,0.1818181818181818,0.5000000000000001,0.0,0.0,0.0,0.6666666666666665,0.0,0.28571428571428575,0.2857142857142857,0.3,0.25352980352980353,0.25352980352980353
support,5.0,5.0,5.0,5.0,5.0,5.0,5.0,5.0,5.0,5.0,0.3,50.0,50.0
