,1,2,3,4,5,6,7,8,9,10,accuracy,macro avg,weighted avg
precision,0.4444444444444444,0.5,0.5,0.6666666666666666,0.6666666666666666,1.0,0.5,0.5,0.5,0.625,0.5686274509803921,0.5902777777777777,0.5983115468409586
recall,0.8,0.2,0.6,0.4,0.8,0.5,0.2,0.4,0.8,1.0,0.5686274509803921,0.5700000000000001,0.5686274509803921
f1-score,0.5714285714285714,0.28571428571428575,0.5454545454545454,0.5,0.7272727272727272,0.6666666666666666,0.28571428571428575,0.4444444444444445,0.6153846153846154,0.7692307692307693,0.5686274509803921,0.541131091131091,0.5435925730043376
support,5.0,5.0,5.0,5.0,5.0,6.0,5.0,5.0,5.0,5.0,0.5686274509803921,51.0,51.0
