,1,2,3,4,5,6,7,8,9,10,accuracy,macro avg,weighted avg
precision,0.42857142857142855,0.0,0.2,0.0,1.0,0.75,0.0,0.25,0.4,0.42857142857142855,0.3469387755102041,0.3457142857142857,0.3374635568513119
recall,0.6,0.0,0.6,0.0,0.4,0.75,0.0,0.2,0.4,0.6,0.3469387755102041,0.355,0.3469387755102041
f1-score,0.5,0.0,0.3,0.0,0.5714285714285715,0.75,0.0,0.22222222222222224,0.4000000000000001,0.5,0.3469387755102041,0.3243650793650794,0.3156786524133463
support,5.0,5.0,5.0,5.0,5.0,4.0,5.0,5.0,5.0,5.0,0.3469387755102041,49.0,49.0
