,1,2,3,4,5,6,7,8,9,10,accuracy,macro avg,weighted avg
precision,0.4,1.0,0.2727272727272727,0.0,0.25,0.5,0.625,0.8,0.4,0.5,0.46938775510204084,0.4747727272727273,0.4742578849721707
recall,0.4,0.4,0.6,0.0,0.2,0.25,1.0,0.8,0.4,0.6,0.46938775510204084,0.46499999999999997,0.46938775510204084
f1-score,0.4000000000000001,0.5714285714285715,0.37499999999999994,0.0,0.22222222222222224,0.3333333333333333,0.7692307692307693,0.8000000000000002,0.4000000000000001,0.5454545454545454,0.46938775510204084,0.4416669441669442,0.44387783418395665
support,5.0,5.0,5.0,5.0,5.0,4.0,5.0,5.0,5.0,5.0,0.46938775510204084,49.0,49.0
