,1,2,3,4,5,6,7,8,9,10,accuracy,macro avg,weighted avg
precision,0.21739130434782608,0.1,0.25,0.3333333333333333,0.0,0.0,0.0,0.3333333333333333,0.0,1.0,0.20408163265306123,0.22340579710144928,0.2279650990831115
recall,1.0,0.2,0.2,0.2,0.0,0.0,0.0,0.2,0.0,0.2,0.20408163265306123,0.2,0.20408163265306123
f1-score,0.3571428571428571,0.13333333333333333,0.22222222222222224,0.25,0.0,0.0,0.0,0.25,0.0,0.33333333333333337,0.20408163265306123,0.15460317460317458,0.15775834143181083
support,5.0,5.0,5.0,5.0,5.0,4.0,5.0,5.0,5.0,5.0,0.20408163265306123,49.0,49.0
