,1,2,3,4,5,6,7,8,9,10,accuracy,macro avg,weighted avg
precision,0.0,0.0,0.0,0.3333333333333333,0.5,0.0,0.0,0.1,0.75,0.2222222222222222,0.2,0.19055555555555553,0.19055555555555553
recall,0.0,0.0,0.0,0.2,0.2,0.0,0.0,0.2,0.6,0.8,0.2,0.2,0.2
f1-score,0.0,0.0,0.0,0.25,0.28571428571428575,0.0,0.0,0.13333333333333333,0.6666666666666665,0.3478260869565218,0.2,0.16835403726708073,0.16835403726708073
support,5.0,5.0,5.0,5.0,5.0,5.0,5.0,5.0,5.0,5.0,0.2,50.0,50.0
