,1,2,3,4,5,6,7,8,9,10,accuracy,macro avg,weighted avg
precision,0.5,0.25,0.5,0.2,0.3333333333333333,0.2,0.4,0.14285714285714285,0.0,0.6666666666666666,0.34,0.3192857142857143,0.3192857142857143
recall,0.8,0.2,0.8,0.2,0.2,0.2,0.4,0.2,0.0,0.4,0.34,0.33999999999999997,0.34
f1-score,0.6153846153846154,0.22222222222222224,0.6153846153846154,0.20000000000000004,0.25,0.20000000000000004,0.4000000000000001,0.16666666666666666,0.0,0.5,0.34,0.31696581196581197,0.31696581196581197
support,5.0,5.0,5.0,5.0,5.0,5.0,5.0,5.0,5.0,5.0,0.34,50.0,50.0
