,1,2,3,4,5,6,7,8,9,10,accuracy,macro avg,weighted avg
precision,0.3,1.0,0.4,0.0,0.09090909090909091,0.3333333333333333,0.6,0.0,0.16666666666666666,0.2857142857142857,0.30612244897959184,0.31766233766233765,0.3173425214241541
recall,0.6,0.4,0.4,0.0,0.2,0.25,0.6,0.0,0.2,0.4,0.30612244897959184,0.30500000000000005,0.30612244897959184
f1-score,0.4,0.5714285714285715,0.4000000000000001,0.0,0.12500000000000003,0.28571428571428575,0.6,0.0,0.1818181818181818,0.3333333333333333,0.30612244897959184,0.2897294372294372,0.28981137909709337
support,5.0,5.0,5.0,5.0,5.0,4.0,5.0,5.0,5.0,5.0,0.30612244897959184,49.0,49.0
