,1,2,3,4,5,6,7,8,9,10,accuracy,macro avg,weighted avg
precision,0.0,0.0,0.13333333333333333,0.0,0.0,0.0,0.16666666666666666,0.3333333333333333,0.125,0.21428571428571427,0.18,0.09726190476190476,0.09726190476190476
recall,0.0,0.0,0.4,0.0,0.0,0.0,0.2,0.4,0.2,0.6,0.18,0.18,0.18
f1-score,0.0,0.0,0.2,0.0,0.0,0.0,0.1818181818181818,0.3636363636363636,0.15384615384615385,0.3157894736842105,0.18,0.12150901729849098,0.12150901729849096
support,5.0,5.0,5.0,5.0,5.0,5.0,5.0,5.0,5.0,5.0,0.18,50.0,50.0
