,1,2,3,4,5,6,7,8,9,10,accuracy,macro avg,weighted avg
precision,0.3333333333333333,0.14285714285714285,0.2222222222222222,0.0,0.0,0.25,0.5,0.3333333333333333,0.0,0.5,0.21568627450980393,0.22817460317460317,0.2286025521319639
recall,0.8,0.2,0.4,0.0,0.0,0.16666666666666666,0.2,0.2,0.0,0.2,0.21568627450980393,0.21666666666666665,0.21568627450980393
f1-score,0.47058823529411764,0.16666666666666666,0.2857142857142857,0.0,0.0,0.2,0.28571428571428575,0.25,0.0,0.28571428571428575,0.21568627450980393,0.19443977591036415,0.19454879991212173
support,5.0,5.0,5.0,5.0,5.0,6.0,5.0,5.0,5.0,5.0,0.21568627450980393,51.0,51.0
