,1,2,3,4,5,6,7,8,9,10,accuracy,macro avg,weighted avg
precision,0.8333333333333334,0.2,0.4,0.0,0.0,1.0,0.5,0.18181818181818182,0.5,0.3,0.38,0.3915151515151515,0.39151515151515154
recall,1.0,0.2,0.8,0.0,0.0,0.2,0.4,0.4,0.2,0.6,0.38,0.38,0.38
f1-score,0.9090909090909091,0.20000000000000004,0.5333333333333333,0.0,0.0,0.33333333333333337,0.4444444444444445,0.25000000000000006,0.28571428571428575,0.4,0.38,0.33559163059163055,0.33559163059163055
support,5.0,5.0,5.0,5.0,5.0,5.0,5.0,5.0,5.0,5.0,0.38,50.0,50.0
