,1,2,3,4,5,6,7,8,9,10,accuracy,macro avg,weighted avg
precision,0.5,0.25,0.14285714285714285,0.2,1.0,0.75,0.6,0.2222222222222222,0.4,0.3333333333333333,0.36,0.4398412698412698,0.43984126984126987
recall,0.4,0.2,0.2,0.2,0.2,0.6,0.6,0.4,0.4,0.4,0.36,0.36,0.36
f1-score,0.4444444444444445,0.22222222222222224,0.16666666666666666,0.20000000000000004,0.33333333333333337,0.6666666666666665,0.6,0.2857142857142857,0.4000000000000001,0.3636363636363636,0.36,0.3682683982683983,0.36826839826839824
support,5.0,5.0,5.0,5.0,5.0,5.0,5.0,5.0,5.0,5.0,0.36,50.0,50.0
