,1,2,3,4,5,6,7,8,9,10,accuracy,macro avg,weighted avg
precision,0.09615384615384616,0.10638297872340426,0.1702127659574468,0.15584415584415584,0.08737864077669903,0.16071428571428573,0.0641025641025641,0.12121212121212122,0.15384615384615385,0.09523809523809523,0.12285336856010567,0.12110856075687723,0.1240160730408332
recall,0.08771929824561403,0.1388888888888889,0.19047619047619047,0.14457831325301204,0.14516129032258066,0.225,0.0684931506849315,0.09195402298850575,0.07228915662650602,0.05263157894736842,0.12285336856010567,0.1217191890433598,0.12285336856010567
f1-score,0.09174311926605505,0.12048192771084339,0.17977528089887637,0.15000000000000002,0.10909090909090911,0.1875,0.0662251655629139,0.10457516339869281,0.09836065573770492,0.06779661016949153,0.12285336856010567,0.1175548831835487,0.11950828223695865
support,57.0,72.0,84.0,83.0,62.0,80.0,73.0,87.0,83.0,76.0,0.12285336856010567,757.0,757.0
