,1,2,3,4,5,6,7,8,9,10,accuracy,macro avg,weighted avg
precision,0.05,0.14432989690721648,0.11842105263157894,0.09090909090909091,0.15217391304347827,0.2727272727272727,0.15,0.10227272727272728,0.06857142857142857,0.040268456375838924,0.09548387096774194,0.11896738384386318,0.12642483685262512
recall,0.02702702702702703,0.14285714285714285,0.12162162162162163,0.02702702702702703,0.1,0.057692307692307696,0.0821917808219178,0.1323529411764706,0.19672131147540983,0.14285714285714285,0.09548387096774194,0.10303483025560674,0.09548387096774194
f1-score,0.03508771929824561,0.14358974358974358,0.11999999999999998,0.04166666666666667,0.12068965517241381,0.09523809523809523,0.10619469026548672,0.11538461538461539,0.1016949152542373,0.06282722513089005,0.09548387096774194,0.09423733260003943,0.09383664817497364
support,111.0,98.0,74.0,74.0,70.0,104.0,73.0,68.0,61.0,42.0,0.09548387096774194,775.0,775.0
