,1,2,3,4,5,6,7,8,9,10,accuracy,macro avg,weighted avg
precision,0.11764705882352941,0.07407407407407407,0.15178571428571427,0.1346153846153846,0.047058823529411764,0.10714285714285714,0.13157894736842105,0.11267605633802817,0.17777777777777778,0.07352941176470588,0.12117903930131005,0.11278861057199041,0.11496958199831454
recall,0.07407407407407407,0.044444444444444446,0.19318181818181818,0.20588235294117646,0.058823529411764705,0.1267605633802817,0.19230769230769232,0.07339449541284404,0.20168067226890757,0.0423728813559322,0.12117903930131005,0.12129225237789357,0.12117903930131005
f1-score,0.0909090909090909,0.05555555555555555,0.17,0.1627906976744186,0.05228758169934641,0.11612903225806451,0.15625,0.08888888888888889,0.18897637795275593,0.053763440860215055,0.12117903930131005,0.11355506657983358,0.11459092198487685
support,81.0,90.0,88.0,68.0,68.0,71.0,104.0,109.0,119.0,118.0,0.12117903930131005,916.0,916.0
