,1,2,3,4,5,6,7,8,9,10,accuracy,macro avg,weighted avg
precision,0.11940298507462686,0.15151515151515152,0.08547008547008547,0.16666666666666666,0.07317073170731707,0.2247191011235955,0.10638297872340426,0.10344827586206896,0.015151515151515152,0.05555555555555555,0.11483870967741935,0.1101483046849987,0.12040140587001183
recall,0.07207207207207207,0.15306122448979592,0.13513513513513514,0.16216216216216217,0.04285714285714286,0.19230769230769232,0.136986301369863,0.08823529411764706,0.01639344262295082,0.09523809523809523,0.11483870967741935,0.10944485623725568,0.11483870967741935
f1-score,0.0898876404494382,0.15228426395939085,0.10471204188481675,0.16438356164383564,0.05405405405405406,0.2072538860103627,0.11976047904191617,0.09523809523809523,0.01574803149606299,0.07017543859649122,0.11483870967741935,0.10734974923744638,0.11519916430510006
support,111.0,98.0,74.0,74.0,70.0,104.0,73.0,68.0,61.0,42.0,0.11483870967741935,775.0,775.0
