,1,2,3,4,5,6,7,8,9,10,accuracy,macro avg,weighted avg
precision,0.05714285714285714,0.14678899082568808,0.07142857142857142,0.15,0.10344827586206896,0.2545454545454545,0.1,0.08737864077669903,0.046511627906976744,0.037037037037037035,0.09806451612903226,0.10542814555253528,0.11414517618484854
recall,0.036036036036036036,0.16326530612244897,0.05405405405405406,0.08108108108108109,0.08571428571428572,0.1346153846153846,0.1232876712328767,0.1323529411764706,0.06557377049180328,0.09523809523809523,0.09806451612903226,0.09712186257625363,0.09806451612903226
f1-score,0.04419889502762431,0.15458937198067632,0.06153846153846154,0.10526315789473685,0.09375,0.1761006289308176,0.11042944785276074,0.10526315789473685,0.05442176870748299,0.05333333333333334,0.09806451612903226,0.09588882231606305,0.10071624951004436
support,111.0,98.0,74.0,74.0,70.0,104.0,73.0,68.0,61.0,42.0,0.09806451612903226,775.0,775.0
