,1,2,3,4,5,6,7,8,9,10,accuracy,macro avg,weighted avg
precision,0.04225352112676056,0.16129032258064516,0.10869565217391304,0.203125,0.1125,0.2236842105263158,0.1588785046728972,0.13953488372093023,0.10526315789473684,0.05454545454545454,0.1334214002642008,0.13097707072416534,0.1340830421800606
recall,0.05263157894736842,0.20833333333333334,0.11904761904761904,0.1566265060240964,0.14516129032258066,0.2125,0.2328767123287671,0.06896551724137931,0.0963855421686747,0.039473684210526314,0.1334214002642008,0.13320017836243453,0.1334214002642008
f1-score,0.046875,0.1818181818181818,0.11363636363636362,0.17687074829931973,0.1267605633802817,0.21794871794871795,0.1888888888888889,0.09230769230769231,0.10062893081761007,0.045801526717557245,0.1334214002642008,0.12915366138146134,0.13069529526913629
support,57.0,72.0,84.0,83.0,62.0,80.0,73.0,87.0,83.0,76.0,0.1334214002642008,757.0,757.0
