,1,2,3,4,5,6,7,8,9,10,accuracy,macro avg,weighted avg
precision,0.09090909090909091,0.10526315789473684,0.14084507042253522,0.09701492537313433,0.07692307692307693,0.03571428571428571,0.18478260869565216,0.13559322033898305,0.1523809523809524,0.14545454545454545,0.12117903930131005,0.11648809341069932,0.12324149261077413
recall,0.04938271604938271,0.1111111111111111,0.11363636363636363,0.19117647058823528,0.10294117647058823,0.028169014084507043,0.16346153846153846,0.14678899082568808,0.13445378151260504,0.13559322033898305,0.12117903930131005,0.11767143830790028,0.12117903930131005
f1-score,0.06399999999999999,0.10810810810810811,0.12578616352201258,0.12871287128712872,0.0880503144654088,0.03149606299212598,0.173469387755102,0.14096916299559473,0.14285714285714288,0.14035087719298245,0.12117903930131005,0.1143800091175606,0.12000751945971912
support,81.0,90.0,88.0,68.0,68.0,71.0,104.0,109.0,119.0,118.0,0.12117903930131005,916.0,916.0
