,1,2,3,4,5,6,7,8,9,10,accuracy,macro avg,weighted avg
precision,0.07272727272727272,0.12857142857142856,0.17777777777777778,0.1568627450980392,0.1,0.0625,0.18292682926829268,0.15037593984962405,0.1,0.1076923076923077,0.13210039630118892,0.1239434300984743,0.12612486032653372
recall,0.07017543859649122,0.125,0.19047619047619047,0.0963855421686747,0.04838709677419355,0.0125,0.2054794520547945,0.22988505747126436,0.12048192771084337,0.18421052631578946,0.13210039630118892,0.12829812315682415,0.13210039630118892
f1-score,0.07142857142857142,0.1267605633802817,0.1839080459770115,0.11940298507462688,0.06521739130434784,0.020833333333333336,0.19354838709677416,0.18181818181818182,0.1092896174863388,0.1359223300970874,0.13210039630118892,0.12081294069965547,0.12366632377886284
support,57.0,72.0,84.0,83.0,62.0,80.0,73.0,87.0,83.0,76.0,0.13210039630118892,757.0,757.0
