,1,2,3,4,5,6,7,8,9,10,accuracy,macro avg,weighted avg
precision,0.05517241379310345,0.09900990099009901,0.10112359550561797,0.06172839506172839,0.07042253521126761,0.06870229007633588,0.14473684210526316,0.11764705882352941,0.1188118811881188,0.07547169811320754,0.08842794759825327,0.09128266108682713,0.09504726429507089
recall,0.09876543209876543,0.1111111111111111,0.10227272727272728,0.07352941176470588,0.07352941176470588,0.1267605633802817,0.10576923076923077,0.07339449541284404,0.10084033613445378,0.03389830508474576,0.08842794759825327,0.08998710247935718,0.08842794759825327
f1-score,0.07079646017699115,0.10471204188481677,0.1016949152542373,0.06711409395973154,0.07194244604316546,0.08910891089108912,0.12222222222222222,0.0903954802259887,0.1090909090909091,0.04678362573099414,0.08842794759825327,0.08738611054801455,0.08838082036422092
support,81.0,90.0,88.0,68.0,68.0,71.0,104.0,109.0,119.0,118.0,0.08842794759825327,916.0,916.0
