,1,2,3,4,5,6,7,8,9,10,accuracy,macro avg,weighted avg
precision,0.1,0.16666666666666666,0.1111111111111111,0.07692307692307693,0.16071428571428573,0.13559322033898305,0.13592233009708737,0.1095890410958904,0.10869565217391304,0.13664596273291926,0.12681638044914134,0.12418613468539337,0.12297635538958991
recall,0.12280701754385964,0.125,0.08333333333333333,0.024096385542168676,0.14516129032258066,0.1,0.1917808219178082,0.09195402298850575,0.12048192771084337,0.2894736842105263,0.12681638044914134,0.1294088483569626,0.12681638044914134
f1-score,0.11023622047244094,0.14285714285714288,0.09523809523809525,0.03669724770642202,0.15254237288135594,0.11510791366906475,0.1590909090909091,0.1,0.11428571428571428,0.18565400843881855,0.12681638044914134,0.12117096246399636,0.11914183079940098
support,57.0,72.0,84.0,83.0,62.0,80.0,73.0,87.0,83.0,76.0,0.12681638044914134,757.0,757.0
