,1,2,3,4,5,6,7,8,9,10,accuracy,macro avg,weighted avg
precision,0.06422018348623854,0.09420289855072464,0.10465116279069768,0.06493506493506493,0.08860759493670886,0.13513513513513514,0.13157894736842105,0.12121212121212122,0.14285714285714285,0.20833333333333334,0.10480349344978165,0.1155733584605588,0.1216206971563073
recall,0.08641975308641975,0.14444444444444443,0.10227272727272728,0.14705882352941177,0.10294117647058823,0.2112676056338028,0.09615384615384616,0.07339449541284404,0.058823529411764705,0.0847457627118644,0.10480349344978165,0.11075221641277136,0.10480349344978165
f1-score,0.07368421052631578,0.11403508771929824,0.10344827586206898,0.09009009009009009,0.09523809523809525,0.16483516483516486,0.1111111111111111,0.09142857142857143,0.08333333333333333,0.12048192771084336,0.10480349344978165,0.10476858678548924,0.10403432806403912
support,81.0,90.0,88.0,68.0,68.0,71.0,104.0,109.0,119.0,118.0,0.10480349344978165,916.0,916.0
