,1,2,3,4,5,6,7,8,9,10,accuracy,macro avg,weighted avg
precision,0.06,0.12380952380952381,0.07936507936507936,0.21052631578947367,0.0967741935483871,0.12658227848101267,0.10576923076923077,0.15492957746478872,0.08181818181818182,0.03225806451612903,0.09935483870967741,0.1071832445561807,0.10940149677358535
recall,0.02702702702702703,0.1326530612244898,0.06756756756756757,0.10810810810810811,0.04285714285714286,0.09615384615384616,0.1506849315068493,0.16176470588235295,0.14754098360655737,0.09523809523809523,0.09935483870967741,0.10295954691720363,0.09935483870967741
f1-score,0.037267080745341616,0.12807881773399013,0.07299270072992702,0.14285714285714288,0.0594059405940594,0.10928961748633882,0.12429378531073446,0.15827338129496402,0.10526315789473684,0.048192771084337345,0.09935483870967741,0.09859143957315726,0.09866707078597782
support,111.0,98.0,74.0,74.0,70.0,104.0,73.0,68.0,61.0,42.0,0.09935483870967741,775.0,775.0
