,1,2,3,4,5,6,7,8,9,10,accuracy,macro avg,weighted avg
precision,0.05405405405405406,0.1125,0.07575757575757576,0.14285714285714285,0.1509433962264151,0.14634146341463414,0.07246376811594203,0.128,0.14705882352941177,0.128,0.11492734478203434,0.11579762239551754,0.11734135451317529
recall,0.07017543859649122,0.125,0.05952380952380952,0.0963855421686747,0.12903225806451613,0.075,0.0684931506849315,0.1839080459770115,0.12048192771084337,0.21052631578947367,0.11492734478203434,0.11385264885157516,0.11492734478203434
f1-score,0.061068702290076333,0.11842105263157895,0.06666666666666667,0.11510791366906475,0.13913043478260873,0.09917355371900827,0.07042253521126762,0.1509433962264151,0.13245033112582782,0.15920398009950248,0.11492734478203434,0.11125885664220167,0.11240021191771382
support,57.0,72.0,84.0,83.0,62.0,80.0,73.0,87.0,83.0,76.0,0.11492734478203434,757.0,757.0
