,1,2,3,4,5,6,7,8,9,10,accuracy,macro avg,weighted avg
precision,0.21686746987951808,0.07142857142857142,0.1038961038961039,0.078125,0.1111111111111111,0.10526315789473684,0.11650485436893204,0.1,0.06896551724137931,0.08045977011494253,0.10451612903225807,0.10526215559352951,0.11117168814097081
recall,0.16216216216216217,0.061224489795918366,0.10810810810810811,0.06756756756756757,0.08571428571428572,0.057692307692307696,0.1643835616438356,0.07352941176470588,0.13114754098360656,0.16666666666666666,0.10451612903225807,0.10781961020991644,0.10451612903225807
f1-score,0.18556701030927836,0.06593406593406594,0.10596026490066225,0.07246376811594203,0.0967741935483871,0.07453416149068323,0.13636363636363635,0.08474576271186442,0.09039548022598871,0.10852713178294573,0.10451612903225807,0.10212654753834541,0.10397177101953095
support,111.0,98.0,74.0,74.0,70.0,104.0,73.0,68.0,61.0,42.0,0.10451612903225807,775.0,775.0
