,1,2,3,4,5,6,7,8,9,10,accuracy,macro avg,weighted avg
precision,0.05405405405405406,0.10666666666666667,0.12121212121212122,0.21978021978021978,0.04424778761061947,0.2236842105263158,0.08928571428571429,0.10843373493975904,0.18181818181818182,0.1836734693877551,0.12945838837516513,0.13328561602814074,0.1384735033363485
recall,0.03508771929824561,0.1111111111111111,0.09523809523809523,0.24096385542168675,0.08064516129032258,0.2125,0.136986301369863,0.10344827586206896,0.12048192771084337,0.11842105263157894,0.12945838837516513,0.12548834999338154,0.12945838837516513
f1-score,0.0425531914893617,0.10884353741496597,0.10666666666666667,0.22988505747126436,0.05714285714285714,0.21794871794871795,0.1081081081081081,0.10588235294117647,0.14492753623188406,0.144,0.12945838837516513,0.12659580254150024,0.13125247432319856
support,57.0,72.0,84.0,83.0,62.0,80.0,73.0,87.0,83.0,76.0,0.12945838837516513,757.0,757.0
