,1,2,3,4,5,6,7,8,9,10,accuracy,macro avg,weighted avg
precision,0.07142857142857142,0.09859154929577464,0.12048192771084337,0.11428571428571428,0.09523809523809523,0.11904761904761904,0.11940298507462686,0.07352941176470588,0.1111111111111111,0.11458333333333333,0.10568031704095113,0.10377003182903952,0.10468800535304311
recall,0.08771929824561403,0.09722222222222222,0.11904761904761904,0.0963855421686747,0.06451612903225806,0.0625,0.2191780821917808,0.05747126436781609,0.10843373493975904,0.14473684210526316,0.10568031704095113,0.10572107343210072,0.10568031704095113
f1-score,0.07874015748031496,0.0979020979020979,0.11976047904191615,0.10457516339869281,0.07692307692307691,0.08196721311475409,0.15458937198067632,0.06451612903225806,0.1097560975609756,0.12790697674418605,0.10568031704095113,0.1016636763178949,0.10215585251765852
support,57.0,72.0,84.0,83.0,62.0,80.0,73.0,87.0,83.0,76.0,0.10568031704095113,757.0,757.0
