,1,2,3,4,5,6,7,8,9,10,accuracy,macro avg,weighted avg
precision,0.09574468085106383,0.11262798634812286,0.15151515151515152,0.14705882352941177,0.136986301369863,0.13333333333333333,0.13186813186813187,0.1111111111111111,0.16,0.0,0.12445414847161572,0.11802455199261892,0.1144894140161733
recall,0.1111111111111111,0.36666666666666664,0.11363636363636363,0.14705882352941177,0.14705882352941177,0.08450704225352113,0.11538461538461539,0.07339449541284404,0.13445378151260504,0.0,0.12445414847161572,0.12932717230365504,0.12445414847161572
f1-score,0.10285714285714286,0.1723237597911227,0.12987012987012989,0.14705882352941177,0.14184397163120566,0.10344827586206895,0.12307692307692307,0.08839779005524863,0.1461187214611872,0.0,0.12445414847161572,0.11549955381344408,0.11144415175571322
support,81.0,90.0,88.0,68.0,68.0,71.0,104.0,109.0,119.0,118.0,0.12445414847161572,916.0,916.0
