,1,2,3,4,5,6,7,8,9,10,accuracy,macro avg,weighted avg
precision,0.09230769230769231,0.08547008547008547,0.11,0.2,0.056338028169014086,0.11475409836065574,0.03076923076923077,0.14,0.17142857142857143,0.12643678160919541,0.10568031704095113,0.11275044881144451,0.11650276209741094
recall,0.10526315789473684,0.1388888888888889,0.13095238095238096,0.10843373493975904,0.06451612903225806,0.175,0.0273972602739726,0.08045977011494253,0.07228915662650602,0.14473684210526316,0.10568031704095113,0.10479373208287082,0.10568031704095113
f1-score,0.09836065573770492,0.10582010582010583,0.11956521739130435,0.140625,0.06015037593984962,0.1386138613861386,0.028985507246376812,0.10218978102189781,0.10169491525423727,0.13496932515337426,0.10568031704095113,0.10309747449509894,0.10497251008160752
support,57.0,72.0,84.0,83.0,62.0,80.0,73.0,87.0,83.0,76.0,0.10568031704095113,757.0,757.0
