,1,2,3,4,5,6,7,8,9,10,accuracy,macro avg,weighted avg
precision,0.06896551724137931,0.13953488372093023,0.11711711711711711,0.06134969325153374,0.028169014084507043,0.07792207792207792,0.14084507042253522,0.17857142857142858,0.152,0.15714285714285714,0.11135371179039301,0.11216176594743663,0.12097535212898099
recall,0.04938271604938271,0.13333333333333333,0.14772727272727273,0.14705882352941177,0.029411764705882353,0.08450704225352113,0.09615384615384616,0.13761467889908258,0.15966386554621848,0.09322033898305085,0.11135371179039301,0.10780736821810022,0.11135371179039301
f1-score,0.05755395683453237,0.13636363636363635,0.1306532663316583,0.08658008658008658,0.02877697841726619,0.08108108108108107,0.1142857142857143,0.15544041450777205,0.15573770491803277,0.1170212765957447,0.11135371179039301,0.10634941159155246,0.1126671827300134
support,81.0,90.0,88.0,68.0,68.0,71.0,104.0,109.0,119.0,118.0,0.11135371179039301,916.0,916.0
