,1,2,3,4,5,6,7,8,9,10,accuracy,macro avg,weighted avg
precision,0.23076923076923078,0.1016949152542373,0.15853658536585366,0.10880829015544041,0.13793103448275862,0.18604651162790697,0.11904761904761904,0.08737864077669903,0.078125,0.043478260869565216,0.11225806451612903,0.1251816088349311,0.1362489708926252
recall,0.02702702702702703,0.12244897959183673,0.17567567567567569,0.28378378378378377,0.05714285714285714,0.07692307692307693,0.136986301369863,0.1323529411764706,0.08196721311475409,0.047619047619047616,0.11225806451612903,0.11419269034243926,0.11225806451612903
f1-score,0.04838709677419355,0.11111111111111112,0.16666666666666669,0.15730337078651685,0.0808080808080808,0.10884353741496598,0.12738853503184713,0.10526315789473685,0.08,0.04545454545454545,0.11225806451612903,0.10312261019426645,0.10381455697205152
support,111.0,98.0,74.0,74.0,70.0,104.0,73.0,68.0,61.0,42.0,0.11225806451612903,775.0,775.0
