,1,2,3,4,5,6,7,8,9,10,accuracy,macro avg,weighted avg
precision,0.22784810126582278,0.1095890410958904,0.1346153846153846,0.08064516129032258,0.08888888888888889,0.2127659574468085,0.14285714285714285,0.046153846153846156,0.05426356589147287,0.0449438202247191,0.1135483870967742,0.11425709097302987,0.12783842373866744
recall,0.16216216216216217,0.08163265306122448,0.1891891891891892,0.06756756756756757,0.05714285714285714,0.19230769230769232,0.0684931506849315,0.04411764705882353,0.11475409836065574,0.09523809523809523,0.1135483870967742,0.1072605112773199,0.1135483870967742
f1-score,0.1894736842105263,0.0935672514619883,0.15730337078651685,0.07352941176470587,0.06956521739130435,0.20202020202020202,0.09259259259259259,0.045112781954887216,0.07368421052631578,0.061068702290076333,0.1135483870967742,0.10579174249991156,0.11619227419020146
support,111.0,98.0,74.0,74.0,70.0,104.0,73.0,68.0,61.0,42.0,0.1135483870967742,775.0,775.0
