,1,2,3,4,5,6,7,8,9,10,accuracy,macro avg,weighted avg
precision,0.057971014492753624,0.11442786069651742,0.1,0.06818181818181818,0.1079136690647482,0.0898876404494382,0.14285714285714285,0.18181818181818182,0.09876543209876543,0.08823529411764706,0.10480349344978165,0.10500580537770128,0.10806861467493052
recall,0.04938271604938271,0.25555555555555554,0.09090909090909091,0.08823529411764706,0.22058823529411764,0.11267605633802817,0.125,0.07339449541284404,0.06722689075630252,0.025423728813559324,0.10480349344978165,0.11083920632465279,0.10480349344978165
f1-score,0.05333333333333333,0.15807560137457044,0.09523809523809525,0.07692307692307691,0.14492753623188406,0.1,0.13333333333333333,0.10457516339869281,0.08,0.039473684210526314,0.10480349344978165,0.09858798240435124,0.09667778647725694
support,81.0,90.0,88.0,68.0,68.0,71.0,104.0,109.0,119.0,118.0,0.10480349344978165,916.0,916.0
