,1,2,3,4,5,6,7,8,9,10,accuracy,macro avg,weighted avg
precision,0.07246376811594203,0.05660377358490566,0.10588235294117647,0.07874015748031496,0.05263157894736842,0.07377049180327869,0.1076923076923077,0.07407407407407407,0.14166666666666666,0.13636363636363635,0.09388646288209607,0.08998888076696711,0.09462429191297829
recall,0.06172839506172839,0.03333333333333333,0.10227272727272728,0.14705882352941177,0.04411764705882353,0.1267605633802817,0.0673076923076923,0.07339449541284404,0.14285714285714285,0.1271186440677966,0.09388646288209607,0.09259494642817817,0.09388646288209607
f1-score,0.06666666666666667,0.04195804195804195,0.10404624277456648,0.10256410256410256,0.047999999999999994,0.09326424870466321,0.08284023668639054,0.07373271889400922,0.1422594142259414,0.13157894736842105,0.09388646288209607,0.0886910619842803,0.09203040483620963
support,81.0,90.0,88.0,68.0,68.0,71.0,104.0,109.0,119.0,118.0,0.09388646288209607,916.0,916.0
