,1,2,3,4,5,6,7,8,9,10,accuracy,macro avg,weighted avg
precision,0.15060240963855423,0.10077519379844961,0.12244897959183673,0.09411764705882353,0.19696969696969696,0.09375,0.1276595744680851,0.09565217391304348,0.18032786885245902,0.15789473684210525,0.12445414847161572,0.1320198281133054,0.13350168150940833
recall,0.30864197530864196,0.14444444444444443,0.06818181818181818,0.11764705882352941,0.19117647058823528,0.2112676056338028,0.057692307692307696,0.10091743119266056,0.09243697478991597,0.05084745762711865,0.12445414847161572,0.1343253544282475,0.12445414847161572
f1-score,0.20242914979757085,0.11872146118721459,0.08759124087591241,0.10457516339869281,0.19402985074626863,0.12987012987012989,0.07947019867549669,0.09821428571428573,0.12222222222222223,0.07692307692307693,0.12445414847161572,0.12140467794108707,0.11671099055310674
support,81.0,90.0,88.0,68.0,68.0,71.0,104.0,109.0,119.0,118.0,0.12445414847161572,916.0,916.0
