,1,2,3,4,5,6,7,8,9,10,accuracy,macro avg,weighted avg
precision,0.08695652173913043,0.23157894736842105,0.14130434782608695,0.13385826771653545,0.08333333333333333,0.027777777777777776,0.18604651162790697,0.14049586776859505,0.16346153846153846,0.11764705882352941,0.14301310043668122,0.13124601724428547,0.13652705244597724
recall,0.024691358024691357,0.24444444444444444,0.14772727272727273,0.25,0.029411764705882353,0.028169014084507043,0.15384615384615385,0.3119266055045872,0.14285714285714285,0.05084745762711865,0.14301310043668122,0.13839212138218004,0.14301310043668122
f1-score,0.038461538461538464,0.23783783783783785,0.14444444444444446,0.17435897435897438,0.04347826086956522,0.027972027972027972,0.16842105263157894,0.19373219373219375,0.15246636771300448,0.07100591715976332,0.14301310043668122,0.12521786151809286,0.13011532935223663
support,81.0,90.0,88.0,68.0,68.0,71.0,104.0,109.0,119.0,118.0,0.14301310043668122,916.0,916.0
