,1,2,3,4,5,6,7,8,9,10,accuracy,macro avg,weighted avg
precision,0.05102040816326531,0.1323529411764706,0.14102564102564102,0.17857142857142858,0.08333333333333333,0.20202020202020202,0.13157894736842105,0.07692307692307693,0.06722689075630252,0.03614457831325301,0.10451612903225807,0.11001974476513945,0.11559021425676014
recall,0.04504504504504504,0.09183673469387756,0.14864864864864866,0.06756756756756757,0.05714285714285714,0.19230769230769232,0.136986301369863,0.08823529411764706,0.13114754098360656,0.07142857142857142,0.10451612903225807,0.10303462533053764,0.10451612903225807
f1-score,0.0478468899521531,0.10843373493975902,0.1447368421052632,0.09803921568627451,0.06779661016949153,0.19704433497536944,0.1342281879194631,0.0821917808219178,0.08888888888888888,0.047999999999999994,0.10451612903225807,0.10172064854585805,0.10576417247857474
support,111.0,98.0,74.0,74.0,70.0,104.0,73.0,68.0,61.0,42.0,0.10451612903225807,775.0,775.0
