,1,2,3,4,5,6,7,8,9,10,accuracy,macro avg,weighted avg
precision,0.24509803921568626,0.16666666666666666,0.15217391304347827,0.07575757575757576,0.12903225806451613,0.208955223880597,0.07352941176470588,0.07894736842105263,0.07692307692307693,0.10666666666666667,0.13806451612903226,0.13137502004040222,0.14332661033472713
recall,0.22522522522522523,0.17346938775510204,0.1891891891891892,0.06756756756756757,0.11428571428571428,0.1346153846153846,0.0684931506849315,0.08823529411764706,0.08196721311475409,0.19047619047619047,0.13806451612903226,0.13335243170317063,0.13806451612903226
f1-score,0.2347417840375587,0.16999999999999998,0.16867469879518074,0.07142857142857142,0.12121212121212123,0.16374269005847952,0.07092198581560283,0.08333333333333334,0.07936507936507937,0.13675213675213674,0.13806451612903226,0.13001724007980636,0.13861535418286747
support,111.0,98.0,74.0,74.0,70.0,104.0,73.0,68.0,61.0,42.0,0.13806451612903226,775.0,775.0
