,1,2,3,4,5,6,7,8,9,10,accuracy,macro avg,weighted avg
precision,0.03636363636363636,0.14705882352941177,0.2222222222222222,0.15,0.07317073170731707,0.03278688524590164,0.06896551724137931,0.10975609756097561,0.10891089108910891,0.09090909090909091,0.10303830911492734,0.10401438958690437,0.10762103505277394
recall,0.03508771929824561,0.1388888888888889,0.16666666666666666,0.10843373493975904,0.04838709677419355,0.025,0.1095890410958904,0.10344827586206896,0.13253012048192772,0.13157894736842105,0.10303830911492734,0.09996104913760619,0.10303830911492734
f1-score,0.03571428571428571,0.14285714285714288,0.1904761904761905,0.1258741258741259,0.058252427184466014,0.028368794326241138,0.08465608465608465,0.10650887573964496,0.11956521739130435,0.10752688172043011,0.10303830911492734,0.09998000259399162,0.1032922819999887
support,57.0,72.0,84.0,83.0,62.0,80.0,73.0,87.0,83.0,76.0,0.10303830911492734,757.0,757.0
