,1,2,3,4,5,6,7,8,9,10,accuracy,macro avg,weighted avg
precision,0.08571428571428572,0.10975609756097561,0.0625,0.09615384615384616,0.10714285714285714,0.09433962264150944,0.16363636363636364,0.1282051282051282,0.14925373134328357,0.0847457627118644,0.11360634081902246,0.10814476951101137,0.10850328647549086
recall,0.10526315789473684,0.125,0.023809523809523808,0.060240963855421686,0.0967741935483871,0.0625,0.2465753424657534,0.1724137931034483,0.12048192771084337,0.13157894736842105,0.11360634081902246,0.11446378497565354,0.11360634081902246
f1-score,0.09448818897637794,0.1168831168831169,0.034482758620689655,0.07407407407407407,0.10169491525423728,0.07518796992481203,0.19672131147540983,0.14705882352941177,0.13333333333333333,0.10309278350515463,0.11360634081902246,0.10770172755766175,0.10729554160778582
support,57.0,72.0,84.0,83.0,62.0,80.0,73.0,87.0,83.0,76.0,0.11360634081902246,757.0,757.0
