,1,2,3,4,5,6,7,8,9,10,accuracy,macro avg,weighted avg
precision,0.14666666666666667,0.1951219512195122,0.08196721311475409,0.10638297872340426,0.06,0.09433962264150944,0.10666666666666667,0.0821917808219178,0.03870967741935484,0.04807692307692308,0.09032258064516129,0.09601234803507092,0.10465472906402762
recall,0.0990990990990991,0.16326530612244897,0.06756756756756757,0.06756756756756757,0.04285714285714286,0.04807692307692308,0.1095890410958904,0.08823529411764706,0.09836065573770492,0.11904761904761904,0.09032258064516129,0.09036662162896106,0.09032258064516129
f1-score,0.11827956989247312,0.17777777777777776,0.07407407407407407,0.08264462809917356,0.049999999999999996,0.06369426751592358,0.1081081081081081,0.0851063829787234,0.05555555555555556,0.0684931506849315,0.09032258064516129,0.08837335146867406,0.09318370247079252
support,111.0,98.0,74.0,74.0,70.0,104.0,73.0,68.0,61.0,42.0,0.09032258064516129,775.0,775.0
