,1,2,3,4,5,6,7,8,9,10,accuracy,macro avg,weighted avg
precision,0.1111111111111111,0.18,0.1440677966101695,0.07692307692307693,0.05042016806722689,0.13636363636363635,0.2111111111111111,0.14516129032258066,0.10810810810810811,0.2619047619047619,0.1331877729257642,0.14251710605217824,0.150400532656329
recall,0.13580246913580246,0.2,0.19318181818181818,0.1323529411764706,0.08823529411764706,0.2535211267605634,0.18269230769230768,0.08256880733944955,0.03361344537815126,0.09322033898305085,0.1331877729257642,0.1395188548765261,0.1331877729257642
f1-score,0.12222222222222222,0.1894736842105263,0.1650485436893204,0.0972972972972973,0.0641711229946524,0.1773399014778325,0.19587628865979378,0.10526315789473685,0.05128205128205128,0.13749999999999998,0.1331877729257642,0.1305474269728433,0.13015313465294237
support,81.0,90.0,88.0,68.0,68.0,71.0,104.0,109.0,119.0,118.0,0.1331877729257642,916.0,916.0
