,1,2,3,4,5,6,7,8,9,10,accuracy,macro avg,weighted avg
precision,0.09090909090909091,0.1016949152542373,0.14864864864864866,0.1044776119402985,0.046511627906976744,0.168141592920354,0.15625,0.07142857142857142,0.08791208791208792,0.07317073170731707,0.10580645161290322,0.10491448786275825,0.10868399308141827
recall,0.04504504504504504,0.061224489795918366,0.14864864864864866,0.0945945945945946,0.05714285714285714,0.18269230769230768,0.136986301369863,0.08823529411764706,0.13114754098360656,0.14285714285714285,0.10580645161290322,0.1088574222247631,0.10580645161290322
f1-score,0.06024096385542168,0.07643312101910828,0.14864864864864866,0.09929078014184396,0.05128205128205128,0.17511520737327188,0.145985401459854,0.07894736842105264,0.10526315789473686,0.0967741935483871,0.10580645161290322,0.10379808936443764,0.104306270780254
support,111.0,98.0,74.0,74.0,70.0,104.0,73.0,68.0,61.0,42.0,0.10580645161290322,775.0,775.0
