,1,2,3,4,5,6,7,8,9,10,accuracy,macro avg,weighted avg
precision,0.23076923076923078,0.125,0.14444444444444443,0.125,0.14285714285714285,0.08536585365853659,0.11538461538461539,0.045454545454545456,0.08045977011494253,0.02631578947368421,0.11096774193548387,0.11210513921571423,0.12156079668858524
recall,0.13513513513513514,0.1326530612244898,0.17567567567567569,0.10810810810810811,0.12857142857142856,0.0673076923076923,0.1232876712328767,0.04411764705882353,0.11475409836065574,0.047619047619047616,0.11096774193548387,0.10772295652939332,0.11096774193548387
f1-score,0.17045454545454544,0.12871287128712872,0.15853658536585363,0.11594202898550725,0.13533834586466165,0.07526881720430108,0.11920529801324503,0.04477611940298508,0.0945945945945946,0.03389830508474576,0.11096774193548387,0.1076727511257568,0.11366211167944122
support,111.0,98.0,74.0,74.0,70.0,104.0,73.0,68.0,61.0,42.0,0.11096774193548387,775.0,775.0
