,1,2,3,4,5,6,7,8,9,10,accuracy,macro avg,weighted avg
precision,0.125,0.10126582278481013,0.21875,0.09090909090909091,0.13829787234042554,0.17543859649122806,0.1411764705882353,0.06666666666666667,0.07608695652173914,0.047619047619047616,0.11096774193548387,0.11812105239212436,0.12402684966864805
recall,0.05405405405405406,0.08163265306122448,0.1891891891891892,0.06756756756756757,0.18571428571428572,0.09615384615384616,0.1643835616438356,0.07352941176470588,0.11475409836065574,0.14285714285714285,0.11096774193548387,0.11698358103665071,0.11096774193548387
f1-score,0.07547169811320754,0.0903954802259887,0.20289855072463767,0.07751937984496124,0.15853658536585366,0.12422360248447205,0.1518987341772152,0.06993006993006994,0.09150326797385622,0.07142857142857142,0.11096774193548387,0.11138059402688334,0.11152181902638039
support,111.0,98.0,74.0,74.0,70.0,104.0,73.0,68.0,61.0,42.0,0.11096774193548387,775.0,775.0
