,1,2,3,4,5,6,7,8,9,10,accuracy,macro avg,weighted avg
precision,0.1095890410958904,0.09523809523809523,0.13333333333333333,0.1328125,0.1,0.05084745762711865,0.2125,0.1518987341772152,0.11926605504587157,0.11578947368421053,0.12008733624454149,0.12212746902017349,0.1256939674624088
recall,0.09876543209876543,0.08888888888888889,0.13636363636363635,0.25,0.08823529411764706,0.08450704225352113,0.16346153846153846,0.11009174311926606,0.1092436974789916,0.09322033898305085,0.12008733624454149,0.1222777611765306,0.12008733624454149
f1-score,0.1038961038961039,0.09195402298850575,0.13483146067415733,0.17346938775510204,0.09375000000000001,0.0634920634920635,0.1847826086956522,0.1276595744680851,0.11403508771929825,0.10328638497652583,0.12008733624454149,0.11911566946654936,0.12022458917724331
support,81.0,90.0,88.0,68.0,68.0,71.0,104.0,109.0,119.0,118.0,0.12008733624454149,916.0,916.0
