,1,2,3,4,5,6,7,8,9,10,accuracy,macro avg,weighted avg
precision,0.07272727272727272,0.1326530612244898,0.13,0.12727272727272726,0.14666666666666667,0.14285714285714285,0.11594202898550725,0.10714285714285714,0.060240963855421686,0.06976744186046512,0.10967741935483871,0.11052701625925505,0.11301823531573571
recall,0.036036036036036036,0.1326530612244898,0.17567567567567569,0.0945945945945946,0.15714285714285714,0.057692307692307696,0.1095890410958904,0.17647058823529413,0.08196721311475409,0.14285714285714285,0.10967741935483871,0.11646785176690425,0.10967741935483871
f1-score,0.048192771084337345,0.1326530612244898,0.14942528735632185,0.10852713178294572,0.15172413793103448,0.0821917808219178,0.11267605633802816,0.13333333333333333,0.06944444444444443,0.09374999999999999,0.10967741935483871,0.10819180043168528,0.10589953723583606
support,111.0,98.0,74.0,74.0,70.0,104.0,73.0,68.0,61.0,42.0,0.10967741935483871,775.0,775.0
