,1,2,3,4,5,6,7,8,9,10,accuracy,macro avg,weighted avg
precision,0.08771929824561403,0.09333333333333334,0.09090909090909091,0.19642857142857142,0.13513513513513514,0.1388888888888889,0.056338028169014086,0.14634146341463414,0.12631578947368421,0.125,0.1202113606340819,0.11964095989979662,0.12150332688791485
recall,0.08771929824561403,0.09722222222222222,0.05952380952380952,0.13253012048192772,0.16129032258064516,0.125,0.0547945205479452,0.13793103448275862,0.14457831325301204,0.19736842105263158,0.1202113606340819,0.11979580623905661,0.1202113606340819
f1-score,0.08771929824561403,0.09523809523809525,0.07194244604316548,0.15827338129496404,0.14705882352941174,0.13157894736842105,0.05555555555555555,0.14201183431952663,0.13483146067415733,0.15306122448979592,0.1202113606340819,0.11772710667587072,0.11877835040829841
support,57.0,72.0,84.0,83.0,62.0,80.0,73.0,87.0,83.0,76.0,0.1202113606340819,757.0,757.0
