,1,2,3,4,5,6,7,8,9,10,accuracy,macro avg,weighted avg
precision,0.08181818181818182,0.09401709401709402,0.11392405063291139,0.058823529411764705,0.1048951048951049,0.07407407407407407,0.04411764705882353,0.14893617021276595,0.09090909090909091,0.1282051282051282,0.09247027741083223,0.09397200712349395,0.09482343737051471
recall,0.15789473684210525,0.1527777777777778,0.10714285714285714,0.03614457831325301,0.24193548387096775,0.075,0.0410958904109589,0.08045977011494253,0.024096385542168676,0.06578947368421052,0.09247027741083223,0.09823369536992416,0.09247027741083223
f1-score,0.10778443113772454,0.11640211640211641,0.11042944785276072,0.04477611940298508,0.14634146341463414,0.07453416149068322,0.0425531914893617,0.1044776119402985,0.038095238095238106,0.08695652173913043,0.09247027741083223,0.0872350302964933,0.08523064170205068
support,57.0,72.0,84.0,83.0,62.0,80.0,73.0,87.0,83.0,76.0,0.09247027741083223,757.0,757.0
