,1,2,3,4,5,6,7,8,9,10,accuracy,macro avg,weighted avg
precision,0.0898876404494382,0.09900990099009901,0.08653846153846154,0.06481481481481481,0.014705882352941176,0.1,0.07954545454545454,0.11428571428571428,0.07751937984496124,0.15942028985507245,0.08733624454148471,0.08857275386769572,0.09288302677142413
recall,0.09876543209876543,0.1111111111111111,0.10227272727272728,0.10294117647058823,0.014705882352941176,0.1267605633802817,0.0673076923076923,0.07339449541284404,0.08403361344537816,0.09322033898305085,0.08733624454148471,0.08745130328353802,0.08733624454148471
f1-score,0.09411764705882351,0.10471204188481677,0.09375000000000001,0.07954545454545454,0.014705882352941176,0.11180124223602485,0.07291666666666667,0.0893854748603352,0.08064516129032258,0.1176470588235294,0.08733624454148471,0.08592266297189148,0.08782758680904106
support,81.0,90.0,88.0,68.0,68.0,71.0,104.0,109.0,119.0,118.0,0.08733624454148471,916.0,916.0
