,1,2,3,4,5,6,7,8,9,10,accuracy,macro avg,weighted avg
precision,0.09523809523809523,0.039473684210526314,0.13333333333333333,0.10101010101010101,0.1076923076923077,0.14444444444444443,0.10344827586206896,0.1836734693877551,0.02564102564102564,0.20833333333333334,0.11360634081902246,0.11422880701529911,0.11569332647853438
recall,0.10526315789473684,0.041666666666666664,0.11904761904761904,0.12048192771084337,0.11290322580645161,0.325,0.1232876712328767,0.10344827586206896,0.012048192771084338,0.06578947368421052,0.11360634081902246,0.11289362106765581,0.11360634081902246
f1-score,0.1,0.040540540540540536,0.12578616352201258,0.10989010989010989,0.11023622047244093,0.19999999999999998,0.1125,0.1323529411764706,0.016393442622950817,0.09999999999999999,0.11360634081902246,0.10476994182245254,0.10545355754953274
support,57.0,72.0,84.0,83.0,62.0,80.0,73.0,87.0,83.0,76.0,0.11360634081902246,757.0,757.0
