,1,2,3,4,5,6,7,8,9,10,accuracy,macro avg,weighted avg
precision,0.08045977011494253,0.11702127659574468,0.16483516483516483,0.17647058823529413,0.03333333333333333,0.07865168539325842,0.13725490196078433,0.029411764705882353,0.02040816326530612,0.08163265306122448,0.09907529722589167,0.09194793015009353,0.09291960836919212
recall,0.12280701754385964,0.1527777777777778,0.17857142857142858,0.14457831325301204,0.03225806451612903,0.0875,0.1917808219178082,0.022988505747126436,0.012048192771084338,0.05263157894736842,0.09907529722589167,0.09979417010455945,0.09907529722589167
f1-score,0.09722222222222221,0.13253012048192772,0.17142857142857143,0.15894039735099338,0.03278688524590164,0.08284023668639053,0.16,0.025806451612903226,0.015151515151515152,0.064,0.09907529722589167,0.09407064001804252,0.0942967386916161
support,57.0,72.0,84.0,83.0,62.0,80.0,73.0,87.0,83.0,76.0,0.09907529722589167,757.0,757.0
