,1,2,3,4,5,6,7,8,9,10,accuracy,macro avg,weighted avg
precision,0.06474820143884892,0.1259259259259259,0.12871287128712872,0.10810810810810811,0.08860759493670886,0.10948905109489052,0.09722222222222222,0.09259259259259259,0.1111111111111111,0.14285714285714285,0.10480349344978165,0.10693748215746798,0.10844773967358187
recall,0.1111111111111111,0.18888888888888888,0.14772727272727273,0.11764705882352941,0.10294117647058823,0.2112676056338028,0.0673076923076923,0.045871559633027525,0.08403361344537816,0.0423728813559322,0.10480349344978165,0.11191688603972234,0.10480349344978165
f1-score,0.08181818181818182,0.1511111111111111,0.1375661375661376,0.11267605633802817,0.09523809523809525,0.14423076923076922,0.07954545454545454,0.06134969325153374,0.09569377990430622,0.065359477124183,0.10480349344978165,0.10245887561278007,0.09909548220749381
support,81.0,90.0,88.0,68.0,68.0,71.0,104.0,109.0,119.0,118.0,0.10480349344978165,916.0,916.0
