,1,2,3,4,5,6,7,8,9,10,accuracy,macro avg,weighted avg
precision,0.0,0.0,0.2,0.0,1.0,0.0,0.0,0.09090909090909091,0.0,0.0,0.06,0.1290909090909091,0.1290909090909091
recall,0.0,0.0,0.2,0.0,0.2,0.0,0.0,0.2,0.0,0.0,0.06,0.06000000000000001,0.06
f1-score,0.0,0.0,0.20000000000000004,0.0,0.33333333333333337,0.0,0.0,0.12500000000000003,0.0,0.0,0.06,0.06583333333333334,0.06583333333333334
support,5.0,5.0,5.0,5.0,5.0,5.0,5.0,5.0,5.0,5.0,0.06,50.0,50.0
