,1,2,3,4,5,6,7,8,9,10,accuracy,macro avg,weighted avg
precision,0.045454545454545456,0.0,0.0,0.0,0.0,0.5,0.0,0.1,0.0,0.125,0.08,0.07704545454545454,0.07704545454545456
recall,0.2,0.0,0.0,0.0,0.0,0.2,0.0,0.2,0.0,0.2,0.08,0.08,0.08
f1-score,0.07407407407407407,0.0,0.0,0.0,0.0,0.28571428571428575,0.0,0.13333333333333333,0.0,0.15384615384615385,0.08,0.0646967846967847,0.06469678469678469
support,5.0,5.0,5.0,5.0,5.0,5.0,5.0,5.0,5.0,5.0,0.08,50.0,50.0
