,1,2,3,4,5,6,7,8,9,10,accuracy,macro avg,weighted avg
precision,0.0,0.0,0.0,0.0,0.0,0.5,0.15789473684210525,0.16666666666666666,0.25,0.0,0.12,0.10745614035087718,0.1074561403508772
recall,0.0,0.0,0.0,0.0,0.0,0.2,0.6,0.2,0.2,0.0,0.12,0.12,0.12
f1-score,0.0,0.0,0.0,0.0,0.0,0.28571428571428575,0.25,0.1818181818181818,0.22222222222222224,0.0,0.12,0.09397546897546896,0.09397546897546899
support,5.0,5.0,5.0,5.0,5.0,5.0,5.0,5.0,5.0,5.0,0.12,50.0,50.0
