,1,2,3,4,5,6,7,8,9,10,accuracy,macro avg,weighted avg
precision,0.0,0.0,0.125,0.0,0.06896551724137931,0.0,0.0,0.0,0.0,0.0,0.08,0.01939655172413793,0.01939655172413793
recall,0.0,0.0,0.4,0.0,0.4,0.0,0.0,0.0,0.0,0.0,0.08,0.08,0.08
f1-score,0.0,0.0,0.19047619047619047,0.0,0.1176470588235294,0.0,0.0,0.0,0.0,0.0,0.08,0.030812324929971983,0.030812324929971987
support,5.0,5.0,5.0,5.0,5.0,5.0,5.0,5.0,5.0,5.0,0.08,50.0,50.0
