,1,2,3,4,5,6,7,8,9,10,accuracy,macro avg,weighted avg
precision,0.5,0.0,0.0,0.043478260869565216,0.0,0.0,0.0,0.0,0.0,0.0,0.0392156862745098,0.05434782608695652,0.05328218243819267
recall,0.2,0.0,0.0,0.2,0.0,0.0,0.0,0.0,0.0,0.0,0.0392156862745098,0.04,0.0392156862745098
f1-score,0.28571428571428575,0.0,0.0,0.07142857142857142,0.0,0.0,0.0,0.0,0.0,0.0,0.0392156862745098,0.03571428571428572,0.035014005602240904
support,5.0,5.0,5.0,5.0,5.0,6.0,5.0,5.0,5.0,5.0,0.0392156862745098,51.0,51.0
