,1,2,3,4,5,6,7,8,9,10,accuracy,macro avg,weighted avg
precision,0.0,0.0,0.0,0.5,0.0,0.0,0.0,0.16666666666666666,0.0,0.0,0.058823529411764705,0.06666666666666667,0.065359477124183
recall,0.0,0.0,0.0,0.4,0.0,0.0,0.0,0.2,0.0,0.0,0.058823529411764705,0.06000000000000001,0.058823529411764705
f1-score,0.0,0.0,0.0,0.4444444444444445,0.0,0.0,0.0,0.1818181818181818,0.0,0.0,0.058823529411764705,0.06262626262626263,0.061398296692414346
support,5.0,5.0,5.0,5.0,5.0,6.0,5.0,5.0,5.0,5.0,0.058823529411764705,51.0,51.0
