,1,2,3,4,5,6,7,8,9,10,accuracy,macro avg,weighted avg
precision,0.09523809523809523,0.15384615384615385,0.0,0.0,0.0,0.0,0.0,0.4,0.0,0.0,0.12244897959183673,0.06490842490842491,0.06623308664124991
recall,0.4,0.4,0.0,0.0,0.0,0.0,0.0,0.4,0.0,0.0,0.12244897959183673,0.12000000000000002,0.12244897959183673
f1-score,0.15384615384615385,0.2222222222222222,0.0,0.0,0.0,0.0,0.0,0.4000000000000001,0.0,0.0,0.12244897959183673,0.07760683760683762,0.07919065061922205
support,5.0,5.0,5.0,5.0,5.0,4.0,5.0,5.0,5.0,5.0,0.12244897959183673,49.0,49.0
