,1,2,3,4,5,6,7,8,9,10,accuracy,macro avg,weighted avg
precision,0.0,0.5,0.0,0.0,0.0,0.0,0.0,0.13513513513513514,0.3333333333333333,0.3333333333333333,0.16326530612244897,0.13018018018018016,0.13283691855120425
recall,0.0,0.2,0.0,0.0,0.0,0.0,0.0,1.0,0.2,0.2,0.16326530612244897,0.15999999999999998,0.16326530612244897
f1-score,0.0,0.28571428571428575,0.0,0.0,0.0,0.0,0.0,0.2380952380952381,0.25,0.25,0.16326530612244897,0.10238095238095238,0.1044703595724004
support,5.0,5.0,5.0,5.0,5.0,4.0,5.0,5.0,5.0,5.0,0.16326530612244897,49.0,49.0
