,1,2,3,4,5,6,7,8,9,10,accuracy,macro avg,weighted avg
precision,0.0,0.0,0.0,0.1,0.0,0.15789473684210525,0.0,0.0,0.5,0.0,0.1,0.07578947368421053,0.07578947368421053
recall,0.0,0.0,0.0,0.2,0.0,0.6,0.0,0.0,0.2,0.0,0.1,0.1,0.1
f1-score,0.0,0.0,0.0,0.13333333333333333,0.0,0.25,0.0,0.0,0.28571428571428575,0.0,0.1,0.06690476190476191,0.06690476190476191
support,5.0,5.0,5.0,5.0,5.0,5.0,5.0,5.0,5.0,5.0,0.1,50.0,50.0
