,1,2,3,4,5,6,7,8,9,10,accuracy,macro avg,weighted avg
precision,0.0,0.0,0.0,0.2,0.2,0.0,0.125,0.2,0.0,0.0,0.1,0.07250000000000001,0.0725
recall,0.0,0.0,0.0,0.4,0.2,0.0,0.2,0.2,0.0,0.0,0.1,0.1,0.1
f1-score,0.0,0.0,0.0,0.26666666666666666,0.20000000000000004,0.0,0.15384615384615385,0.20000000000000004,0.0,0.0,0.1,0.08205128205128207,0.08205128205128207
support,5.0,5.0,5.0,5.0,5.0,5.0,5.0,5.0,5.0,5.0,0.1,50.0,50.0
