,1,2,3,4,5,6,7,8,9,10,accuracy,macro avg,weighted avg
precision,0.0,0.2,0.0,0.1111111111111111,0.0,0.0,0.0,0.09090909090909091,0.0,0.0,0.06,0.040202020202020204,0.04020202020202021
recall,0.0,0.2,0.0,0.2,0.0,0.0,0.0,0.2,0.0,0.0,0.06,0.06000000000000001,0.06
f1-score,0.0,0.20000000000000004,0.0,0.14285714285714285,0.0,0.0,0.0,0.12500000000000003,0.0,0.0,0.06,0.046785714285714285,0.04678571428571429
support,5.0,5.0,5.0,5.0,5.0,5.0,5.0,5.0,5.0,5.0,0.06,50.0,50.0
