,1,2,3,4,5,6,7,8,9,10,accuracy,macro avg,weighted avg
precision,0.0,0.125,0.0,0.18181818181818182,0.06666666666666667,0.0,0.0,0.0,0.0,0.0,0.0784313725490196,0.037348484848484846,0.036616161616161616
recall,0.0,0.2,0.0,0.4,0.2,0.0,0.0,0.0,0.0,0.0,0.0784313725490196,0.08,0.0784313725490196
f1-score,0.0,0.15384615384615385,0.0,0.25000000000000006,0.1,0.0,0.0,0.0,0.0,0.0,0.0784313725490196,0.050384615384615396,0.04939668174962293
support,5.0,5.0,5.0,5.0,5.0,6.0,5.0,5.0,5.0,5.0,0.0784313725490196,51.0,51.0
