,1,2,3,4,5,6,7,8,9,10,accuracy,macro avg,weighted avg
precision,0.0,0.0,1.0,0.1111111111111111,0.0,0.0,0.0,0.2,0.14285714285714285,0.0,0.14285714285714285,0.14539682539682539,0.148364107547781
recall,0.0,0.0,0.2,0.6,0.0,0.0,0.0,0.4,0.2,0.0,0.14285714285714285,0.14,0.14285714285714285
f1-score,0.0,0.0,0.33333333333333337,0.18750000000000003,0.0,0.0,0.0,0.26666666666666666,0.16666666666666666,0.0,0.14285714285714285,0.09541666666666668,0.09736394557823129
support,5.0,5.0,5.0,5.0,5.0,4.0,5.0,5.0,5.0,5.0,0.14285714285714285,49.0,49.0
