,1,2,3,4,5,6,7,8,9,10,accuracy,macro avg,weighted avg
precision,0.2857142857142857,0.0,0.07142857142857142,0.2,0.25,0.0,0.0,0.0,0.0,1.0,0.13725490196078433,0.18071428571428572,0.17717086834733892
recall,0.4,0.0,0.2,0.2,0.4,0.0,0.0,0.0,0.0,0.2,0.13725490196078433,0.14,0.13725490196078433
f1-score,0.3333333333333333,0.0,0.10526315789473682,0.20000000000000004,0.3076923076923077,0.0,0.0,0.0,0.0,0.33333333333333337,0.13725490196078433,0.12796221322537113,0.12545315022095208
support,5.0,5.0,5.0,5.0,5.0,6.0,5.0,5.0,5.0,5.0,0.13725490196078433,51.0,51.0
