,1,2,3,4,5,6,7,8,9,10,accuracy,macro avg,weighted avg
precision,0.25,0.0,0.0,0.5,0.125,0.07142857142857142,0.2,0.0,0.0,0.5,0.12,0.16464285714285715,0.16464285714285715
recall,0.2,0.0,0.0,0.2,0.2,0.2,0.2,0.0,0.0,0.2,0.12,0.12,0.12
f1-score,0.22222222222222224,0.0,0.0,0.28571428571428575,0.15384615384615385,0.10526315789473682,0.20000000000000004,0.0,0.0,0.28571428571428575,0.12,0.12527601053916845,0.12527601053916843
support,5.0,5.0,5.0,5.0,5.0,5.0,5.0,5.0,5.0,5.0,0.12,50.0,50.0
