,1,2,3,4,5,6,7,8,9,10,accuracy,macro avg,weighted avg
precision,0.0,0.4,0.0,0.0,0.0,0.0,0.0,0.0,0.06666666666666667,0.15384615384615385,0.09803921568627451,0.062051282051282054,0.06083459024635495
recall,0.0,0.4,0.0,0.0,0.0,0.0,0.0,0.0,0.2,0.4,0.09803921568627451,0.1,0.09803921568627451
f1-score,0.0,0.4000000000000001,0.0,0.0,0.0,0.0,0.0,0.0,0.1,0.2222222222222222,0.09803921568627451,0.07222222222222223,0.07080610021786493
support,5.0,5.0,5.0,5.0,5.0,6.0,5.0,5.0,5.0,5.0,0.09803921568627451,51.0,51.0
