,1,2,3,4,5,6,7,8,9,10,accuracy,macro avg,weighted avg
precision,0.10344827586206896,0.1,0.0,0.0,1.0,0.0,0.0,1.0,1.0,0.0,0.14,0.3203448275862069,0.3203448275862069
recall,0.6,0.2,0.0,0.0,0.2,0.0,0.0,0.2,0.2,0.0,0.14,0.14,0.14
f1-score,0.17647058823529413,0.13333333333333333,0.0,0.0,0.33333333333333337,0.0,0.0,0.33333333333333337,0.33333333333333337,0.0,0.14,0.13098039215686277,0.13098039215686275
support,5.0,5.0,5.0,5.0,5.0,5.0,5.0,5.0,5.0,5.0,0.14,50.0,50.0
