,1,2,3,4,5,6,7,8,9,10,accuracy,macro avg,weighted avg
precision,0.25,0.0,0.13333333333333333,0.0,0.0,0.0,0.0,0.0,0.0,0.0,0.06,0.03833333333333333,0.03833333333333333
recall,0.2,0.0,0.4,0.0,0.0,0.0,0.0,0.0,0.0,0.0,0.06,0.06000000000000001,0.06
f1-score,0.22222222222222224,0.0,0.2,0.0,0.0,0.0,0.0,0.0,0.0,0.0,0.06,0.04222222222222223,0.042222222222222223
support,5.0,5.0,5.0,5.0,5.0,5.0,5.0,5.0,5.0,5.0,0.06,50.0,50.0
