,1,2,3,4,5,6,7,8,9,10,accuracy,macro avg,weighted avg
precision,0.0,0.0,0.0,0.0,0.09090909090909091,1.0,0.2,0.0,0.0,0.16666666666666666,0.08,0.14575757575757575,0.14575757575757575
recall,0.0,0.0,0.0,0.0,0.2,0.2,0.2,0.0,0.0,0.2,0.08,0.08,0.08
f1-score,0.0,0.0,0.0,0.0,0.12500000000000003,0.33333333333333337,0.20000000000000004,0.0,0.0,0.1818181818181818,0.08,0.08401515151515151,0.08401515151515153
support,5.0,5.0,5.0,5.0,5.0,5.0,5.0,5.0,5.0,5.0,0.08,50.0,50.0
