,1,2,3,4,5,6,7,8,9,10,accuracy,macro avg,weighted avg
precision,0.0,0.0,0.125,0.125,0.0,0.0,0.0,0.6666666666666666,0.0,0.0,0.1,0.09166666666666666,0.09166666666666666
recall,0.0,0.0,0.4,0.2,0.0,0.0,0.0,0.4,0.0,0.0,0.1,0.1,0.1
f1-score,0.0,0.0,0.19047619047619047,0.15384615384615385,0.0,0.0,0.0,0.5,0.0,0.0,0.1,0.08443223443223444,0.08443223443223444
support,5.0,5.0,5.0,5.0,5.0,5.0,5.0,5.0,5.0,5.0,0.1,50.0,50.0
