,1,2,3,4,5,6,7,8,9,10,accuracy,macro avg,weighted avg
precision,0.15,0.0,0.0,0.0,0.0,0.0,0.5,0.0,0.0,0.5,0.12,0.11499999999999999,0.115
recall,0.6,0.0,0.0,0.0,0.0,0.0,0.4,0.0,0.0,0.2,0.12,0.12,0.12
f1-score,0.24,0.0,0.0,0.0,0.0,0.0,0.4444444444444445,0.0,0.0,0.28571428571428575,0.12,0.09701587301587303,0.09701587301587303
support,5.0,5.0,5.0,5.0,5.0,5.0,5.0,5.0,5.0,5.0,0.12,50.0,50.0
