,1,2,3,4,5,6,7,8,9,10,accuracy,macro avg,weighted avg
precision,0.07692307692307693,0.5,0.08333333333333333,0.0,0.0,0.0,0.0,0.3333333333333333,0.0,0.0,0.12,0.09935897435897437,0.09935897435897434
recall,0.2,0.2,0.2,0.0,0.0,0.0,0.0,0.6,0.0,0.0,0.12,0.12000000000000002,0.12
f1-score,0.1111111111111111,0.28571428571428575,0.11764705882352941,0.0,0.0,0.0,0.0,0.42857142857142855,0.0,0.0,0.12,0.09430438842203548,0.09430438842203548
support,5.0,5.0,5.0,5.0,5.0,5.0,5.0,5.0,5.0,5.0,0.12,50.0,50.0
