,1,2,3,4,5,6,7,8,9,10,accuracy,macro avg,weighted avg
precision,0.07224334600760456,0.09950248756218906,0.09523809523809523,0.07428571428571429,0.09174311926605505,0.0,0.0,0.0,0.0,0.0,0.0851528384279476,0.043301276235965816,0.03763957201930752
recall,0.2345679012345679,0.2222222222222222,0.18181818181818182,0.19117647058823528,0.14705882352941177,0.0,0.0,0.0,0.0,0.0,0.0851528384279476,0.0976843599392619,0.0851528384279476
f1-score,0.11046511627906976,0.13745704467353953,0.125,0.10699588477366255,0.11299435028248588,0.0,0.0,0.0,0.0,0.0,0.0851528384279476,0.05929123960087577,0.05161369478497958
support,81.0,90.0,88.0,68.0,68.0,71.0,104.0,109.0,119.0,118.0,0.0851528384279476,916.0,916.0
