,1,2,3,4,5,6,7,8,9,10,accuracy,macro avg,weighted avg
precision,0.06735751295336788,0.08843537414965986,0.08152173913043478,0.10091743119266056,0.12096774193548387,0.0,0.0,0.0,0.0,0.0,0.08850726552179657,0.04591997993616069,0.043501582632846536
recall,0.22807017543859648,0.18055555555555555,0.17857142857142858,0.13253012048192772,0.24193548387096775,0.0,0.0,0.0,0.0,0.0,0.08850726552179657,0.0961662763918476,0.08850726552179657
f1-score,0.104,0.1187214611872146,0.11194029850746268,0.11458333333333334,0.16129032258064518,0.0,0.0,0.0,0.0,0.0,0.08850726552179657,0.06105354156086558,0.057317499269184925
support,57.0,72.0,84.0,83.0,62.0,80.0,73.0,87.0,83.0,76.0,0.08850726552179657,757.0,757.0
