,1,2,3,4,5,6,7,8,9,10,accuracy,macro avg,weighted avg
precision,0.14285714285714285,0.14473684210526316,0.18518518518518517,0.16666666666666666,0.12,0.23076923076923078,0.10843373493975904,0.11428571428571428,0.10497237569060773,0.09714285714285714,0.12258064516129032,0.1415049749642427,0.1479339310447145
recall,0.09009009009009009,0.11224489795918367,0.06756756756756757,0.0945945945945946,0.04285714285714286,0.057692307692307696,0.1232876712328767,0.11764705882352941,0.3114754098360656,0.40476190476190477,0.12258064516129032,0.1422218645415263,0.12258064516129032
f1-score,0.11049723756906077,0.1264367816091954,0.099009900990099,0.12068965517241378,0.0631578947368421,0.09230769230769231,0.11538461538461538,0.11594202898550723,0.15702479338842973,0.1566820276497696,0.12258064516129032,0.11571326277936253,0.11277562607425516
support,111.0,98.0,74.0,74.0,70.0,104.0,73.0,68.0,61.0,42.0,0.12258064516129032,775.0,775.0
