,1,2,3,4,5,6,7,8,9,10,accuracy,macro avg,weighted avg
precision,0.0891891891891892,0.09560723514211886,0.0,0.0,0.0,0.0,0.0,0.0,0.0,0.0,0.09247027741083223,0.018479642433130807,0.015809121154579053
recall,0.5789473684210527,0.5138888888888888,0.0,0.0,0.0,0.0,0.0,0.0,0.0,0.0,0.09247027741083223,0.10928362573099415,0.09247027741083223
f1-score,0.15456674473067916,0.16122004357298475,0.0,0.0,0.0,0.0,0.0,0.0,0.0,0.0,0.09247027741083223,0.03157867883036639,0.026972453879661313
support,57.0,72.0,84.0,83.0,62.0,80.0,73.0,87.0,83.0,76.0,0.09247027741083223,757.0,757.0
