,1,2,3,4,5,6,7,8,9,10,accuracy,macro avg,weighted avg
precision,0.10869565217391304,0.14285714285714285,0.03286384976525822,0.09497206703910614,0.1095890410958904,0.0,0.0,0.0,0.0,0.0,0.09114927344782034,0.048897775293131066,0.04480730773064733
recall,0.2631578947368421,0.3055555555555556,0.08333333333333333,0.20481927710843373,0.12903225806451613,0.0,0.0,0.0,0.0,0.0,0.09114927344782034,0.09858983187986808,0.09114927344782034
f1-score,0.15384615384615385,0.1946902654867257,0.04713804713804714,0.1297709923664122,0.11851851851851851,0.0,0.0,0.0,0.0,0.0,0.09114927344782034,0.06439639773558574,0.05926772306265699
support,57.0,72.0,84.0,83.0,62.0,80.0,73.0,87.0,83.0,76.0,0.09114927344782034,757.0,757.0
