,1,2,3,4,5,6,7,8,9,10,accuracy,macro avg,weighted avg
precision,0.1038961038961039,0.0825242718446602,0.14906832298136646,0.05555555555555555,0.07262569832402235,0.0,0.0,0.0,0.0,0.0,0.08951965065502183,0.04636699526017084,0.04113221241023513
recall,0.19753086419753085,0.18888888888888888,0.2727272727272727,0.17647058823529413,0.19117647058823528,0.0,0.0,0.0,0.0,0.0,0.08951965065502183,0.10267940846372219,0.08951965065502183
f1-score,0.13617021276595745,0.11486486486486486,0.19277108433734938,0.08450704225352113,0.10526315789473685,0.0,0.0,0.0,0.0,0.0,0.08951965065502183,0.06335763621164296,0.05593433854110118
support,81.0,90.0,88.0,68.0,68.0,71.0,104.0,109.0,119.0,118.0,0.08951965065502183,916.0,916.0
