,1,2,3,4,5,6,7,8,9,10,accuracy,macro avg,weighted avg
precision,0.06944444444444445,0.0782122905027933,0.0942622950819672,0.05982905982905983,0.0821917808219178,0.0,0.0,0.0,0.0,0.0,0.07926023778071334,0.03839398706801826,0.03641922511650009
recall,0.17543859649122806,0.19444444444444445,0.27380952380952384,0.08433734939759036,0.0967741935483871,0.0,0.0,0.0,0.0,0.0,0.07926023778071334,0.08248041076911737,0.07926023778071334
f1-score,0.09950248756218905,0.11155378486055777,0.14024390243902438,0.07,0.08888888888888889,0.0,0.0,0.0,0.0,0.0,0.07926023778071334,0.05101890637506601,0.04861970041875045
support,57.0,72.0,84.0,83.0,62.0,80.0,73.0,87.0,83.0,76.0,0.07926023778071334,757.0,757.0
