,1,2,3,4,5,6,7,8,9,10,accuracy,macro avg,weighted avg
precision,0.152317880794702,0.1518987341772152,0.10989010989010989,0.08791208791208792,0.10294117647058823,0.0,0.0,0.0,0.0,0.0,0.11483870967741935,0.060495998924470315,0.06920852349404236
recall,0.2072072072072072,0.12244897959183673,0.13513513513513514,0.21621621621621623,0.4,0.0,0.0,0.0,0.0,0.0,0.11483870967741935,0.10810075381503954,0.11483870967741935
f1-score,0.17557251908396948,0.13559322033898305,0.12121212121212122,0.125,0.16374269005847952,0.0,0.0,0.0,0.0,0.0,0.11483870967741935,0.07211205506935534,0.0805914457875245
support,111.0,98.0,74.0,74.0,70.0,104.0,73.0,68.0,61.0,42.0,0.11483870967741935,775.0,775.0
