,1,2,3,4,5,6,7,8,9,10,accuracy,macro avg,weighted avg
precision,0.08533333333333333,0.09162303664921466,0.0,0.0,0.0,0.0,0.0,0.0,0.0,0.0,0.08850726552179657,0.0176956369982548,0.01513983968129915
recall,0.5614035087719298,0.4861111111111111,0.0,0.0,0.0,0.0,0.0,0.0,0.0,0.0,0.08850726552179657,0.1047514619883041,0.08850726552179657
f1-score,0.14814814814814814,0.15418502202643172,0.0,0.0,0.0,0.0,0.0,0.0,0.0,0.0,0.08850726552179657,0.030233317017457982,0.025820034386192244
support,57.0,72.0,84.0,83.0,62.0,80.0,73.0,87.0,83.0,76.0,0.08850726552179657,757.0,757.0
