,1,2,3,4,5,6,7,8,9,10,accuracy,macro avg,weighted avg
precision,0.10970464135021098,0.09954751131221719,0.0,0.0,0.0,0.0,0.0,0.0,0.0,0.0,0.10480349344978165,0.020925215266242816,0.019481825291994145
recall,0.6419753086419753,0.4888888888888889,0.0,0.0,0.0,0.0,0.0,0.0,0.0,0.0,0.10480349344978165,0.11308641975308642,0.10480349344978165
f1-score,0.18738738738738742,0.16541353383458643,0.0,0.0,0.0,0.0,0.0,0.0,0.0,0.0,0.10480349344978165,0.03528009212219738,0.03282270351909515
support,81.0,90.0,88.0,68.0,68.0,71.0,104.0,109.0,119.0,118.0,0.10480349344978165,916.0,916.0
