,1,2,3,4,5,6,7,8,9,10,accuracy,macro avg,weighted avg
precision,0.11827956989247312,0.14705882352941177,0.18461538461538463,0.18309859154929578,0.07608695652173914,0.125,0.12727272727272726,0.13953488372093023,0.2222222222222222,0.21052631578947367,0.14134742404227213,0.15336954751136578,0.15670716764556772
recall,0.19298245614035087,0.20833333333333334,0.14285714285714285,0.1566265060240964,0.11290322580645161,0.2,0.0958904109589041,0.13793103448275862,0.07228915662650602,0.10526315789473684,0.14134742404227213,0.14250764241242808,0.14134742404227213
f1-score,0.14666666666666667,0.1724137931034483,0.1610738255033557,0.1688311688311688,0.0909090909090909,0.15384615384615385,0.10937499999999999,0.13872832369942198,0.10909090909090909,0.14035087719298245,0.14134742404227213,0.13912858088431976,0.14007396127587177
support,57.0,72.0,84.0,83.0,62.0,80.0,73.0,87.0,83.0,76.0,0.14134742404227213,757.0,757.0
