,1,2,3,4,5,6,7,8,9,10,accuracy,macro avg,weighted avg
precision,0.22972972972972974,0.11052631578947368,0.11564625850340136,0.0945945945945946,0.09859154929577464,0.0,0.0,0.0,0.0,0.0,0.12903225806451613,0.06490884479129741,0.07585911035783786
recall,0.3063063063063063,0.21428571428571427,0.22972972972972974,0.1891891891891892,0.2,0.0,0.0,0.0,0.0,0.0,0.12903225806451613,0.11395109395109396,0.12903225806451613
f1-score,0.2625482625482626,0.14583333333333334,0.15384615384615385,0.12612612612612614,0.13207547169811323,0.0,0.0,0.0,0.0,0.0,0.12903225806451613,0.08204293475519893,0.0947067813501167
support,111.0,98.0,74.0,74.0,70.0,104.0,73.0,68.0,61.0,42.0,0.12903225806451613,775.0,775.0
