,1,2,3,4,5,6,7,8,9,10,accuracy,macro avg,weighted avg
precision,0.08333333333333333,0.1111111111111111,0.14049586776859505,0.0845771144278607,0.0730593607305936,0.0,0.0,0.0,0.0,0.0,0.09379128137384413,0.04925767873714938,0.04768987286046397
recall,0.15789473684210525,0.16666666666666666,0.20238095238095238,0.20481927710843373,0.25806451612903225,0.0,0.0,0.0,0.0,0.0,0.09379128137384413,0.09898261491271902,0.09379128137384413
f1-score,0.1090909090909091,0.13333333333333333,0.16585365853658535,0.11971830985915494,0.11387900355871886,0.0,0.0,0.0,0.0,0.0,0.09379128137384413,0.06418752143787015,0.061752981603970164
support,57.0,72.0,84.0,83.0,62.0,80.0,73.0,87.0,83.0,76.0,0.09379128137384413,757.0,757.0
