,1,2,3,4,5,6,7,8,9,10,accuracy,macro avg,weighted avg
precision,0.08501118568232663,0.08955223880597014,0.0,0.0,0.0,0.0,0.0,0.0,0.0,0.0,0.08733624454148471,0.017456342448829675,0.01631616542882726
recall,0.4691358024691358,0.4666666666666667,0.0,0.0,0.0,0.0,0.0,0.0,0.0,0.0,0.08733624454148471,0.09358024691358025,0.08733624454148471
f1-score,0.14393939393939392,0.15026833631484793,0.0,0.0,0.0,0.0,0.0,0.0,0.0,0.0,0.08733624454148471,0.029420773025424184,0.02749262137273714
support,81.0,90.0,88.0,68.0,68.0,71.0,104.0,109.0,119.0,118.0,0.08733624454148471,916.0,916.0
