,1,2,3,4,5,6,7,8,9,10,accuracy,macro avg,weighted avg
precision,0.09547738693467336,0.11637931034482758,0.13253012048192772,0.09900990099009901,0.085,0.0,0.0,0.0,0.0,0.0,0.10262008733624454,0.052839671875152774,0.04626979273196441
recall,0.2345679012345679,0.3,0.125,0.29411764705882354,0.25,0.0,0.0,0.0,0.0,0.0,0.10262008733624454,0.12036855482933914,0.10262008733624454
f1-score,0.1357142857142857,0.16770186335403728,0.12865497076023394,0.14814814814814814,0.12686567164179105,0.0,0.0,0.0,0.0,0.0,0.10262008733624454,0.07070849396184961,0.06125393233333728
support,81.0,90.0,88.0,68.0,68.0,71.0,104.0,109.0,119.0,118.0,0.10262008733624454,916.0,916.0
