,1,2,3,4,5,6,7,8,9,10,accuracy,macro avg,weighted avg
precision,0.059322033898305086,0.0673076923076923,0.08771929824561403,0.11931818181818182,0.10612244897959183,0.0,0.0,0.0,0.0,0.0,0.09379128137384413,0.043978965524938504,0.04237639598234161
recall,0.12280701754385964,0.09722222222222222,0.11904761904761904,0.25301204819277107,0.41935483870967744,0.0,0.0,0.0,0.0,0.0,0.09379128137384413,0.10114437457161493,0.09379128137384413
f1-score,0.08,0.07954545454545454,0.10101010101010101,0.16216216216216217,0.16938110749185667,0.0,0.0,0.0,0.0,0.0,0.09379128137384413,0.059209882520957435,0.05645073888517277
support,57.0,72.0,84.0,83.0,62.0,80.0,73.0,87.0,83.0,76.0,0.09379128137384413,757.0,757.0
