,1,2,3,4,5,6,7,8,9,10,accuracy,macro avg,weighted avg
precision,0.09480812641083522,0.08668076109936575,0.0,0.0,0.0,0.0,0.0,0.0,0.0,0.0,0.0906113537117904,0.0181488887510201,0.01690035670111416
recall,0.5185185185185185,0.45555555555555555,0.0,0.0,0.0,0.0,0.0,0.0,0.0,0.0,0.0906113537117904,0.09740740740740741,0.0906113537117904
f1-score,0.1603053435114504,0.14564831261101244,0.0,0.0,0.0,0.0,0.0,0.0,0.0,0.0,0.0906113537117904,0.030595365612246284,0.02848589624390677
support,81.0,90.0,88.0,68.0,68.0,71.0,104.0,109.0,119.0,118.0,0.0906113537117904,916.0,916.0
