,1,2,3,4,5,6,7,8,9,10,accuracy,macro avg,weighted avg
precision,0.078125,0.0938337801608579,0.0,0.0,0.0,0.0,0.0,0.0,0.0,0.0,0.08586525759577279,0.01719587801608579,0.014807341045682654
recall,0.5263157894736842,0.4861111111111111,0.0,0.0,0.0,0.0,0.0,0.0,0.0,0.0,0.08586525759577279,0.10124269005847952,0.08586525759577279
f1-score,0.13605442176870747,0.15730337078651685,0.0,0.0,0.0,0.0,0.0,0.0,0.0,0.0,0.08586525759577279,0.029335779255522432,0.025206003616176403
support,57.0,72.0,84.0,83.0,62.0,80.0,73.0,87.0,83.0,76.0,0.08586525759577279,757.0,757.0
