,1,2,3,4,5,6,7,8,9,10,accuracy,macro avg,weighted avg
precision,0.06766917293233082,0.08540925266903915,0.08695652173913043,0.07344632768361582,0.06097560975609756,0.0,0.0,0.0,0.0,0.0,0.07641921397379912,0.03744568847802138,0.03270840764920995
recall,0.1111111111111111,0.26666666666666666,0.1590909090909091,0.19117647058823528,0.14705882352941177,0.0,0.0,0.0,0.0,0.0,0.07641921397379912,0.0875103980986334,0.07641921397379912
f1-score,0.08411214953271028,0.1293800539083558,0.11244979919678715,0.10612244897959183,0.08620689655172413,0.0,0.0,0.0,0.0,0.0,0.07641921397379912,0.05182713481691692,0.04523064059972522
support,81.0,90.0,88.0,68.0,68.0,71.0,104.0,109.0,119.0,118.0,0.07641921397379912,916.0,916.0
