,1,2,3,4,5,6,7,8,9,10,accuracy,macro avg,weighted avg
precision,0.10676156583629894,0.11557788944723618,0.10891089108910891,0.06329113924050633,0.05263157894736842,0.0,0.0,0.0,0.0,0.0,0.09716157205240175,0.044717306456051875,0.039865283990839016
recall,0.37037037037037035,0.25555555555555554,0.25,0.14705882352941177,0.058823529411764705,0.0,0.0,0.0,0.0,0.0,0.09716157205240175,0.10818082788671024,0.09716157205240175
f1-score,0.16574585635359118,0.15916955017301038,0.15172413793103448,0.08849557522123895,0.05555555555555555,0.0,0.0,0.0,0.0,0.0,0.09716157205240175,0.06206906752344306,0.055565365623324106
support,81.0,90.0,88.0,68.0,68.0,71.0,104.0,109.0,119.0,118.0,0.09716157205240175,916.0,916.0
