,1,2,3,4,5,6,7,8,9,10,accuracy,macro avg,weighted avg
precision,0.07972665148063782,0.09643605870020965,0.0,0.0,0.0,0.0,0.0,0.0,0.0,0.0,0.08842794759825327,0.017616271018084745,0.016525222765229837
recall,0.43209876543209874,0.5111111111111111,0.0,0.0,0.0,0.0,0.0,0.0,0.0,0.0,0.08842794759825327,0.09432098765432098,0.08842794759825327
f1-score,0.1346153846153846,0.16225749559082892,0.0,0.0,0.0,0.0,0.0,0.0,0.0,0.0,0.08842794759825327,0.02968728802062135,0.02784609252949864
support,81.0,90.0,88.0,68.0,68.0,71.0,104.0,109.0,119.0,118.0,0.08842794759825327,916.0,916.0
