,1,2,3,4,5,6,7,8,9,10,accuracy,macro avg,weighted avg
precision,0.12893982808022922,0.13615023474178403,0.0,0.0,0.0,0.0,0.0,0.0,0.0,0.0,0.1329032258064516,0.026509006282201326,0.035683927640774556
recall,0.40540540540540543,0.5918367346938775,0.0,0.0,0.0,0.0,0.0,0.0,0.0,0.0,0.1329032258064516,0.0997242140099283,0.1329032258064516
f1-score,0.19565217391304346,0.22137404580152673,0.0,0.0,0.0,0.0,0.0,0.0,0.0,0.0,0.1329032258064516,0.04170262197145702,0.0560155455392225
support,111.0,98.0,74.0,74.0,70.0,104.0,73.0,68.0,61.0,42.0,0.1329032258064516,775.0,775.0
