,1,2,3,4,5,6,7,8,9,10,accuracy,macro avg,weighted avg
precision,0.10421286031042129,0.09247311827956989,0.0,0.0,0.0,0.0,0.0,0.0,0.0,0.0,0.0982532751091703,0.019668597858999118,0.01830111608111945
recall,0.5802469135802469,0.4777777777777778,0.0,0.0,0.0,0.0,0.0,0.0,0.0,0.0,0.0982532751091703,0.10580246913580246,0.0982532751091703
f1-score,0.17669172932330826,0.15495495495495495,0.0,0.0,0.0,0.0,0.0,0.0,0.0,0.0,0.0982532751091703,0.033164668427826324,0.030849318800364536
support,81.0,90.0,88.0,68.0,68.0,71.0,104.0,109.0,119.0,118.0,0.0982532751091703,916.0,916.0
