,1,2,3,4,5,6,7,8,9,10,accuracy,macro avg,weighted avg
precision,0.13256484149855907,0.11214953271028037,0.0,0.0,0.0,0.0,0.0,0.0,0.0,0.0,0.12129032258064516,0.024471437420883944,0.0331681956283194
recall,0.4144144144144144,0.4897959183673469,0.0,0.0,0.0,0.0,0.0,0.0,0.0,0.0,0.12129032258064516,0.09042103327817613,0.12129032258064516
f1-score,0.20087336244541484,0.18250950570342206,0.0,0.0,0.0,0.0,0.0,0.0,0.0,0.0,0.12129032258064516,0.038338286814883694,0.05184887069725988
support,111.0,98.0,74.0,74.0,70.0,104.0,73.0,68.0,61.0,42.0,0.12129032258064516,775.0,775.0
