,1,2,3,4,5,6,7,8,9,10,accuracy,macro avg,weighted avg
precision,0.288135593220339,0.12,0.14606741573033707,0.08045977011494253,0.13432835820895522,0.14102564102564102,0.1038961038961039,0.12359550561797752,0.13157894736842105,0.05825242718446602,0.12645161290322582,0.13273397623671832,0.14327424779220796
recall,0.15315315315315314,0.061224489795918366,0.17567567567567569,0.0945945945945946,0.12857142857142856,0.10576923076923077,0.1095890410958904,0.16176470588235295,0.16393442622950818,0.14285714285714285,0.12645161290322582,0.12971338886248954,0.12645161290322582
f1-score,0.2,0.08108108108108107,0.15950920245398773,0.08695652173913045,0.1313868613138686,0.12087912087912087,0.10666666666666667,0.14012738853503184,0.145985401459854,0.08275862068965517,0.12645161290322582,0.12553508648183964,0.12883770199316322
support,111.0,98.0,74.0,74.0,70.0,104.0,73.0,68.0,61.0,42.0,0.12645161290322582,775.0,775.0
