,1,2,3,4,5,6,7,8,9,10,accuracy,macro avg,weighted avg
precision,0.12169312169312169,0.21428571428571427,0.22641509433962265,0.08333333333333333,0.09965635738831616,0.0,0.0,0.0,0.0,0.0,0.12516129032258064,0.0745383621040108,0.08310356796505469
recall,0.2072072072072072,0.21428571428571427,0.16216216216216217,0.16216216216216217,0.4142857142857143,0.0,0.0,0.0,0.0,0.0,0.12516129032258064,0.11601029601029603,0.12516129032258064
f1-score,0.15333333333333332,0.21428571428571427,0.18897637795275593,0.11009174311926606,0.16066481994459833,0.0,0.0,0.0,0.0,0.0,0.12516129032258064,0.0827351988635668,0.09212590755542129
support,111.0,98.0,74.0,74.0,70.0,104.0,73.0,68.0,61.0,42.0,0.12516129032258064,775.0,775.0
