,1,2,3,4,5,6,7,8,9,10,accuracy,macro avg,weighted avg
precision,0.09411764705882353,0.10183299389002037,0.0,0.0,0.0,0.0,0.0,0.0,0.0,0.0,0.0982532751091703,0.01959506409488439,0.018328055526055174
recall,0.49382716049382713,0.5555555555555556,0.0,0.0,0.0,0.0,0.0,0.0,0.0,0.0,0.0982532751091703,0.10493827160493827,0.0982532751091703
f1-score,0.15810276679841898,0.1721170395869191,0.0,0.0,0.0,0.0,0.0,0.0,0.0,0.0,0.0982532751091703,0.03302198063853381,0.03089176601909897
support,81.0,90.0,88.0,68.0,68.0,71.0,104.0,109.0,119.0,118.0,0.0982532751091703,916.0,916.0
