,1,2,3,4,5,6,7,8,9,10,accuracy,macro avg,weighted avg
precision,0.13506493506493505,0.13076923076923078,0.0,0.0,0.0,0.0,0.0,0.0,0.0,0.0,0.1329032258064516,0.026583416583416584,0.03588076439689343
recall,0.46846846846846846,0.5204081632653061,0.0,0.0,0.0,0.0,0.0,0.0,0.0,0.0,0.1329032258064516,0.09888766317337747,0.1329032258064516
f1-score,0.20967741935483872,0.209016393442623,0.0,0.0,0.0,0.0,0.0,0.0,0.0,0.0,0.1329032258064516,0.04186938127974617,0.05646167755582471
support,111.0,98.0,74.0,74.0,70.0,104.0,73.0,68.0,61.0,42.0,0.1329032258064516,775.0,775.0
