,1,2,3,4,5,6,7,8,9,10,accuracy,macro avg,weighted avg
precision,0.08620689655172414,0.10784313725490197,0.0,0.0,0.0,0.0,0.0,0.0,0.0,0.0,0.0982532751091703,0.01940500338066261,0.0182190403642258
recall,0.43209876543209874,0.6111111111111112,0.0,0.0,0.0,0.0,0.0,0.0,0.0,0.0,0.0982532751091703,0.10432098765432099,0.0982532751091703
f1-score,0.14373716632443534,0.18333333333333335,0.0,0.0,0.0,0.0,0.0,0.0,0.0,0.0,0.0982532751091703,0.03270704996577687,0.030723483048339807
support,81.0,90.0,88.0,68.0,68.0,71.0,104.0,109.0,119.0,118.0,0.0982532751091703,916.0,916.0
