,1,2,3,4,5,6,7,8,9,10,accuracy,macro avg,weighted avg
precision,0.11041009463722397,0.16184971098265896,0.07894736842105263,0.08670520231213873,0.039603960396039604,0.0,0.0,0.0,0.0,0.0,0.10262008733624454,0.047751633674911385,0.042626728317972935
recall,0.43209876543209874,0.3111111111111111,0.13636363636363635,0.22058823529411764,0.058823529411764705,0.0,0.0,0.0,0.0,0.0,0.10262008733624454,0.11589852776127285,0.10262008733624454
f1-score,0.17587939698492458,0.21292775665399238,0.09999999999999999,0.12448132780082986,0.04733727810650888,0.0,0.0,0.0,0.0,0.0,0.10262008733624454,0.06606257595462557,0.058835583467617074
support,81.0,90.0,88.0,68.0,68.0,71.0,104.0,109.0,119.0,118.0,0.10262008733624454,916.0,916.0
