,1,2,3,4,5,6,7,8,9,10,accuracy,macro avg,weighted avg
precision,0.12556053811659193,0.1094224924012158,0.0,0.0,0.0,0.0,0.0,0.0,0.0,0.0,0.11870967741935484,0.023498303051780772,0.03182015998227207
recall,0.5045045045045045,0.3673469387755102,0.0,0.0,0.0,0.0,0.0,0.0,0.0,0.0,0.11870967741935484,0.08718514432800147,0.11870967741935484
f1-score,0.20107719928186715,0.1686182669789227,0.0,0.0,0.0,0.0,0.0,0.0,0.0,0.0,0.11870967741935484,0.036969546626078986,0.05012149585060862
support,111.0,98.0,74.0,74.0,70.0,104.0,73.0,68.0,61.0,42.0,0.11870967741935484,775.0,775.0
