,1,2,3,4,5,6,7,8,9,10,accuracy,macro avg,weighted avg
precision,0.10112359550561797,0.11040339702760085,0.0,0.0,0.0,0.0,0.0,0.0,0.0,0.0,0.10589519650655022,0.02115269925332188,0.01978964734545757
recall,0.5555555555555556,0.5777777777777777,0.0,0.0,0.0,0.0,0.0,0.0,0.0,0.0,0.10589519650655022,0.11333333333333333,0.10589519650655022
f1-score,0.17110266159695817,0.18538324420677363,0.0,0.0,0.0,0.0,0.0,0.0,0.0,0.0,0.10589519650655022,0.03564859058037318,0.033344768087296105
support,81.0,90.0,88.0,68.0,68.0,71.0,104.0,109.0,119.0,118.0,0.10589519650655022,916.0,916.0
