,1,2,3,4,5,6,7,8,9,10,accuracy,macro avg,weighted avg
precision,0.05649717514124294,0.09429280397022333,0.0,0.0,0.0,0.0,0.0,0.0,0.0,0.0,0.07661822985468957,0.015078997911146627,0.013222484635279957
recall,0.3508771929824561,0.5277777777777778,0.0,0.0,0.0,0.0,0.0,0.0,0.0,0.0,0.07661822985468957,0.0878654970760234,0.07661822985468957
f1-score,0.097323600973236,0.16,0.0,0.0,0.0,0.0,0.0,0.0,0.0,0.0,0.07661822985468957,0.025732360097323603,0.022546162820970217
support,57.0,72.0,84.0,83.0,62.0,80.0,73.0,87.0,83.0,76.0,0.07661822985468957,757.0,757.0
