,1,2,3,4,5,6,7,8,9,10,accuracy,macro avg,weighted avg
precision,0.0944055944055944,0.09045226130653267,0.08982035928143713,0.056451612903225805,0.04285714285714286,0.0,0.0,0.0,0.0,0.0,0.07969432314410481,0.03739869707539329,0.033236619730253956
recall,0.3333333333333333,0.2,0.17045454545454544,0.10294117647058823,0.08823529411764706,0.0,0.0,0.0,0.0,0.0,0.07969432314410481,0.0894964349376114,0.07969432314410481
f1-score,0.14713896457765666,0.12456747404844291,0.1176470588235294,0.07291666666666666,0.057692307692307696,0.0,0.0,0.0,0.0,0.0,0.07969432314410481,0.051996247180860336,0.046248559200907084
support,81.0,90.0,88.0,68.0,68.0,71.0,104.0,109.0,119.0,118.0,0.07969432314410481,916.0,916.0
