,1,2,3,4,5,6,7,8,9,10,accuracy,macro avg,weighted avg
precision,0.07446808510638298,0.09448818897637795,0.0,0.0,0.0,0.0,0.0,0.0,0.0,0.0,0.0845442536327609,0.016895627408276093,0.01459422781686003
recall,0.49122807017543857,0.5,0.0,0.0,0.0,0.0,0.0,0.0,0.0,0.0,0.0845442536327609,0.09912280701754386,0.0845442536327609
f1-score,0.12933025404157042,0.15894039735099336,0.0,0.0,0.0,0.0,0.0,0.0,0.0,0.0,0.0845442536327609,0.02882706513925638,0.024855393777597143
support,57.0,72.0,84.0,83.0,62.0,80.0,73.0,87.0,83.0,76.0,0.0845442536327609,757.0,757.0
