,1,2,3,4,5,6,7,8,9,10,accuracy,macro avg,weighted avg
precision,0.08296943231441048,0.08571428571428572,0.07792207792207792,0.07027027027027027,0.08333333333333333,0.0,0.0,0.0,0.0,0.0,0.07969432314410481,0.04002093995543777,0.03464737732962977
recall,0.2345679012345679,0.16666666666666666,0.20454545454545456,0.19117647058823528,0.11764705882352941,0.0,0.0,0.0,0.0,0.0,0.07969432314410481,0.09146035518584539,0.07969432314410481
f1-score,0.12258064516129032,0.11320754716981132,0.1128526645768025,0.10276679841897234,0.09756097560975609,0.0,0.0,0.0,0.0,0.0,0.07969432314410481,0.05489686309366326,0.04767580198696472
support,81.0,90.0,88.0,68.0,68.0,71.0,104.0,109.0,119.0,118.0,0.07969432314410481,916.0,916.0
