,1,2,3,4,5,6,7,8,9,10,accuracy,macro avg,weighted avg
precision,0.08152173913043478,0.11475409836065574,0.07801418439716312,0.12258064516129032,0.07096774193548387,0.0,0.0,0.0,0.0,0.0,0.09247027741083223,0.04678384089850278,0.04496224471618335
recall,0.2631578947368421,0.19444444444444445,0.13095238095238096,0.2289156626506024,0.1774193548387097,0.0,0.0,0.0,0.0,0.0,0.09247027741083223,0.09948897376229797,0.09247027741083223
f1-score,0.12448132780082989,0.14432989690721648,0.09777777777777777,0.15966386554621848,0.10138248847926266,0.0,0.0,0.0,0.0,0.0,0.09247027741083223,0.06276353565113053,0.059760022088970466
support,57.0,72.0,84.0,83.0,62.0,80.0,73.0,87.0,83.0,76.0,0.09247027741083223,757.0,757.0
