,1,2,3,4,5,6,7,8,9,10,accuracy,macro avg,weighted avg
precision,0.08208955223880597,0.1188118811881188,0.12359550561797752,0.09239130434782608,0.08032128514056225,0.0,0.0,0.0,0.0,0.0,0.09379128137384413,0.049720952853329066,0.04790486173665922
recall,0.19298245614035087,0.16666666666666666,0.13095238095238096,0.20481927710843373,0.3225806451612903,0.0,0.0,0.0,0.0,0.0,0.09379128137384413,0.10180014260291226,0.09379128137384413
f1-score,0.11518324607329841,0.13872832369942195,0.12716763005780346,0.12734082397003746,0.12861736334405144,0.0,0.0,0.0,0.0,0.0,0.09379128137384413,0.06370373871446126,0.06047494078498835
support,57.0,72.0,84.0,83.0,62.0,80.0,73.0,87.0,83.0,76.0,0.09379128137384413,757.0,757.0
