,1,2,3,4,5,6,7,8,9,10,accuracy,macro avg,weighted avg
precision,0.09868421052631579,0.10344827586206896,0.08163265306122448,0.06741573033707865,0.057971014492753624,0.0,0.0,0.0,0.0,0.0,0.08187772925764192,0.04091518842794415,0.036041198687810194
recall,0.18518518518518517,0.26666666666666666,0.13636363636363635,0.17647058823529413,0.17647058823529413,0.0,0.0,0.0,0.0,0.0,0.08187772925764192,0.09411566646860765,0.08187772925764192
f1-score,0.12875536480686697,0.14906832298136646,0.10212765957446808,0.09756097560975609,0.08727272727272728,0.0,0.0,0.0,0.0,0.0,0.08187772925764192,0.05647850502451849,0.049564693729521034
support,81.0,90.0,88.0,68.0,68.0,71.0,104.0,109.0,119.0,118.0,0.08187772925764192,916.0,916.0
