,1,2,3,4,5,6,7,8,9,10,accuracy,macro avg,weighted avg
precision,0.13815789473684212,0.10179640718562874,0.07563025210084033,0.08391608391608392,0.05670103092783505,0.0,0.0,0.0,0.0,0.0,0.09032258064516129,0.04562016688672302,0.0530155809679767
recall,0.1891891891891892,0.17346938775510204,0.12162162162162163,0.16216216216216217,0.15714285714285714,0.0,0.0,0.0,0.0,0.0,0.09032258064516129,0.08035852178709321,0.09032258064516129
f1-score,0.15969581749049433,0.12830188679245283,0.09326424870466321,0.11059907834101383,0.08333333333333333,0.0,0.0,0.0,0.0,0.0,0.09032258064516129,0.05751943646619575,0.0660890841055725
support,111.0,98.0,74.0,74.0,70.0,104.0,73.0,68.0,61.0,42.0,0.09032258064516129,775.0,775.0
