,1,2,3,4,5,6,7,8,9,10,accuracy,macro avg,weighted avg
precision,0.06535947712418301,0.08837209302325581,0.08588957055214724,0.0898876404494382,0.057971014492753624,0.0,0.0,0.0,0.0,0.0,0.07751091703056769,0.03874797956417779,0.03369025847577494
recall,0.12345679012345678,0.2111111111111111,0.1590909090909091,0.23529411764705882,0.17647058823529413,0.0,0.0,0.0,0.0,0.0,0.07751091703056769,0.090542351620783,0.07751091703056769
f1-score,0.08547008547008547,0.12459016393442623,0.11155378486055778,0.13008130081300812,0.08727272727272728,0.0,0.0,0.0,0.0,0.0,0.07751091703056769,0.05389680623508049,0.04665174525626024
support,81.0,90.0,88.0,68.0,68.0,71.0,104.0,109.0,119.0,118.0,0.07751091703056769,916.0,916.0
