,1,2,3,4,5,6,7,8,9,10,accuracy,macro avg,weighted avg
precision,0.1358974358974359,0.13506493506493505,0.0,0.0,0.0,0.0,0.0,0.0,0.0,0.0,0.13548387096774195,0.027096237096237097,0.03654319873674712
recall,0.4774774774774775,0.5306122448979592,0.0,0.0,0.0,0.0,0.0,0.0,0.0,0.0,0.13548387096774195,0.10080897223754368,0.13548387096774195
f1-score,0.21157684630738524,0.2153209109730849,0.0,0.0,0.0,0.0,0.0,0.0,0.0,0.0,0.13548387096774195,0.04268977572804701,0.05753094092320269
support,111.0,98.0,74.0,74.0,70.0,104.0,73.0,68.0,61.0,42.0,0.13548387096774195,775.0,775.0
