,1,2,3,4,5,6,7,8,9,10,accuracy,macro avg,weighted avg
precision,0.07672634271099744,0.09836065573770492,0.0,0.0,0.0,0.0,0.0,0.0,0.0,0.0,0.08718626155878467,0.017508699844870235,0.015132587513397104
recall,0.5263157894736842,0.5,0.0,0.0,0.0,0.0,0.0,0.0,0.0,0.0,0.08718626155878467,0.10263157894736841,0.08718626155878467
f1-score,0.13392857142857142,0.1643835616438356,0.0,0.0,0.0,0.0,0.0,0.0,0.0,0.0,0.08718626155878467,0.0298312133072407,0.025719346115963982
support,57.0,72.0,84.0,83.0,62.0,80.0,73.0,87.0,83.0,76.0,0.08718626155878467,757.0,757.0
