,1,2,3,4,5,6,7,8,9,10,accuracy,macro avg,weighted avg
precision,0.17801047120418848,0.11195928753180662,0.0,0.0,0.0,0.0,0.0,0.0,0.0,0.0,0.14451612903225808,0.028996975873599506,0.03965312578294448
recall,0.6126126126126126,0.4489795918367347,0.0,0.0,0.0,0.0,0.0,0.0,0.0,0.0,0.14451612903225808,0.10615922044493473,0.14451612903225808
f1-score,0.27586206896551724,0.17922606924643586,0.0,0.0,0.0,0.0,0.0,0.0,0.0,0.0,0.14451612903225808,0.04550881382119531,0.06217399282751371
support,111.0,98.0,74.0,74.0,70.0,104.0,73.0,68.0,61.0,42.0,0.14451612903225808,775.0,775.0
