,1,2,3,4,5,6,7,8,9,10,accuracy,macro avg,weighted avg
precision,0.15025906735751296,0.11568123393316196,0.0,0.0,0.0,0.0,0.0,0.0,0.0,0.0,0.1329032258064516,0.02659403012906749,0.036149054712430725
recall,0.5225225225225225,0.45918367346938777,0.0,0.0,0.0,0.0,0.0,0.0,0.0,0.0,0.1329032258064516,0.09817061959919102,0.1329032258064516
f1-score,0.23340040241448695,0.18480492813141686,0.0,0.0,0.0,0.0,0.0,0.0,0.0,0.0,0.1329032258064516,0.04182053305459038,0.05679784209662827
support,111.0,98.0,74.0,74.0,70.0,104.0,73.0,68.0,61.0,42.0,0.1329032258064516,775.0,775.0
