,1,2,3,4,5,6,7,8,9,10,accuracy,macro avg,weighted avg
precision,0.027777777777777776,0.08,0.13636363636363635,0.13076923076923078,0.15625,0.05263157894736842,0.07692307692307693,0.15254237288135594,0.17647058823529413,0.10416666666666667,0.11353711790393013,0.1093894928564407,0.1120337719522984
recall,0.024691358024691357,0.06666666666666667,0.20454545454545456,0.25,0.14705882352941177,0.04225352112676056,0.07692307692307693,0.1651376146788991,0.10084033613445378,0.0847457627118644,0.11353711790393013,0.11628626143412793,0.11353711790393013
f1-score,0.026143790849673203,0.07272727272727272,0.16363636363636364,0.17171717171717174,0.15151515151515152,0.046875,0.07692307692307693,0.15859030837004404,0.1283422459893048,0.09345794392523364,0.11353711790393013,0.10899283256532921,0.10912459918375075
support,81.0,90.0,88.0,68.0,68.0,71.0,104.0,109.0,119.0,118.0,0.11353711790393013,916.0,916.0
