,1,2,3,4,5,6,7,8,9,10,accuracy,macro avg,weighted avg
precision,0.07534246575342465,0.14705882352941177,0.10784313725490197,0.0967741935483871,0.08597285067873303,0.0,0.0,0.0,0.0,0.0,0.0977542932628798,0.05129914707648585,0.049278935506039886
recall,0.19298245614035087,0.20833333333333334,0.13095238095238096,0.21686746987951808,0.3064516129032258,0.0,0.0,0.0,0.0,0.0,0.0977542932628798,0.10555872532088091,0.0977542932628798
f1-score,0.1083743842364532,0.1724137931034483,0.11827956989247312,0.1338289962825279,0.13427561837455831,0.0,0.0,0.0,0.0,0.0,0.0977542932628798,0.06671723618894607,0.06335470529268994
support,57.0,72.0,84.0,83.0,62.0,80.0,73.0,87.0,83.0,76.0,0.0977542932628798,757.0,757.0
