,1,2,3,4,5,6,7,8,9,10,accuracy,macro avg,weighted avg
precision,0.11695906432748537,0.17557251908396945,0.12359550561797752,0.09090909090909091,0.0776255707762557,0.0,0.0,0.0,0.0,0.0,0.11096774193548387,0.05846617507147789,0.06644605562312367
recall,0.18018018018018017,0.23469387755102042,0.14864864864864866,0.20270270270270271,0.24285714285714285,0.0,0.0,0.0,0.0,0.0,0.11096774193548387,0.10090825519396948,0.11096774193548387
f1-score,0.14184397163120566,0.20087336244541482,0.13496932515337423,0.12552301255230128,0.11764705882352941,0.0,0.0,0.0,0.0,0.0,0.11096774193548387,0.07208567306058253,0.08121548061752455
support,111.0,98.0,74.0,74.0,70.0,104.0,73.0,68.0,61.0,42.0,0.11096774193548387,775.0,775.0
