,1,2,3,4,5,6,7,8,9,10,accuracy,macro avg,weighted avg
precision,0.10688836104513064,0.09090909090909091,0.0,0.0,0.0,0.0,0.0,0.0,0.0,0.0,0.0982532751091703,0.019779745195422156,0.018384034308377473
recall,0.5555555555555556,0.5,0.0,0.0,0.0,0.0,0.0,0.0,0.0,0.0,0.0982532751091703,0.10555555555555556,0.0982532751091703
f1-score,0.1792828685258964,0.15384615384615385,0.0,0.0,0.0,0.0,0.0,0.0,0.0,0.0,0.0982532751091703,0.033312902237205025,0.030969504581606393
support,81.0,90.0,88.0,68.0,68.0,71.0,104.0,109.0,119.0,118.0,0.0982532751091703,916.0,916.0
