,1,2,3,4,5,6,7,8,9,10,accuracy,macro avg,weighted avg
precision,0.08396946564885496,0.10325047801147227,0.0,0.0,0.0,0.0,0.0,0.0,0.0,0.0,0.09497816593886463,0.018721994366032724,0.0175699451294648
recall,0.4074074074074074,0.6,0.0,0.0,0.0,0.0,0.0,0.0,0.0,0.0,0.09497816593886463,0.10074074074074073,0.09497816593886463
f1-score,0.13924050632911394,0.1761827079934747,0.0,0.0,0.0,0.0,0.0,0.0,0.0,0.0,0.09497816593886463,0.031542321432258866,0.02962328027518663
support,81.0,90.0,88.0,68.0,68.0,71.0,104.0,109.0,119.0,118.0,0.09497816593886463,916.0,916.0
