,1,2,3,4,5,6,7,8,9,10,accuracy,macro avg,weighted avg
precision,0.13917525773195877,0.12403100775193798,0.0,0.0,0.0,0.0,0.0,0.0,0.0,0.0,0.13161290322580646,0.026320626548389674,0.03561740950701593
recall,0.4864864864864865,0.4897959183673469,0.0,0.0,0.0,0.0,0.0,0.0,0.0,0.0,0.13161290322580646,0.09762824048538335,0.13161290322580646
f1-score,0.2164328657314629,0.1979381443298969,0.0,0.0,0.0,0.0,0.0,0.0,0.0,0.0,0.13161290322580646,0.04143710100613598,0.05602836934260939
support,111.0,98.0,74.0,74.0,70.0,104.0,73.0,68.0,61.0,42.0,0.13161290322580646,775.0,775.0
