,1,2,3,4,5,6,7,8,9,10,accuracy,macro avg,weighted avg
precision,0.09826589595375723,0.09826589595375723,0.16049382716049382,0.10256410256410256,0.08163265306122448,0.0761904761904762,0.1864406779661017,0.11578947368421053,0.09523809523809523,0.12121212121212122,0.10807860262008734,0.11360932189843402,0.11627628271471521
recall,0.20987654320987653,0.18888888888888888,0.14772727272727273,0.11764705882352941,0.11764705882352941,0.11267605633802817,0.10576923076923077,0.10091743119266056,0.01680672268907563,0.03389830508474576,0.10807860262008734,0.11518545685468377,0.10807860262008734
f1-score,0.13385826771653545,0.12927756653992398,0.15384615384615383,0.1095890410958904,0.09638554216867469,0.09090909090909091,0.13496932515337423,0.10784313725490197,0.02857142857142857,0.052980132450331126,0.10807860262008734,0.10382296857063052,0.10034950516867275
support,81.0,90.0,88.0,68.0,68.0,71.0,104.0,109.0,119.0,118.0,0.10807860262008734,916.0,916.0
