,1,2,3,4,5,6,7,8,9,10,accuracy,macro avg,weighted avg
precision,0.13559322033898305,0.11574074074074074,0.08163265306122448,0.07692307692307693,0.059602649006622516,0.0,0.0,0.0,0.0,0.0,0.09419354838709677,0.046949234007064765,0.05457903161228593
recall,0.14414414414414414,0.25510204081632654,0.16216216216216217,0.14864864864864866,0.12857142857142856,0.0,0.0,0.0,0.0,0.0,0.09419354838709677,0.08386284243427101,0.09419354838709677
f1-score,0.13973799126637554,0.1592356687898089,0.1085972850678733,0.10138248847926268,0.08144796380090497,0.0,0.0,0.0,0.0,0.0,0.09419354838709677,0.05904013974042253,0.06755596552325209
support,111.0,98.0,74.0,74.0,70.0,104.0,73.0,68.0,61.0,42.0,0.09419354838709677,775.0,775.0
