,1,2,3,4,5,6,7,8,9,10,accuracy,macro avg,weighted avg
precision,0.14953271028037382,0.13544668587896252,0.0,0.0,0.0,0.0,0.0,0.0,0.0,0.0,0.1432258064516129,0.02849793961593363,0.038544394912593316
recall,0.5765765765765766,0.47959183673469385,0.0,0.0,0.0,0.0,0.0,0.0,0.0,0.0,0.1432258064516129,0.10561684133112706,0.1432258064516129
f1-score,0.2374768089053803,0.21123595505617976,0.0,0.0,0.0,0.0,0.0,0.0,0.0,0.0,0.1432258064516129,0.044871276396156005,0.060723934689035905
support,111.0,98.0,74.0,74.0,70.0,104.0,73.0,68.0,61.0,42.0,0.1432258064516129,775.0,775.0
