,1,2,3,4,5,6,7,8,9,10,accuracy,macro avg,weighted avg
precision,0.07853403141361257,0.12444444444444444,0.1056338028169014,0.03940886699507389,0.05161290322580645,0.0,0.0,0.0,0.0,0.0,0.08078602620087336,0.03996340488958387,0.03607697769367883
recall,0.18518518518518517,0.3111111111111111,0.17045454545454544,0.11764705882352941,0.11764705882352941,0.0,0.0,0.0,0.0,0.0,0.08078602620087336,0.09020449593979005,0.08078602620087336
f1-score,0.11029411764705883,0.17777777777777776,0.13043478260869565,0.05904059040590406,0.07174887892376682,0.0,0.0,0.0,0.0,0.0,0.08078602620087336,0.05492961473632031,0.049460445756981004
support,81.0,90.0,88.0,68.0,68.0,71.0,104.0,109.0,119.0,118.0,0.08078602620087336,916.0,916.0
