,1,2,3,4,5,6,7,8,9,10,accuracy,macro avg,weighted avg
precision,0.2127659574468085,0.16058394160583941,0.06451612903225806,0.08450704225352113,0.09259259259259259,0.0,0.0,0.0,0.0,0.0,0.11096774193548387,0.06149656629310196,0.07337218543302858
recall,0.18018018018018017,0.22448979591836735,0.16216216216216217,0.16216216216216217,0.2857142857142857,0.0,0.0,0.0,0.0,0.0,0.11096774193548387,0.10147085861371577,0.11096774193548387
f1-score,0.1951219512195122,0.18723404255319148,0.09230769230769231,0.1111111111111111,0.13986013986013987,0.0,0.0,0.0,0.0,0.0,0.11096774193548387,0.0725634937051647,0.08367828903068368
support,111.0,98.0,74.0,74.0,70.0,104.0,73.0,68.0,61.0,42.0,0.11096774193548387,775.0,775.0
