,1,2,3,4,5,6,7,8,9,10,accuracy,macro avg,weighted avg
precision,0.08055555555555556,0.10579345088161209,0.0,0.0,0.0,0.0,0.0,0.0,0.0,0.0,0.09379128137384413,0.018634900643716763,0.016127866750518804
recall,0.5087719298245614,0.5833333333333334,0.0,0.0,0.0,0.0,0.0,0.0,0.0,0.0,0.09379128137384413,0.10921052631578947,0.09379128137384413
f1-score,0.13908872901678657,0.17910447761194032,0.0,0.0,0.0,0.0,0.0,0.0,0.0,0.0,0.09379128137384413,0.031819320662872685,0.027508031627498725
support,57.0,72.0,84.0,83.0,62.0,80.0,73.0,87.0,83.0,76.0,0.09379128137384413,757.0,757.0
