,1,2,3,4,5,6,7,8,9,10,accuracy,macro avg,weighted avg
precision,0.05194805194805195,0.06756756756756757,0.07079646017699115,0.08173076923076923,0.07692307692307693,0.0,0.0,0.0,0.0,0.0,0.071334214002642,0.03489659258464568,0.03345533830403659
recall,0.14035087719298245,0.06944444444444445,0.09523809523809523,0.20481927710843373,0.25806451612903225,0.0,0.0,0.0,0.0,0.0,0.071334214002642,0.0767917210112988,0.071334214002642
f1-score,0.07582938388625592,0.0684931506849315,0.08121827411167512,0.1168384879725086,0.11851851851851852,0.0,0.0,0.0,0.0,0.0,0.071334214002642,0.04608978151738897,0.043754107537752614
support,57.0,72.0,84.0,83.0,62.0,80.0,73.0,87.0,83.0,76.0,0.071334214002642,757.0,757.0
