,1,2,3,4,5,6,7,8,9,10,accuracy,macro avg,weighted avg
precision,0.140625,0.14,0.06111111111111111,0.10795454545454546,0.07092198581560284,0.0,0.0,0.0,0.0,0.0,0.10193548387096774,0.05206126423812594,0.06039325495864617
recall,0.16216216216216217,0.21428571428571427,0.14864864864864866,0.25675675675675674,0.14285714285714285,0.0,0.0,0.0,0.0,0.0,0.10193548387096774,0.09247104247104247,0.10193548387096774
f1-score,0.1506276150627615,0.1693548387096774,0.08661417322834646,0.152,0.09478672985781991,0.0,0.0,0.0,0.0,0.0,0.10193548387096774,0.06533833568586053,0.0743341411283354
support,111.0,98.0,74.0,74.0,70.0,104.0,73.0,68.0,61.0,42.0,0.10193548387096774,775.0,775.0
