,1,2,3,4,5,6,7,8,9,10,accuracy,macro avg,weighted avg
precision,0.10218978102189781,0.12087912087912088,0.07207207207207207,0.10119047619047619,0.06716417910447761,0.0,0.0,0.0,0.0,0.0,0.08774193548387096,0.046349562926804456,0.052531794384937436
recall,0.12612612612612611,0.11224489795918367,0.10810810810810811,0.22972972972972974,0.2571428571428571,0.0,0.0,0.0,0.0,0.0,0.08774193548387096,0.08333517190660047,0.08774193548387096
f1-score,0.11290322580645162,0.11640211640211641,0.0864864864864865,0.14049586776859505,0.10650887573964497,0.0,0.0,0.0,0.0,0.0,0.08774193548387096,0.05627965722032946,0.06218320127558028
support,111.0,98.0,74.0,74.0,70.0,104.0,73.0,68.0,61.0,42.0,0.08774193548387096,775.0,775.0
