,1,2,3,4,5,6,7,8,9,10,accuracy,macro avg,weighted avg
precision,0.13577023498694518,0.11224489795918367,0.0,0.0,0.0,0.0,0.0,0.0,0.0,0.0,0.12387096774193548,0.024801513294612887,0.03363934978522699
recall,0.46846846846846846,0.4489795918367347,0.0,0.0,0.0,0.0,0.0,0.0,0.0,0.0,0.12387096774193548,0.0917448060305203,0.12387096774193548
f1-score,0.21052631578947373,0.1795918367346939,0.0,0.0,0.0,0.0,0.0,0.0,0.0,0.0,0.12387096774193548,0.03901181525241676,0.05286247877758914
support,111.0,98.0,74.0,74.0,70.0,104.0,73.0,68.0,61.0,42.0,0.12387096774193548,775.0,775.0
