,1,2,3,4,5,6,7,8,9,10,accuracy,macro avg,weighted avg
precision,0.183206106870229,0.19444444444444445,0.09090909090909091,0.08387096774193549,0.08032128514056225,0.0,0.0,0.0,0.0,0.0,0.11612903225806452,0.06327518951062622,0.07477115834602102
recall,0.21621621621621623,0.21428571428571427,0.16216216216216217,0.17567567567567569,0.2857142857142857,0.0,0.0,0.0,0.0,0.0,0.11612903225806452,0.1054054054054054,0.11612903225806452
f1-score,0.19834710743801653,0.20388349514563106,0.11650485436893203,0.11353711790393013,0.12539184952978055,0.0,0.0,0.0,0.0,0.0,0.11612903225806452,0.07576644243862904,0.08748083466473305
support,111.0,98.0,74.0,74.0,70.0,104.0,73.0,68.0,61.0,42.0,0.11612903225806452,775.0,775.0
