,1,2,3,4,5,6,7,8,9,10,accuracy,macro avg,weighted avg
precision,0.08670520231213873,0.0948905109489051,0.0,0.0,0.0,0.0,0.0,0.0,0.0,0.0,0.09114927344782034,0.018159571326104386,0.015553914557613045
recall,0.5263157894736842,0.5416666666666666,0.0,0.0,0.0,0.0,0.0,0.0,0.0,0.0,0.09114927344782034,0.10679824561403509,0.09114927344782034
f1-score,0.1488833746898263,0.16149068322981366,0.0,0.0,0.0,0.0,0.0,0.0,0.0,0.0,0.09114927344782034,0.031037405791963995,0.026570253038133002
support,57.0,72.0,84.0,83.0,62.0,80.0,73.0,87.0,83.0,76.0,0.09114927344782034,757.0,757.0
