,1,2,3,4,5,6,7,8,9,10,accuracy,macro avg,weighted avg
precision,0.14555256064690028,0.12376237623762376,0.0,0.0,0.0,0.0,0.0,0.0,0.0,0.0,0.13419354838709677,0.0269314936884524,0.03649683497173298
recall,0.4864864864864865,0.5102040816326531,0.0,0.0,0.0,0.0,0.0,0.0,0.0,0.0,0.13419354838709677,0.09966905681191396,0.13419354838709677
f1-score,0.22406639004149378,0.19920318725099603,0.0,0.0,0.0,0.0,0.0,0.0,0.0,0.0,0.13419354838709677,0.04232695772924898,0.05728165373574634
support,111.0,98.0,74.0,74.0,70.0,104.0,73.0,68.0,61.0,42.0,0.13419354838709677,775.0,775.0
