,1,2,3,4,5,6,7,8,9,10,accuracy,macro avg,weighted avg
precision,0.0625,0.08579088471849866,0.0,0.0,0.0,0.0,0.0,0.0,0.0,0.0,0.07397622192866579,0.014829088471849865,0.01286584372487702
recall,0.42105263157894735,0.4444444444444444,0.0,0.0,0.0,0.0,0.0,0.0,0.0,0.0,0.07397622192866579,0.08654970760233918,0.07397622192866579
f1-score,0.10884353741496598,0.1438202247191011,0.0,0.0,0.0,0.0,0.0,0.0,0.0,0.0,0.07397622192866579,0.02526637621340671,0.02187468667427786
support,57.0,72.0,84.0,83.0,62.0,80.0,73.0,87.0,83.0,76.0,0.07397622192866579,757.0,757.0
