,1,2,3,4,5,6,7,8,9,10,accuracy,macro avg,weighted avg
precision,0.0989010989010989,0.08287292817679558,0.09770114942528736,0.0759493670886076,0.0967741935483871,0.0,0.0,0.0,0.0,0.0,0.08982826948480846,0.04521987371401766,0.042423920060991396
recall,0.3157894736842105,0.20833333333333334,0.20238095238095238,0.14457831325301204,0.0967741935483871,0.0,0.0,0.0,0.0,0.0,0.08982826948480846,0.09678562661998955,0.08982826948480846
f1-score,0.1506276150627615,0.11857707509881424,0.13178294573643412,0.0995850622406639,0.0967741935483871,0.0,0.0,0.0,0.0,0.0,0.08982826948480846,0.05973468916870609,0.056088046332268965
support,57.0,72.0,84.0,83.0,62.0,80.0,73.0,87.0,83.0,76.0,0.08982826948480846,757.0,757.0
