,1,2,3,4,5,6,7,8,9,10,accuracy,macro avg,weighted avg
precision,0.10285714285714286,0.12745098039215685,0.07526881720430108,0.1,0.07924528301886792,0.0,0.0,0.0,0.0,0.0,0.09419354838709677,0.048482222347246876,0.05474116286453325
recall,0.16216216216216217,0.1326530612244898,0.0945945945945946,0.1891891891891892,0.3,0.0,0.0,0.0,0.0,0.0,0.09419354838709677,0.08785990071704357,0.09419354838709677
f1-score,0.12587412587412586,0.12999999999999998,0.08383233532934131,0.1308411214953271,0.12537313432835823,0.0,0.0,0.0,0.0,0.0,0.09419354838709677,0.05959207170271526,0.0662890105548884
support,111.0,98.0,74.0,74.0,70.0,104.0,73.0,68.0,61.0,42.0,0.09419354838709677,775.0,775.0
