,1,2,3,4,5,6,7,8,9,10,accuracy,macro avg,weighted avg
precision,0.1111111111111111,0.08928571428571429,0.24242424242424243,0.09259259259259259,0.10526315789473684,0.09090909090909091,0.08791208791208792,0.1348314606741573,0.14383561643835616,0.1048951048951049,0.11756935270805813,0.12030601791371942,0.12241489168503687
recall,0.12280701754385964,0.06944444444444445,0.09523809523809523,0.060240963855421686,0.06451612903225806,0.05,0.1095890410958904,0.13793103448275862,0.25301204819277107,0.19736842105263158,0.11756935270805813,0.11601471949381308,0.11756935270805813
f1-score,0.11666666666666667,0.07812500000000001,0.13675213675213674,0.072992700729927,0.07999999999999999,0.06451612903225806,0.0975609756097561,0.13636363636363638,0.18340611353711792,0.136986301369863,0.11756935270805813,0.11033696600613618,0.11170557183775827
support,57.0,72.0,84.0,83.0,62.0,80.0,73.0,87.0,83.0,76.0,0.11756935270805813,757.0,757.0
