,1,2,3,4,5,6,7,8,9,10,accuracy,macro avg,weighted avg
precision,0.07650273224043716,0.08184143222506395,0.0,0.0,0.0,0.0,0.0,0.0,0.0,0.0,0.07926023778071334,0.01583441644655011,0.013544569165005974
recall,0.49122807017543857,0.4444444444444444,0.0,0.0,0.0,0.0,0.0,0.0,0.0,0.0,0.07926023778071334,0.0935672514619883,0.07926023778071334
f1-score,0.13238770685579196,0.13822894168466524,0.0,0.0,0.0,0.0,0.0,0.0,0.0,0.0,0.07926023778071334,0.02706166485404572,0.023115697611725283
support,57.0,72.0,84.0,83.0,62.0,80.0,73.0,87.0,83.0,76.0,0.07926023778071334,757.0,757.0
