,1,2,3,4,5,6,7,8,9,10,accuracy,macro avg,weighted avg
precision,0.10392156862745099,0.11330049261083744,0.0,0.0,0.0,0.0,0.0,0.0,0.0,0.0,0.10807860262008734,0.02172220612382884,0.020321715495413645
recall,0.654320987654321,0.5111111111111111,0.0,0.0,0.0,0.0,0.0,0.0,0.0,0.0,0.10807860262008734,0.11654320987654321,0.10807860262008734
f1-score,0.17935702199661593,0.18548387096774194,0.0,0.0,0.0,0.0,0.0,0.0,0.0,0.0,0.10807860262008734,0.03648408929643578,0.03408457114500291
support,81.0,90.0,88.0,68.0,68.0,71.0,104.0,109.0,119.0,118.0,0.10807860262008734,916.0,916.0
