,1,2,3,4,5,6,7,8,9,10,accuracy,macro avg,weighted avg
precision,0.0663265306122449,0.09696969696969697,0.12903225806451613,0.07692307692307693,0.06666666666666667,0.0,0.0,0.0,0.0,0.0,0.09247027741083223,0.04359182292362016,0.04242944362230411
recall,0.22807017543859648,0.2222222222222222,0.3333333333333333,0.0963855421686747,0.08064516129032258,0.0,0.0,0.0,0.0,0.0,0.09247027741083223,0.09606564344531493,0.09247027741083223
f1-score,0.10276679841897234,0.1350210970464135,0.18604651162790697,0.08556149732620322,0.072992700729927,0.0,0.0,0.0,0.0,0.0,0.09247027741083223,0.0582388605149423,0.05658426049841179
support,57.0,72.0,84.0,83.0,62.0,80.0,73.0,87.0,83.0,76.0,0.09247027741083223,757.0,757.0
