,1,2,3,4,5,6,7,8,9,10,accuracy,macro avg,weighted avg
precision,0.08686440677966102,0.06981981981981981,0.0,0.0,0.0,0.0,0.0,0.0,0.0,0.0,0.07860262008733625,0.015668422659948084,0.01454126717569468
recall,0.5061728395061729,0.34444444444444444,0.0,0.0,0.0,0.0,0.0,0.0,0.0,0.0,0.07860262008733625,0.08506172839506174,0.07860262008733625
f1-score,0.14828209764918626,0.11610486891385766,0.0,0.0,0.0,0.0,0.0,0.0,0.0,0.0,0.07860262008733625,0.026438696656304394,0.024519965187588727
support,81.0,90.0,88.0,68.0,68.0,71.0,104.0,109.0,119.0,118.0,0.07860262008733625,916.0,916.0
