,1,2,3,4,5,6,7,8,9,10,accuracy,macro avg,weighted avg
precision,0.06970509383378017,0.078125,0.0,0.0,0.0,0.0,0.0,0.0,0.0,0.0,0.07397622192866579,0.014783009383378015,0.012679247488144611
recall,0.45614035087719296,0.4166666666666667,0.0,0.0,0.0,0.0,0.0,0.0,0.0,0.0,0.07397622192866579,0.08728070175438596,0.07397622192866579
f1-score,0.12093023255813955,0.13157894736842105,0.0,0.0,0.0,0.0,0.0,0.0,0.0,0.0,0.07397622192866579,0.02525091799265606,0.02162048542449177
support,57.0,72.0,84.0,83.0,62.0,80.0,73.0,87.0,83.0,76.0,0.07397622192866579,757.0,757.0
