,1,2,3,4,5,6,7,8,9,10,accuracy,macro avg,weighted avg
precision,0.12048192771084337,0.13580246913580246,0.09090909090909091,0.12796208530805686,0.09696969696969697,0.0,0.0,0.0,0.0,0.0,0.11483870967741935,0.057212527003349056,0.06408578294085158
recall,0.09009009009009009,0.22448979591836735,0.1891891891891892,0.36486486486486486,0.22857142857142856,0.0,0.0,0.0,0.0,0.0,0.11483870967741935,0.109720536863394,0.11483870967741935
f1-score,0.10309278350515463,0.16923076923076924,0.12280701754385966,0.18947368421052632,0.13617021276595745,0.0,0.0,0.0,0.0,0.0,0.11483870967741935,0.07207744672562673,0.07828206603500533
support,111.0,98.0,74.0,74.0,70.0,104.0,73.0,68.0,61.0,42.0,0.11483870967741935,775.0,775.0
