,1,2,3,4,5,6,7,8,9,10,accuracy,macro avg,weighted avg
precision,0.07563025210084033,0.0755813953488372,0.05405405405405406,0.12080536912751678,0.07407407407407407,0.0,0.0,0.0,0.0,0.0,0.08190224570673713,0.04001451447053224,0.03819387530459868
recall,0.15789473684210525,0.18055555555555555,0.047619047619047616,0.21686746987951808,0.2903225806451613,0.0,0.0,0.0,0.0,0.0,0.08190224570673713,0.08932593905413877,0.08190224570673713
f1-score,0.10227272727272725,0.10655737704918032,0.05063291139240506,0.15517241379310345,0.1180327868852459,0.0,0.0,0.0,0.0,0.0,0.08190224570673713,0.053266821639266194,0.05013498585305323
support,57.0,72.0,84.0,83.0,62.0,80.0,73.0,87.0,83.0,76.0,0.08190224570673713,757.0,757.0
