,1,2,3,4,5,6,7,8,9,10,accuracy,macro avg,weighted avg
precision,0.10121457489878542,0.13,0.06909090909090909,0.054878048780487805,0.06666666666666667,0.0,0.0,0.0,0.0,0.0,0.08842794759825327,0.0421850199436849,0.03738364761703943
recall,0.30864197530864196,0.28888888888888886,0.2159090909090909,0.1323529411764706,0.029411764705882353,0.0,0.0,0.0,0.0,0.0,0.08842794759825327,0.09752046609889746,0.08842794759825327
f1-score,0.1524390243902439,0.1793103448275862,0.10468319559228649,0.07758620689655173,0.04081632653061225,0.0,0.0,0.0,0.0,0.0,0.08842794759825327,0.05548350982372806,0.04994430730923676
support,81.0,90.0,88.0,68.0,68.0,71.0,104.0,109.0,119.0,118.0,0.08842794759825327,916.0,916.0
