,1,2,3,4,5,6,7,8,9,10,accuracy,macro avg,weighted avg
precision,0.09455587392550144,0.08333333333333333,0.0,0.0,0.0,0.0,0.0,0.0,0.0,0.0,0.08850726552179657,0.017788920725883478,0.015045818776424812
recall,0.5789473684210527,0.4722222222222222,0.0,0.0,0.0,0.0,0.0,0.0,0.0,0.0,0.08850726552179657,0.1051169590643275,0.08850726552179657
f1-score,0.1625615763546798,0.14166666666666664,0.0,0.0,0.0,0.0,0.0,0.0,0.0,0.0,0.08850726552179657,0.030422824302134645,0.0257146761588068
support,57.0,72.0,84.0,83.0,62.0,80.0,73.0,87.0,83.0,76.0,0.08850726552179657,757.0,757.0
