,1,2,3,4,5,6,7,8,9,10,accuracy,macro avg,weighted avg
precision,0.0,0.1,0.0,0.1111111111111111,0.25,0.0,0.0,0.0,0.16666666666666666,0.0,0.08,0.06277777777777778,0.06277777777777777
recall,0.0,0.2,0.0,0.2,0.2,0.0,0.0,0.0,0.2,0.0,0.08,0.08,0.08
f1-score,0.0,0.13333333333333333,0.0,0.14285714285714285,0.22222222222222224,0.0,0.0,0.0,0.1818181818181818,0.0,0.08,0.06802308802308801,0.06802308802308803
support,5.0,5.0,5.0,5.0,5.0,5.0,5.0,5.0,5.0,5.0,0.08,50.0,50.0
