,1,2,3,4,5,6,7,8,9,10,accuracy,macro avg,weighted avg
precision,0.0,0.0,0.0,0.2,0.0,0.0,0.1111111111111111,0.18181818181818182,0.0,0.5,0.10204081632653061,0.0992929292929293,0.1013193156050299
recall,0.0,0.0,0.0,0.2,0.0,0.0,0.2,0.4,0.0,0.2,0.10204081632653061,0.1,0.10204081632653061
f1-score,0.0,0.0,0.0,0.20000000000000004,0.0,0.0,0.14285714285714285,0.25000000000000006,0.0,0.28571428571428575,0.10204081632653061,0.08785714285714288,0.08965014577259477
support,5.0,5.0,5.0,5.0,5.0,4.0,5.0,5.0,5.0,5.0,0.10204081632653061,49.0,49.0
