,1,2,3,4,5,6,7,8,9,10,accuracy,macro avg,weighted avg
precision,0.25,0.0,0.0,0.5,0.0,0.0,0.0,0.375,0.0,0.25,0.16326530612244897,0.1375,0.14030612244897958
recall,0.4,0.0,0.0,0.4,0.0,0.0,0.0,0.6,0.0,0.2,0.16326530612244897,0.15999999999999998,0.16326530612244897
f1-score,0.3076923076923077,0.0,0.0,0.4444444444444445,0.0,0.0,0.0,0.4615384615384615,0.0,0.22222222222222224,0.16326530612244897,0.14358974358974358,0.1465201465201465
support,5.0,5.0,5.0,5.0,5.0,4.0,5.0,5.0,5.0,5.0,0.16326530612244897,49.0,49.0
