,1,2,3,4,5,6,7,8,9,10,accuracy,macro avg,weighted avg
precision,0.0,0.0,0.25,0.16666666666666666,0.07692307692307693,0.0,0.0,0.125,0.0,0.0,0.09803921568627451,0.06185897435897436,0.06064605329311211
recall,0.0,0.0,0.2,0.4,0.2,0.0,0.0,0.2,0.0,0.0,0.09803921568627451,0.1,0.09803921568627451
f1-score,0.0,0.0,0.22222222222222224,0.23529411764705882,0.1111111111111111,0.0,0.0,0.15384615384615385,0.0,0.0,0.09803921568627451,0.07224736048265461,0.07083074557123
support,5.0,5.0,5.0,5.0,5.0,6.0,5.0,5.0,5.0,5.0,0.09803921568627451,51.0,51.0
