,1,2,3,4,5,6,7,8,9,10,accuracy,macro avg,weighted avg
precision,0.0,0.5,0.0,0.0,0.0,0.0,0.0,0.0,0.11764705882352941,0.0,0.09803921568627451,0.061764705882352944,0.060553633217993084
recall,0.0,0.2,0.0,0.0,0.0,0.0,0.0,0.0,0.8,0.0,0.09803921568627451,0.1,0.09803921568627451
f1-score,0.0,0.28571428571428575,0.0,0.0,0.0,0.0,0.0,0.0,0.20512820512820512,0.0,0.09803921568627451,0.04908424908424909,0.04812181282769518
support,5.0,5.0,5.0,5.0,5.0,6.0,5.0,5.0,5.0,5.0,0.09803921568627451,51.0,51.0
