,1,2,3,4,5,6,7,8,9,10,accuracy,macro avg,weighted avg
precision,0.14285714285714285,0.0,0.0,0.2,0.2,0.0,0.0,0.3333333333333333,0.0,0.0,0.08,0.08761904761904762,0.08761904761904761
recall,0.2,0.0,0.0,0.2,0.2,0.0,0.0,0.2,0.0,0.0,0.08,0.08,0.08
f1-score,0.16666666666666666,0.0,0.0,0.20000000000000004,0.20000000000000004,0.0,0.0,0.25,0.0,0.0,0.08,0.08166666666666668,0.08166666666666668
support,5.0,5.0,5.0,5.0,5.0,5.0,5.0,5.0,5.0,5.0,0.08,50.0,50.0
