,1,2,3,4,5,6,7,8,9,10,accuracy,macro avg,weighted avg
precision,0.0,0.5,0.0,0.0,0.0,0.0,0.15384615384615385,0.2222222222222222,0.0,0.2,0.16326530612244897,0.1076068376068376,0.10980289551718124
recall,0.0,0.2,0.0,0.0,0.0,0.0,0.8,0.4,0.0,0.2,0.16326530612244897,0.16,0.16326530612244897
f1-score,0.0,0.28571428571428575,0.0,0.0,0.0,0.0,0.25806451612903225,0.2857142857142857,0.0,0.20000000000000004,0.16326530612244897,0.10294930875576036,0.10505031505689834
support,5.0,5.0,5.0,5.0,5.0,4.0,5.0,5.0,5.0,5.0,0.16326530612244897,49.0,49.0
