,1,2,3,4,5,6,7,8,9,10,accuracy,macro avg,weighted avg
precision,0.09523809523809523,0.06666666666666667,0.0,0.0,0.0,0.0,0.0,0.0,1.0,0.0,0.08,0.11619047619047618,0.11619047619047619
recall,0.4,0.2,0.0,0.0,0.0,0.0,0.0,0.0,0.2,0.0,0.08,0.08,0.08
f1-score,0.15384615384615385,0.1,0.0,0.0,0.0,0.0,0.0,0.0,0.33333333333333337,0.0,0.08,0.05871794871794872,0.05871794871794872
support,5.0,5.0,5.0,5.0,5.0,5.0,5.0,5.0,5.0,5.0,0.08,50.0,50.0
