,1,2,3,4,5,6,7,8,9,10,accuracy,macro avg,weighted avg
precision,0.16666666666666666,0.0,0.0,0.2,0.25,0.1,0.0,0.5,0.0,0.0,0.1,0.12166666666666667,0.12166666666666666
recall,0.2,0.0,0.0,0.2,0.2,0.2,0.0,0.2,0.0,0.0,0.1,0.1,0.1
f1-score,0.1818181818181818,0.0,0.0,0.20000000000000004,0.22222222222222224,0.13333333333333333,0.0,0.28571428571428575,0.0,0.0,0.1,0.10230880230880231,0.10230880230880231
support,5.0,5.0,5.0,5.0,5.0,5.0,5.0,5.0,5.0,5.0,0.1,50.0,50.0
