,1,2,3,4,5,6,7,8,9,10,accuracy,macro avg,weighted avg
precision,0.07692307692307693,0.0,0.0,0.16666666666666666,0.5,0.1111111111111111,0.0,0.0,0.0,0.0,0.1,0.08547008547008547,0.08547008547008547
recall,0.2,0.0,0.0,0.2,0.2,0.4,0.0,0.0,0.0,0.0,0.1,0.1,0.1
f1-score,0.1111111111111111,0.0,0.0,0.1818181818181818,0.28571428571428575,0.1739130434782609,0.0,0.0,0.0,0.0,0.1,0.07525566221218397,0.07525566221218397
support,5.0,5.0,5.0,5.0,5.0,5.0,5.0,5.0,5.0,5.0,0.1,50.0,50.0
