,1,2,3,4,5,6,7,8,9,10,accuracy,macro avg,weighted avg
precision,0.0,0.0,0.0,0.037037037037037035,0.0,0.0,0.5,0.14285714285714285,0.125,0.0,0.0784313725490196,0.08048941798941797,0.07891119410727254
recall,0.0,0.0,0.0,0.2,0.0,0.0,0.2,0.2,0.2,0.0,0.0784313725490196,0.08,0.0784313725490196
f1-score,0.0,0.0,0.0,0.0625,0.0,0.0,0.28571428571428575,0.16666666666666666,0.15384615384615385,0.0,0.0784313725490196,0.06687271062271063,0.06556148100265748
support,5.0,5.0,5.0,5.0,5.0,6.0,5.0,5.0,5.0,5.0,0.0784313725490196,51.0,51.0
