,1,2,3,4,5,6,7,8,9,10,accuracy,macro avg,weighted avg
precision,1.0,0.0,0.0,0.3333333333333333,0.15384615384615385,0.06666666666666667,0.3333333333333333,0.0,0.0,0.0,0.12,0.18871794871794872,0.1887179487179487
recall,0.2,0.0,0.0,0.2,0.4,0.2,0.2,0.0,0.0,0.0,0.12,0.12000000000000002,0.12
f1-score,0.33333333333333337,0.0,0.0,0.25,0.2222222222222222,0.1,0.25,0.0,0.0,0.0,0.12,0.11555555555555555,0.11555555555555558
support,5.0,5.0,5.0,5.0,5.0,5.0,5.0,5.0,5.0,5.0,0.12,50.0,50.0
