,1,2,3,4,5,6,7,8,9,10,accuracy,macro avg,weighted avg
precision,0.25,0.0,0.0,0.4,0.16666666666666666,0.0,0.0,0.0,0.6666666666666666,1.0,0.13725490196078433,0.24833333333333335,0.2434640522875817
recall,0.2,0.0,0.0,0.4,0.2,0.0,0.0,0.0,0.4,0.2,0.13725490196078433,0.14,0.13725490196078433
f1-score,0.22222222222222224,0.0,0.0,0.4000000000000001,0.1818181818181818,0.0,0.0,0.0,0.5,0.33333333333333337,0.13725490196078433,0.16373737373737374,0.16052683699742526
support,5.0,5.0,5.0,5.0,5.0,6.0,5.0,5.0,5.0,5.0,0.13725490196078433,51.0,51.0
