,1,2,3,4,5,6,7,8,9,10,accuracy,macro avg,weighted avg
precision,0.0,0.0,0.0,0.5,0.0,0.0,0.125,0.14285714285714285,0.0,0.0,0.0784313725490196,0.07678571428571428,0.07528011204481792
recall,0.0,0.0,0.0,0.2,0.0,0.0,0.2,0.4,0.0,0.0,0.0784313725490196,0.08,0.0784313725490196
f1-score,0.0,0.0,0.0,0.28571428571428575,0.0,0.0,0.15384615384615385,0.21052631578947364,0.0,0.0,0.0784313725490196,0.06500867553499132,0.0637339956225405
support,5.0,5.0,5.0,5.0,5.0,6.0,5.0,5.0,5.0,5.0,0.0784313725490196,51.0,51.0
