,1,2,3,4,5,6,7,8,9,10,accuracy,macro avg,weighted avg
precision,0.0,0.0,0.0,0.13333333333333333,0.0,0.0,0.0,1.0,0.14285714285714285,0.25,0.09803921568627451,0.1526190476190476,0.1496265172735761
recall,0.0,0.0,0.0,0.4,0.0,0.0,0.0,0.2,0.2,0.2,0.09803921568627451,0.1,0.09803921568627451
f1-score,0.0,0.0,0.0,0.2,0.0,0.0,0.0,0.33333333333333337,0.16666666666666666,0.22222222222222224,0.09803921568627451,0.09222222222222223,0.09041394335511982
support,5.0,5.0,5.0,5.0,5.0,6.0,5.0,5.0,5.0,5.0,0.09803921568627451,51.0,51.0
