,1,2,3,4,5,6,7,8,9,10,accuracy,macro avg,weighted avg
precision,0.25,0.25,0.3333333333333333,0.0,0.3333333333333333,0.0,0.2,0.3333333333333333,0.0,0.2,0.16326530612244897,0.19,0.19387755102040816
recall,0.2,0.2,0.4,0.0,0.2,0.0,0.2,0.2,0.0,0.2,0.16326530612244897,0.16,0.16326530612244897
f1-score,0.22222222222222224,0.22222222222222224,0.3636363636363636,0.0,0.25,0.0,0.20000000000000004,0.25,0.0,0.20000000000000004,0.16326530612244897,0.1708080808080808,0.1742939600082457
support,5.0,5.0,5.0,5.0,5.0,4.0,5.0,5.0,5.0,5.0,0.16326530612244897,49.0,49.0
