,1,2,3,4,5,6,7,8,9,10,accuracy,macro avg,weighted avg
precision,0.16923076923076924,0.17307692307692307,0.10101010101010101,0.0547945205479452,0.14285714285714285,0.23214285714285715,0.0625,0.1095890410958904,0.104,0.015037593984962405,0.1023936170212766,0.11642389489465917,0.12827464478728928
recall,0.10784313725490197,0.10714285714285714,0.13513513513513514,0.05405405405405406,0.05714285714285714,0.125,0.0410958904109589,0.11764705882352941,0.21311475409836064,0.047619047619047616,0.1023936170212766,0.1005794791681702,0.1023936170212766
f1-score,0.1317365269461078,0.1323529411764706,0.11560693641618498,0.054421768707483,0.08163265306122448,0.1625,0.049586776859504134,0.11347517730496454,0.13978494623655913,0.022857142857142857,0.1023936170212766,0.10039548695656415,0.10714655743174889
support,102.0,84.0,74.0,74.0,70.0,104.0,73.0,68.0,61.0,42.0,0.1023936170212766,752.0,752.0
