,1,2,3,4,5,6,7,8,9,10,accuracy,macro avg,weighted avg
precision,0.14705882352941177,0.09836065573770492,0.12244897959183673,0.061224489795918366,0.12195121951219512,0.04411764705882353,0.0547945205479452,0.18493150684931506,0.11428571428571428,0.17415730337078653,0.12008733624454149,0.11233308602796517,0.11695934637751097
recall,0.06172839506172839,0.06666666666666667,0.13636363636363635,0.1323529411764706,0.07352941176470588,0.04225352112676056,0.038461538461538464,0.24770642201834864,0.06722689075630252,0.2627118644067797,0.12008733624454149,0.11290012878029376,0.12008733624454149
f1-score,0.08695652173913043,0.07947019867549669,0.12903225806451613,0.08372093023255814,0.09174311926605504,0.04316546762589928,0.04519774011299435,0.21176470588235294,0.08465608465608465,0.20945945945945946,0.12008733624454149,0.10651664857145471,0.11257657928155504
support,81.0,90.0,88.0,68.0,68.0,71.0,104.0,109.0,119.0,118.0,0.12008733624454149,916.0,916.0
