,1,2,3,4,5,6,7,8,9,10,accuracy,macro avg,weighted avg
precision,0.0821917808219178,0.04878048780487805,0.10101010101010101,0.11688311688311688,0.08247422680412371,0.07142857142857142,0.11851851851851852,0.08264462809917356,0.16,0.045454545454545456,0.08951965065502183,0.09093859768249464,0.09203299315768165
recall,0.14814814814814814,0.044444444444444446,0.11363636363636363,0.1323529411764706,0.11764705882352941,0.11267605633802817,0.15384615384615385,0.09174311926605505,0.03361344537815126,0.00847457627118644,0.08951965065502183,0.0956582307328531,0.08951965065502183
f1-score,0.10572687224669604,0.046511627906976744,0.10695187165775401,0.12413793103448274,0.09696969696969697,0.08743169398907104,0.13389121338912136,0.08695652173913045,0.05555555555555556,0.014285714285714287,0.08951965065502183,0.08584186987741992,0.08199173505006566
support,81.0,90.0,88.0,68.0,68.0,71.0,104.0,109.0,119.0,118.0,0.08951965065502183,916.0,916.0
