,1,2,3,4,5,6,7,8,9,10,accuracy,macro avg,weighted avg
precision,0.050724637681159424,0.07692307692307693,0.1527777777777778,0.14864864864864866,0.08571428571428572,0.14,0.17777777777777778,0.1553398058252427,0.07936507936507936,0.18518518518518517,0.11790393013100436,0.12524562748982335,0.12780580848964135
recall,0.08641975308641975,0.1,0.125,0.16176470588235295,0.1323529411764706,0.19718309859154928,0.15384615384615385,0.14678899082568808,0.04201680672268908,0.0847457627118644,0.11790393013100436,0.1230118212843188,0.11790393013100436
f1-score,0.0639269406392694,0.08695652173913043,0.1375,0.15492957746478875,0.10404624277456646,0.16374269005847955,0.16494845360824742,0.1509433962264151,0.054945054945054944,0.11627906976744184,0.11790393013100436,0.1198217947223394,0.1181300404516238
support,81.0,90.0,88.0,68.0,68.0,71.0,104.0,109.0,119.0,118.0,0.11790393013100436,916.0,916.0
