,1,2,3,4,5,6,7,8,9,10,accuracy,macro avg,weighted avg
precision,0.14285714285714285,0.09,0.1111111111111111,0.07692307692307693,0.05,0.02857142857142857,0.034482758620689655,0.16551724137931034,0.16,0.12931034482758622,0.09716157205240175,0.09887731042903457,0.1048414343942126
recall,0.06172839506172839,0.1,0.09090909090909091,0.2647058823529412,0.014705882352941176,0.056338028169014086,0.009615384615384616,0.22018348623853212,0.03361344537815126,0.1271186440677966,0.09716157205240175,0.09789182391455804,0.09716157205240175
f1-score,0.08620689655172414,0.09473684210526315,0.09999999999999999,0.11920529801324503,0.022727272727272724,0.03791469194312796,0.015037593984962407,0.1889763779527559,0.05555555555555556,0.12820512820512822,0.09716157205240175,0.0848565657039035,0.08794113925664121
support,81.0,90.0,88.0,68.0,68.0,71.0,104.0,109.0,119.0,118.0,0.09716157205240175,916.0,916.0
