,1,2,3,4,5,6,7,8,9,10,accuracy,macro avg,weighted avg
precision,0.14285714285714285,0.08108108108108109,0.17857142857142858,0.17543859649122806,0.16666666666666666,0.025,0.14942528735632185,0.23255813953488372,0.11403508771929824,0.17293233082706766,0.14927344782034346,0.14385657611051186,0.14481348132484215
recall,0.14035087719298245,0.08333333333333333,0.11904761904761904,0.12048192771084337,0.14516129032258066,0.0125,0.1780821917808219,0.22988505747126436,0.1566265060240964,0.3026315789473684,0.14927344782034346,0.14881003818309096,0.14927344782034346
f1-score,0.1415929203539823,0.08219178082191782,0.14285714285714285,0.14285714285714288,0.15517241379310345,0.016666666666666666,0.1625,0.23121387283236994,0.1319796954314721,0.22009569377990432,0.14927344782034346,0.14271273293937023,0.14327538297160475
support,57.0,72.0,84.0,83.0,62.0,80.0,73.0,87.0,83.0,76.0,0.14927344782034346,757.0,757.0
