,1,2,3,4,5,6,7,8,9,10,accuracy,macro avg,weighted avg
precision,0.16393442622950818,0.16666666666666666,0.08130081300813008,0.05128205128205128,0.08653846153846154,0.17647058823529413,0.13043478260869565,0.16,0.047058823529411764,0.07692307692307693,0.10904255319148937,0.11406096900212961,0.12160395414035144
recall,0.19607843137254902,0.14285714285714285,0.13513513513513514,0.05405405405405406,0.12857142857142856,0.11538461538461539,0.0410958904109589,0.058823529411764705,0.06557377049180328,0.09523809523809523,0.10904255319148937,0.10328120929275471,0.10904255319148937
f1-score,0.17857142857142855,0.15384615384615383,0.10152284263959391,0.05263157894736842,0.10344827586206896,0.13953488372093026,0.0625,0.08602150537634409,0.0547945205479452,0.0851063829787234,0.10904255319148937,0.10179775724905567,0.1085461346492578
support,102.0,84.0,74.0,74.0,70.0,104.0,73.0,68.0,61.0,42.0,0.10904255319148937,752.0,752.0
