,1,2,3,4,5,6,7,8,9,10,accuracy,macro avg,weighted avg
precision,0.13114754098360656,0.09090909090909091,0.08620689655172414,0.16666666666666666,0.10071942446043165,0.13978494623655913,0.15492957746478872,0.16129032258064516,0.07042253521126761,0.05,0.11436170212765957,0.11520770010647804,0.11966413078987442
recall,0.0784313725490196,0.047619047619047616,0.06756756756756757,0.0945945945945946,0.2,0.125,0.1506849315068493,0.22058823529411764,0.08196721311475409,0.09523809523809523,0.11436170212765957,0.11616910574840458,0.11436170212765957
f1-score,0.09815950920245399,0.0625,0.07575757575757576,0.12068965517241378,0.1339712918660287,0.1319796954314721,0.1527777777777778,0.1863354037267081,0.07575757575757576,0.0655737704918033,0.11436170212765957,0.11035022551838092,0.11183795145748195
support,102.0,84.0,74.0,74.0,70.0,104.0,73.0,68.0,61.0,42.0,0.11436170212765957,752.0,752.0
