,1,2,3,4,5,6,7,8,9,10,accuracy,macro avg,weighted avg
precision,0.03048780487804878,0.08333333333333333,0.14285714285714285,0.10344827586206896,0.13043478260869565,0.11627906976744186,0.04,0.1,0.1111111111111111,0.07692307692307693,0.08586525759577279,0.09348745973409193,0.09564289292749147
recall,0.08771929824561403,0.19444444444444445,0.16666666666666666,0.14457831325301204,0.0967741935483871,0.0625,0.0273972602739726,0.05747126436781609,0.012048192771084338,0.013157894736842105,0.08586525759577279,0.08627575283078395,0.08586525759577279
f1-score,0.04524886877828054,0.11666666666666665,0.15384615384615383,0.12060301507537687,0.1111111111111111,0.0813008130081301,0.03252032520325203,0.072992700729927,0.021739130434782608,0.02247191011235955,0.08586525759577279,0.07785006949660403,0.07865499117860213
support,57.0,72.0,84.0,83.0,62.0,80.0,73.0,87.0,83.0,76.0,0.08586525759577279,757.0,757.0
