,1,2,3,4,5,6,7,8,9,10,accuracy,macro avg,weighted avg
precision,0.03389830508474576,0.05970149253731343,0.14960629921259844,0.11848341232227488,0.06097560975609756,0.1322314049586777,0.0,0.06,0.2,0.14285714285714285,0.10039630118890357,0.09577536667288507,0.09995760405262785
recall,0.03508771929824561,0.05555555555555555,0.2261904761904762,0.30120481927710846,0.08064516129032258,0.2,0.0,0.034482758620689655,0.012048192771084338,0.013157894736842105,0.10039630118890357,0.09583725777403247,0.10039630118890357
f1-score,0.034482758620689655,0.05755395683453236,0.1800947867298578,0.17006802721088438,0.06944444444444445,0.15920398009950248,0.0,0.043795620437956206,0.022727272727272728,0.024096385542168676,0.10039630118890357,0.07614672326473086,0.07915824617762682
support,57.0,72.0,84.0,83.0,62.0,80.0,73.0,87.0,83.0,76.0,0.10039630118890357,757.0,757.0
