,1,2,3,4,5,6,7,8,9,10,accuracy,macro avg,weighted avg
precision,0.06896551724137931,0.09859154929577464,0.13559322033898305,0.030303030303030304,0.05714285714285714,0.16129032258064516,0.017543859649122806,0.0975609756097561,0.058823529411764705,0.04285714285714286,0.07180851063829788,0.07686720044304561,0.0820076760443203
recall,0.0392156862745098,0.08333333333333333,0.21621621621621623,0.04054054054054054,0.02857142857142857,0.04807692307692308,0.0136986301369863,0.058823529411764705,0.09836065573770492,0.14285714285714285,0.07180851063829788,0.07696940861565504,0.07180851063829788
f1-score,0.05,0.09032258064516129,0.16666666666666669,0.034682080924855495,0.03809523809523809,0.07407407407407408,0.015384615384615385,0.07339449541284404,0.07361963190184048,0.06593406593406592,0.07180851063829788,0.06821734490393615,0.0682595816392685
support,102.0,84.0,74.0,74.0,70.0,104.0,73.0,68.0,61.0,42.0,0.07180851063829788,752.0,752.0
