,1,2,3,4,5,6,7,8,9,10,accuracy,macro avg,weighted avg
precision,0.09090909090909091,0.07407407407407407,0.08737864077669903,0.05555555555555555,0.13513513513513514,0.064,0.15384615384615385,0.13218390804597702,0.14583333333333334,0.144,0.10152838427947598,0.10829158916760188,0.1135205273245608
recall,0.024691358024691357,0.06666666666666667,0.10227272727272728,0.1323529411764706,0.07352941176470588,0.11267605633802817,0.057692307692307696,0.21100917431192662,0.058823529411764705,0.15254237288135594,0.10152838427947598,0.09922565455406449,0.10152838427947598
f1-score,0.038834951456310676,0.07017543859649124,0.0942408376963351,0.0782608695652174,0.09523809523809523,0.08163265306122448,0.0839160839160839,0.16254416961130744,0.08383233532934133,0.14814814814814817,0.10152838427947598,0.09368235826185549,0.09743512973086615
support,81.0,90.0,88.0,68.0,68.0,71.0,104.0,109.0,119.0,118.0,0.10152838427947598,916.0,916.0
