,1,2,3,4,5,6,7,8,9,10,accuracy,macro avg,weighted avg
precision,0.0392156862745098,0.1111111111111111,0.1651376146788991,0.06870229007633588,0.08695652173913043,0.13513513513513514,0.07547169811320754,0.13580246913580246,0.0,0.043478260869565216,0.0977542932628798,0.08610107871336967,0.08803151332736232
recall,0.07017543859649122,0.18055555555555555,0.21428571428571427,0.10843373493975904,0.06451612903225806,0.125,0.0547945205479452,0.12643678160919541,0.0,0.013157894736842105,0.0977542932628798,0.09573557693037608,0.0977542932628798
f1-score,0.050314465408805034,0.1375661375661376,0.1865284974093264,0.08411214953271028,0.07407407407407407,0.12987012987012989,0.0634920634920635,0.13095238095238096,0.0,0.020202020202020204,0.0977542932628798,0.08771119185076479,0.08978563133685134
support,57.0,72.0,84.0,83.0,62.0,80.0,73.0,87.0,83.0,76.0,0.0977542932628798,757.0,757.0
