,1,2,3,4,5,6,7,8,9,10,accuracy,macro avg,weighted avg
precision,0.09230769230769231,0.19230769230769232,0.17094017094017094,0.046296296296296294,0.1,0.05813953488372093,0.16049382716049382,0.13592233009708737,0.13333333333333333,0.1276595744680851,0.12008733624454149,0.12174004517945722,0.12700960044914558
recall,0.07407407407407407,0.1111111111111111,0.22727272727272727,0.07352941176470588,0.1323529411764706,0.07042253521126761,0.125,0.12844036697247707,0.13445378151260504,0.1016949152542373,0.12008733624454149,0.11783518643496757,0.12008733624454149
f1-score,0.0821917808219178,0.1408450704225352,0.1951219512195122,0.056818181818181816,0.1139240506329114,0.06369426751592357,0.14054054054054055,0.1320754716981132,0.13389121338912133,0.11320754716981132,0.12008733624454149,0.11723100752285683,0.12111471035248823
support,81.0,90.0,88.0,68.0,68.0,71.0,104.0,109.0,119.0,118.0,0.12008733624454149,916.0,916.0
