,1,2,3,4,5,6,7,8,9,10,accuracy,macro avg,weighted avg
precision,0.1377551020408163,0.11194029850746269,0.16666666666666666,0.0851063829787234,0.0759493670886076,0.16,0.03125,0.0,0.03508771929824561,0.12,0.10372340425531915,0.09237555365805222,0.09774370708769217
recall,0.2647058823529412,0.17857142857142858,0.06756756756756757,0.05405405405405406,0.08571428571428572,0.11538461538461539,0.0136986301369863,0.0,0.03278688524590164,0.14285714285714285,0.10372340425531915,0.09553404918849233,0.10372340425531915
f1-score,0.18120805369127516,0.13761467889908258,0.09615384615384615,0.06611570247933883,0.08053691275167786,0.1340782122905028,0.019047619047619046,0.0,0.033898305084745756,0.13043478260869565,0.10372340425531915,0.08790881130067839,0.09384182545735284
support,102.0,84.0,74.0,74.0,70.0,104.0,73.0,68.0,61.0,42.0,0.10372340425531915,752.0,752.0
