,1,2,3,4,5,6,7,8,9,10,accuracy,macro avg,weighted avg
precision,0.1320754716981132,0.10344827586206896,0.171875,0.18181818181818182,0.07801418439716312,0.18681318681318682,0.17857142857142858,0.10909090909090909,0.1111111111111111,0.06349206349206349,0.1276595744680851,0.13163098128542264,0.1371310553522343
recall,0.13725490196078433,0.07142857142857142,0.14864864864864866,0.13513513513513514,0.15714285714285714,0.16346153846153846,0.136986301369863,0.08823529411764706,0.11475409836065574,0.09523809523809523,0.1276595744680851,0.12482854418637963,0.1276595744680851
f1-score,0.1346153846153846,0.08450704225352113,0.15942028985507245,0.15503875968992248,0.10426540284360189,0.17435897435897438,0.15503875968992245,0.0975609756097561,0.1129032258064516,0.07619047619047618,0.1276595744680851,0.1253899290913083,0.12974775871250185
support,102.0,84.0,74.0,74.0,70.0,104.0,73.0,68.0,61.0,42.0,0.1276595744680851,752.0,752.0
