,1,2,3,4,5,6,7,8,9,10,accuracy,macro avg,weighted avg
precision,0.0,0.10526315789473684,0.19424460431654678,0.14102564102564102,0.0761904761904762,0.14285714285714285,0.06666666666666667,0.07142857142857142,0.13636363636363635,0.15384615384615385,0.12549537648612946,0.1087886050589572,0.1134008522852867
recall,0.0,0.08333333333333333,0.32142857142857145,0.26506024096385544,0.12903225806451613,0.2125,0.0273972602739726,0.04597701149425287,0.03614457831325301,0.07894736842105263,0.12549537648612946,0.11998206222928076,0.12549537648612946
f1-score,0.0,0.0930232558139535,0.242152466367713,0.18410041841004185,0.09580838323353293,0.1708542713567839,0.038834951456310676,0.055944055944055944,0.05714285714285714,0.10434782608695652,0.12549537648612946,0.10422084858122056,0.10872213215251937
support,57.0,72.0,84.0,83.0,62.0,80.0,73.0,87.0,83.0,76.0,0.12549537648612946,757.0,757.0
