,1,2,3,4,5,6,7,8,9,10,accuracy,macro avg,weighted avg
precision,0.08,0.14285714285714285,0.08571428571428572,0.09022556390977443,0.07692307692307693,0.11304347826086956,0.08333333333333333,0.12244897959183673,0.11764705882352941,0.11764705882352941,0.0964332892998679,0.10298399782373784,0.10408113874648639
recall,0.07017543859649122,0.1111111111111111,0.10714285714285714,0.14457831325301204,0.1774193548387097,0.1625,0.0821917808219178,0.06896551724137931,0.024096385542168676,0.02631578947368421,0.0964332892998679,0.09744965480213312,0.0964332892998679
f1-score,0.07476635514018691,0.125,0.09523809523809523,0.1111111111111111,0.10731707317073172,0.13333333333333333,0.08275862068965519,0.08823529411764706,0.04,0.04301075268817204,0.0964332892998679,0.09007706354889326,0.08997476455924189
support,57.0,72.0,84.0,83.0,62.0,80.0,73.0,87.0,83.0,76.0,0.0964332892998679,757.0,757.0
