,1,2,3,4,5,6,7,8,9,10,accuracy,macro avg,weighted avg
precision,0.09836065573770492,0.10309278350515463,0.13274336283185842,0.16666666666666666,0.07352941176470588,0.15053763440860216,0.1,0.12222222222222222,0.0,0.2857142857142857,0.12945838837516513,0.12328670228512006,0.12452109237826782
recall,0.10526315789473684,0.1388888888888889,0.17857142857142858,0.3253012048192771,0.08064516129032258,0.175,0.0547945205479452,0.12643678160919541,0.0,0.07894736842105263,0.12945838837516513,0.12638485120428472,0.12945838837516513
f1-score,0.10169491525423728,0.11834319526627218,0.15228426395939088,0.2204081632653061,0.07692307692307693,0.16184971098265896,0.07079646017699115,0.12429378531073446,0.0,0.12371134020618556,0.12945838837516513,0.11503049113448535,0.1169141959983358
support,57.0,72.0,84.0,83.0,62.0,80.0,73.0,87.0,83.0,76.0,0.12945838837516513,757.0,757.0
