,1,2,3,4,5,6,7,8,9,10,accuracy,macro avg,weighted avg
precision,0.1048951048951049,0.07142857142857142,0.15294117647058825,0.10101010101010101,0.109375,0.18840579710144928,0.05714285714285714,0.1,0.05172413793103448,0.046511627906976744,0.1023936170212766,0.09834343738866833,0.10481680517119298
recall,0.14705882352941177,0.10714285714285714,0.17567567567567569,0.13513513513513514,0.1,0.125,0.0273972602739726,0.04411764705882353,0.04918032786885246,0.047619047619047616,0.1023936170212766,0.0958326774303776,0.1023936170212766
f1-score,0.12244897959183673,0.08571428571428572,0.16352201257861637,0.11560693641618498,0.10447761194029852,0.15028901734104047,0.037037037037037035,0.06122448979591837,0.05042016806722689,0.047058823529411764,0.1023936170212766,0.0937799362011857,0.10001050350190697
support,102.0,84.0,74.0,74.0,70.0,104.0,73.0,68.0,61.0,42.0,0.1023936170212766,752.0,752.0
