,1,2,3,4,5,6,7,8,9,10,accuracy,macro avg,weighted avg
precision,0.08536585365853659,0.08450704225352113,0.16,0.11267605633802817,0.18666666666666668,0.07575757575757576,0.18181818181818182,0.125,0.12631578947368421,0.18,0.1334214002642008,0.13181071659661941,0.1316887061688625
recall,0.12280701754385964,0.08333333333333333,0.14285714285714285,0.0963855421686747,0.22580645161290322,0.0625,0.1643835616438356,0.08045977011494253,0.14457831325301204,0.23684210526315788,0.1334214002642008,0.13599532377908619,0.1334214002642008
f1-score,0.10071942446043165,0.08391608391608392,0.15094339622641512,0.1038961038961039,0.20437956204379562,0.06849315068493152,0.1726618705035971,0.09790209790209789,0.13483146067415733,0.20454545454545453,0.1334214002642008,0.13222886048530685,0.13090467224539326
support,57.0,72.0,84.0,83.0,62.0,80.0,73.0,87.0,83.0,76.0,0.1334214002642008,757.0,757.0
