,1,2,3,4,5,6,7,8,9,10,accuracy,macro avg,weighted avg
precision,0.08888888888888889,0.03508771929824561,0.13043478260869565,0.10526315789473684,0.10743801652892562,0.16326530612244897,0.1568627450980392,0.10606060606060606,0.0,0.3333333333333333,0.11889035667107001,0.12266345558339202,0.122880203788489
recall,0.07017543859649122,0.027777777777777776,0.17857142857142858,0.1686746987951807,0.20967741935483872,0.3,0.1095890410958904,0.08045977011494253,0.0,0.039473684210526314,0.11889035667107001,0.11843992585170764,0.11889035667107001
f1-score,0.07843137254901959,0.031007751937984496,0.1507537688442211,0.12962962962962962,0.14207650273224043,0.21145374449339205,0.12903225806451613,0.0915032679738562,0.0,0.07058823529411765,0.11889035667107001,0.10344765315189774,0.10382511225979024
support,57.0,72.0,84.0,83.0,62.0,80.0,73.0,87.0,83.0,76.0,0.11889035667107001,757.0,757.0
