,1,2,3,4,5,6,7,8,9,10,accuracy,macro avg,weighted avg
precision,0.13793103448275862,0.057692307692307696,0.0989010989010989,0.12087912087912088,0.07246376811594203,0.1836734693877551,0.10416666666666667,0.20454545454545456,0.12142857142857143,0.12790697674418605,0.1202113606340819,0.12295884688438619,0.12515499142335845
recall,0.21052631578947367,0.041666666666666664,0.10714285714285714,0.13253012048192772,0.08064516129032258,0.1125,0.0684931506849315,0.10344827586206896,0.20481927710843373,0.14473684210526316,0.1202113606340819,0.12065086671319451,0.1202113606340819
f1-score,0.16666666666666666,0.04838709677419355,0.10285714285714284,0.12643678160919541,0.07633587786259542,0.13953488372093023,0.08264462809917354,0.13740458015267173,0.15246636771300448,0.13580246913580246,0.1202113606340819,0.11685364945913763,0.11753856204158909
support,57.0,72.0,84.0,83.0,62.0,80.0,73.0,87.0,83.0,76.0,0.1202113606340819,757.0,757.0
