,1,2,3,4,5,6,7,8,9,10,accuracy,macro avg,weighted avg
precision,0.19230769230769232,0.14285714285714285,0.2077922077922078,0.04938271604938271,0.14893617021276595,0.030303030303030304,0.11666666666666667,0.16260162601626016,0.10465116279069768,0.1956521739130435,0.13755458515283842,0.13511505889088898,0.13946979814416957
recall,0.12345679012345678,0.044444444444444446,0.36363636363636365,0.11764705882352941,0.10294117647058823,0.028169014084507043,0.0673076923076923,0.1834862385321101,0.07563025210084033,0.2288135593220339,0.13755458515283842,0.13355325898455664,0.13755458515283842
f1-score,0.15037593984962408,0.06779661016949153,0.26446280991735543,0.06956521739130435,0.12173913043478263,0.029197080291970802,0.08536585365853658,0.1724137931034483,0.08780487804878048,0.21093749999999997,0.13755458515283842,0.1259658812865294,0.13061912596645575
support,81.0,90.0,88.0,68.0,68.0,71.0,104.0,109.0,119.0,118.0,0.13755458515283842,916.0,916.0
