,1,2,3,4,5,6,7,8,9,10,accuracy,macro avg,weighted avg
precision,0.09183673469387756,0.09248554913294797,0.14285714285714285,0.16470588235294117,0.07142857142857142,0.13157894736842105,0.046153846153846156,0.11904761904761904,0.08823529411764706,0.17391304347826086,0.10807860262008734,0.11222426306312752,0.11193349479314844
recall,0.2222222222222222,0.17777777777777778,0.07954545454545454,0.20588235294117646,0.07352941176470588,0.2112676056338028,0.028846153846153848,0.09174311926605505,0.025210084033613446,0.06779661016949153,0.10807860262008734,0.11838207922004536,0.10807860262008734
f1-score,0.1299638989169675,0.12167300380228138,0.10218978102189781,0.1830065359477124,0.07246376811594203,0.16216216216216214,0.03550295857988166,0.10362694300518135,0.039215686274509796,0.0975609756097561,0.10807860262008734,0.10473657134362921,0.09882352329993348
support,81.0,90.0,88.0,68.0,68.0,71.0,104.0,109.0,119.0,118.0,0.10807860262008734,916.0,916.0
