,1,2,3,4,5,6,7,8,9,10,accuracy,macro avg,weighted avg
precision,0.13793103448275862,0.10638297872340426,0.19230769230769232,0.15384615384615385,0.08771929824561403,0.10687022900763359,0.0,0.0425531914893617,0.10606060606060606,0.0,0.09574468085106383,0.09336711841632245,0.10005144817866009
recall,0.0784313725490196,0.11904761904761904,0.13513513513513514,0.08108108108108109,0.21428571428571427,0.1346153846153846,0.0,0.029411764705882353,0.11475409836065574,0.0,0.09574468085106383,0.09067621697804919,0.09574468085106383
f1-score,0.1,0.11235955056179775,0.15873015873015872,0.10619469026548672,0.12448132780082989,0.11914893617021277,0.0,0.034782608695652174,0.11023622047244094,0.0,0.09574468085106383,0.0865933492696579,0.0923370348680216
support,102.0,84.0,74.0,74.0,70.0,104.0,73.0,68.0,61.0,42.0,0.09574468085106383,752.0,752.0
