,1,2,3,4,5,6,7,8,9,10,accuracy,macro avg,weighted avg
precision,0.17391304347826086,0.03225806451612903,0.17105263157894737,0.1927710843373494,0.24,0.2,0.10256410256410256,0.04672897196261682,0.0962962962962963,0.06358381502890173,0.11303191489361702,0.1319168009762604,0.1385387057418468
recall,0.0392156862745098,0.011904761904761904,0.17567567567567569,0.21621621621621623,0.08571428571428572,0.11538461538461539,0.0547945205479452,0.07352941176470588,0.21311475409836064,0.2619047619047619,0.11303191489361702,0.12474546894858382,0.11303191489361702
f1-score,0.064,0.017391304347826084,0.17333333333333334,0.20382165605095542,0.1263157894736842,0.14634146341463417,0.07142857142857142,0.05714285714285714,0.1326530612244898,0.10232558139534884,0.11303191489361702,0.10947536178117004,0.10831046195642707
support,102.0,84.0,74.0,74.0,70.0,104.0,73.0,68.0,61.0,42.0,0.11303191489361702,752.0,752.0
