,1,2,3,4,5,6,7,8,9,10,accuracy,macro avg,weighted avg
precision,0.02702702702702703,0.1724137931034483,0.11538461538461539,0.1348314606741573,0.10638297872340426,0.3684210526315789,0.06451612903225806,0.07547169811320754,0.10429447852760736,0.010869565217391304,0.09707446808510638,0.11796127984346956,0.13055630426926268
recall,0.00980392156862745,0.05952380952380952,0.20270270270270271,0.16216216216216217,0.07142857142857142,0.0673076923076923,0.0821917808219178,0.058823529411764705,0.2786885245901639,0.023809523809523808,0.09707446808510638,0.10164422183269359,0.09707446808510638
f1-score,0.014388489208633094,0.08849557522123892,0.14705882352941177,0.147239263803681,0.08547008547008546,0.11382113821138211,0.07228915662650602,0.06611570247933884,0.15178571428571427,0.014925373134328356,0.09707446808510638,0.090158932197032,0.09063615356755794
support,102.0,84.0,74.0,74.0,70.0,104.0,73.0,68.0,61.0,42.0,0.09707446808510638,752.0,752.0
