,1,2,3,4,5,6,7,8,9,10,accuracy,macro avg,weighted avg
precision,0.24324324324324326,0.041666666666666664,0.11009174311926606,0.05,0.08,0.2222222222222222,0.08791208791208792,0.08860759493670886,0.07874015748031496,0.0196078431372549,0.08244680851063829,0.10220915587177648,0.11560942660118372
recall,0.08823529411764706,0.011904761904761904,0.16216216216216217,0.05405405405405406,0.02857142857142857,0.057692307692307696,0.1095890410958904,0.10294117647058823,0.16393442622950818,0.07142857142857142,0.08244680851063829,0.08505132237269196,0.08244680851063829
f1-score,0.12949640287769784,0.018518518518518517,0.13114754098360656,0.05194805194805195,0.04210526315789474,0.0916030534351145,0.0975609756097561,0.09523809523809525,0.10638297872340426,0.030769230769230767,0.08244680851063829,0.07947701112613706,0.08266909520540695
support,102.0,84.0,74.0,74.0,70.0,104.0,73.0,68.0,61.0,42.0,0.08244680851063829,752.0,752.0
