,1,2,3,4,5,6,7,8,9,10,accuracy,macro avg,weighted avg
precision,0.1111111111111111,0.1568627450980392,0.15217391304347827,0.1935483870967742,0.0967741935483871,0.2222222222222222,0.09243697478991597,0.0625,0.09868421052631579,0.06993006993006994,0.10638297872340426,0.1256243827366314,0.13288997038600742
recall,0.06862745098039216,0.09523809523809523,0.0945945945945946,0.08108108108108109,0.04285714285714286,0.07692307692307693,0.1506849315068493,0.07352941176470588,0.2459016393442623,0.23809523809523808,0.10638297872340426,0.11675326623854385,0.10638297872340426
f1-score,0.08484848484848485,0.11851851851851851,0.11666666666666667,0.11428571428571428,0.0594059405940594,0.1142857142857143,0.11458333333333334,0.06756756756756756,0.14084507042253522,0.10810810810810811,0.10638297872340426,0.10391151186307024,0.10350528602675367
support,102.0,84.0,74.0,74.0,70.0,104.0,73.0,68.0,61.0,42.0,0.10638297872340426,752.0,752.0
