,1,2,3,4,5,6,7,8,9,10,accuracy,macro avg,weighted avg
precision,0.13872832369942195,0.12244897959183673,0.087248322147651,0.08280254777070063,0.14772727272727273,0.08333333333333333,0.10416666666666667,0.2,0.16216216216216217,0.11764705882352941,0.1168122270742358,0.12462646669225745,0.1281014549828032
recall,0.2962962962962963,0.2,0.14772727272727273,0.19117647058823528,0.19117647058823528,0.056338028169014086,0.04807692307692308,0.06422018348623854,0.05042016806722689,0.03389830508474576,0.1168122270742358,0.1279330118084188,0.1168122270742358
f1-score,0.18897637795275588,0.15189873417721522,0.10970464135021096,0.11555555555555555,0.16666666666666669,0.06722689075630253,0.06578947368421052,0.09722222222222222,0.07692307692307693,0.05263157894736842,0.1168122270742358,0.1092595218235585,0.10414836401611956
support,81.0,90.0,88.0,68.0,68.0,71.0,104.0,109.0,119.0,118.0,0.1168122270742358,916.0,916.0
