,1,2,3,4,5,6,7,8,9,10,accuracy,macro avg,weighted avg
precision,0.11,0.1,0.15723270440251572,0.03333333333333333,0.08108108108108109,0.08333333333333333,0.15789473684210525,0.1511627906976744,0.15714285714285714,0.16326530612244897,0.11899563318777293,0.11944461429553492,0.12697208272308153
recall,0.13580246913580246,0.08888888888888889,0.2840909090909091,0.058823529411764705,0.08823529411764706,0.08450704225352113,0.08653846153846154,0.11926605504587157,0.09243697478991597,0.13559322033898305,0.11899563318777293,0.11741828446117655,0.11899563318777293
f1-score,0.12154696132596686,0.09411764705882353,0.20242914979757085,0.0425531914893617,0.08450704225352113,0.08391608391608392,0.11180124223602483,0.13333333333333333,0.11640211640211641,0.14814814814814814,0.11899563318777293,0.11387549159609507,0.11814606004001625
support,81.0,90.0,88.0,68.0,68.0,71.0,104.0,109.0,119.0,118.0,0.11899563318777293,916.0,916.0
