,1,2,3,4,5,6,7,8,9,10,accuracy,macro avg,weighted avg
precision,0.13186813186813187,0.13592233009708737,0.07103825136612021,0.07246376811594203,0.14705882352941177,0.09259259259259259,0.13333333333333333,0.1206896551724138,0.14,0.3,0.11353711790393013,0.1344966886075033,0.1416475370051234
recall,0.2962962962962963,0.15555555555555556,0.14772727272727273,0.14705882352941177,0.14705882352941177,0.07042253521126761,0.07692307692307693,0.06422018348623854,0.058823529411764705,0.05084745762711865,0.11353711790393013,0.12149335542974146,0.11353711790393013
f1-score,0.18250950570342206,0.1450777202072539,0.09594095940959409,0.09708737864077668,0.14705882352941177,0.08,0.0975609756097561,0.08383233532934131,0.08284023668639053,0.08695652173913043,0.11353711790393013,0.10988644568550769,0.10695189377888409
support,81.0,90.0,88.0,68.0,68.0,71.0,104.0,109.0,119.0,118.0,0.11353711790393013,916.0,916.0
