,1,2,3,4,5,6,7,8,9,10,accuracy,macro avg,weighted avg
precision,0.06557377049180328,0.07042253521126761,0.16216216216216217,0.09523809523809523,0.12121212121212122,0.08108108108108109,0.15476190476190477,0.2,0.15217391304347827,0.18018018018018017,0.13870541611624834,0.12828057633820938,0.13125217503987718
recall,0.07017543859649122,0.06944444444444445,0.14285714285714285,0.07228915662650602,0.06451612903225806,0.0375,0.1780821917808219,0.19540229885057472,0.25301204819277107,0.2631578947368421,0.13870541611624834,0.13464367451178524,0.13870541611624834
f1-score,0.06779661016949151,0.06993006993006994,0.1518987341772152,0.0821917808219178,0.08421052631578947,0.05128205128205128,0.16560509554140126,0.19767441860465118,0.1900452488687783,0.21390374331550802,0.13870541611624834,0.1274538279026874,0.13094014077818825
support,57.0,72.0,84.0,83.0,62.0,80.0,73.0,87.0,83.0,76.0,0.13870541611624834,757.0,757.0
