,1,2,3,4,5,6,7,8,9,10,accuracy,macro avg,weighted avg
precision,0.06451612903225806,0.2,0.12244897959183673,0.08163265306122448,0.2222222222222222,0.4166666666666667,0.07228915662650602,0.09523809523809523,0.1111111111111111,0.046511627906976744,0.09574468085106383,0.14326366414568975,0.1567235903275292
recall,0.0196078431372549,0.07142857142857142,0.16216216216216217,0.05405405405405406,0.05714285714285714,0.04807692307692308,0.0821917808219178,0.08823529411764706,0.2786885245901639,0.23809523809523808,0.09574468085106383,0.10996832486267896,0.09574468085106383
f1-score,0.030075187969924814,0.10526315789473682,0.1395348837209302,0.06504065040650407,0.0909090909090909,0.08620689655172414,0.07692307692307691,0.09160305343511449,0.1588785046728972,0.07782101167315174,0.09574468085106383,0.09222555141571512,0.08933774081227065
support,102.0,84.0,74.0,74.0,70.0,104.0,73.0,68.0,61.0,42.0,0.09574468085106383,752.0,752.0
