,1,2,3,4,5,6,7,8,9,10,accuracy,macro avg,weighted avg
precision,0.14383561643835616,0.06956521739130435,0.1746031746031746,0.10909090909090909,0.07936507936507936,0.22641509433962265,0.109375,0.04,0.21428571428571427,0.0,0.12234042553191489,0.11665358055141603,0.12551409876229916
recall,0.20588235294117646,0.09523809523809523,0.14864864864864866,0.08108108108108109,0.14285714285714285,0.23076923076923078,0.0958904109589041,0.029411764705882353,0.04918032786885246,0.0,0.12234042553191489,0.1078959055069014,0.12234042553191489
f1-score,0.16935483870967744,0.08040201005025127,0.16058394160583941,0.0930232558139535,0.1020408163265306,0.22857142857142856,0.10218978102189781,0.03389830508474576,0.08000000000000002,0.0,0.12234042553191489,0.10500643771843243,0.11749218015468066
support,102.0,84.0,74.0,74.0,70.0,104.0,73.0,68.0,61.0,42.0,0.12234042553191489,752.0,752.0
