,1,2,3,4,5,6,7,8,9,10,accuracy,macro avg,weighted avg
precision,0.06521739130434782,0.11304347826086956,0.06779661016949153,0.07608695652173914,0.044642857142857144,0.10655737704918032,0.12162162162162163,0.15730337078651685,0.2222222222222222,0.13157894736842105,0.09497816593886463,0.11060708324472672,0.11895556859391611
recall,0.1111111111111111,0.14444444444444443,0.09090909090909091,0.10294117647058823,0.07352941176470588,0.18309859154929578,0.08653846153846154,0.12844036697247707,0.03361344537815126,0.0423728813559322,0.09497816593886463,0.09969989814942584,0.09497816593886463
f1-score,0.08219178082191779,0.12682926829268293,0.07766990291262135,0.0875,0.05555555555555556,0.13471502590673576,0.10112359550561797,0.14141414141414144,0.058394160583941604,0.0641025641025641,0.09497816593886463,0.09294959950957785,0.09240575053133276
support,81.0,90.0,88.0,68.0,68.0,71.0,104.0,109.0,119.0,118.0,0.09497816593886463,916.0,916.0
