,1,2,3,4,5,6,7,8,9,10,accuracy,macro avg,weighted avg
precision,0.09090909090909091,0.04424778761061947,0.08403361344537816,0.13513513513513514,0.0975609756097561,0.14772727272727273,0.1320754716981132,0.12162162162162163,0.041666666666666664,0.3,0.10152838427947598,0.11949776354236538,0.12271157890040198
recall,0.2716049382716049,0.05555555555555555,0.11363636363636363,0.22058823529411764,0.11764705882352941,0.18309859154929578,0.0673076923076923,0.08256880733944955,0.008403361344537815,0.025423728813559324,0.10152838427947598,0.1145834332935706,0.10152838427947598
f1-score,0.13622291021671826,0.04926108374384236,0.09661835748792272,0.16759776536312848,0.10666666666666667,0.16352201257861637,0.08917197452229297,0.09836065573770492,0.013986013986013986,0.04687500000000001,0.10152838427947598,0.09682824403029067,0.08888733131507533
support,81.0,90.0,88.0,68.0,68.0,71.0,104.0,109.0,119.0,118.0,0.10152838427947598,916.0,916.0
