,1,2,3,4,5,6,7,8,9,10,accuracy,macro avg,weighted avg
precision,0.09375,0.12962962962962962,0.11627906976744186,0.12195121951219512,0.09375,0.09523809523809523,0.07692307692307693,0.18324607329842932,0.08955223880597014,0.08943089430894309,0.11889035667107001,0.10897502974837811,0.1106808465166201
recall,0.05263157894736842,0.09722222222222222,0.05952380952380952,0.060240963855421686,0.04838709677419355,0.05,0.0684931506849315,0.40229885057471265,0.14457831325301204,0.14473684210526316,0.11889035667107001,0.11281128279409347,0.11889035667107001
f1-score,0.06741573033707865,0.1111111111111111,0.07874015748031496,0.08064516129032258,0.06382978723404253,0.0655737704918033,0.07246376811594203,0.2517985611510791,0.11059907834101382,0.11055276381909548,0.11889035667107001,0.10127298893718036,0.10453346121225189
support,57.0,72.0,84.0,83.0,62.0,80.0,73.0,87.0,83.0,76.0,0.11889035667107001,757.0,757.0
