,1,2,3,4,5,6,7,8,9,10,accuracy,macro avg,weighted avg
precision,0.061224489795918366,0.15254237288135594,0.14545454545454545,0.17647058823529413,0.061224489795918366,0.061224489795918366,0.08888888888888889,0.14960629921259844,0.07291666666666667,0.10606060606060606,0.1096433289299868,0.10756134367877106,0.11050104527461158
recall,0.05263157894736842,0.125,0.09523809523809523,0.10843373493975904,0.04838709677419355,0.0375,0.1095890410958904,0.21839080459770116,0.08433734939759036,0.18421052631578946,0.1096433289299868,0.10637182273063875,0.1096433289299868
f1-score,0.056603773584905655,0.13740458015267173,0.11510791366906474,0.13432835820895525,0.05405405405405405,0.046511627906976744,0.09815950920245398,0.17757009345794394,0.0782122905027933,0.13461538461538464,0.1096433289299868,0.10325675853552041,0.10613841026936266
support,57.0,72.0,84.0,83.0,62.0,80.0,73.0,87.0,83.0,76.0,0.1096433289299868,757.0,757.0
