,1,2,3,4,5,6,7,8,9,10,accuracy,macro avg,weighted avg
precision,0.13157894736842105,0.07462686567164178,0.1346153846153846,0.12698412698412698,0.045454545454545456,0.0684931506849315,0.1388888888888889,0.09782608695652174,0.10989010989010989,0.07878787878787878,0.0977542932628798,0.10071459853024507,0.10142227134950275
recall,0.08771929824561403,0.06944444444444445,0.08333333333333333,0.0963855421686747,0.03225806451612903,0.0625,0.136986301369863,0.10344827586206896,0.12048192771084337,0.17105263157894737,0.0977542932628798,0.09636098192299183,0.0977542932628798
f1-score,0.10526315789473684,0.07194244604316546,0.10294117647058822,0.10958904109589042,0.03773584905660377,0.06535947712418301,0.13793103448275862,0.1005586592178771,0.11494252873563218,0.1078838174273859,0.0977542932628798,0.09541471875488214,0.0964969022982507
support,57.0,72.0,84.0,83.0,62.0,80.0,73.0,87.0,83.0,76.0,0.0977542932628798,757.0,757.0
