,1,2,3,4,5,6,7,8,9,10,accuracy,macro avg,weighted avg
precision,0.14814814814814814,0.11363636363636363,0.11688311688311688,0.061946902654867256,0.23376623376623376,0.04597701149425287,0.08064516129032258,0.13286713286713286,0.12631578947368421,0.14634146341463414,0.12117903930131005,0.12065273236287563,0.12123944759030579
recall,0.09876543209876543,0.05555555555555555,0.10227272727272728,0.10294117647058823,0.2647058823529412,0.056338028169014086,0.04807692307692308,0.1743119266055046,0.10084033613445378,0.2033898305084746,0.12117903930131005,0.12071978182449476,0.12117903930131005
f1-score,0.11851851851851851,0.07462686567164178,0.1090909090909091,0.07734806629834254,0.24827586206896549,0.05063291139240506,0.060240963855421686,0.1507936507936508,0.11214953271028037,0.1702127659574468,0.12117903930131005,0.11718900463575821,0.11767057936818706
support,81.0,90.0,88.0,68.0,68.0,71.0,104.0,109.0,119.0,118.0,0.12117903930131005,916.0,916.0
