,1,2,3,4,5,6,7,8,9,10,accuracy,macro avg,weighted avg
precision,0.1875,0.0,0.0,0.2,0.2727272727272727,1.0,0.0,0.0,0.2857142857142857,0.0,0.19607843137254902,0.19459415584415582,0.210386427298192
recall,0.6,0.0,0.0,0.2,0.6,0.16666666666666666,0.0,0.0,0.4,0.0,0.19607843137254902,0.19666666666666668,0.19607843137254902
f1-score,0.2857142857142857,0.0,0.0,0.20000000000000004,0.37499999999999994,0.2857142857142857,0.0,0.0,0.3333333333333333,0.0,0.19607843137254902,0.14797619047619046,0.15067693744164332
support,5.0,5.0,5.0,5.0,5.0,6.0,5.0,5.0,5.0,5.0,0.19607843137254902,51.0,51.0
