,1,2,3,4,5,6,7,8,9,10,accuracy,macro avg,weighted avg
precision,0.14814814814814814,0.0,0.16666666666666666,0.0,0.0,0.3333333333333333,0.0,0.0,0.3333333333333333,1.0,0.19607843137254902,0.19814814814814813,0.20079883805374002
recall,0.8,0.0,0.2,0.0,0.0,0.16666666666666666,0.0,0.0,0.2,0.6,0.19607843137254902,0.19666666666666668,0.19607843137254902
f1-score,0.25,0.0,0.1818181818181818,0.0,0.0,0.2222222222222222,0.0,0.0,0.25,0.7499999999999999,0.19607843137254902,0.1654040404040404,0.16651812240047534
support,5.0,5.0,5.0,5.0,5.0,6.0,5.0,5.0,5.0,5.0,0.19607843137254902,51.0,51.0
