,1,2,3,4,5,6,7,8,9,10,accuracy,macro avg,weighted avg
precision,0.125,0.0,0.5,0.0625,0.16666666666666666,0.5,0.0,0.0,0.0,0.0,0.13725490196078433,0.13541666666666666,0.14256535947712418
recall,0.2,0.0,0.2,0.2,0.6,0.16666666666666666,0.0,0.0,0.0,0.0,0.13725490196078433,0.13666666666666666,0.13725490196078433
f1-score,0.15384615384615385,0.0,0.28571428571428575,0.09523809523809523,0.2608695652173913,0.25,0.0,0.0,0.0,0.0,0.13725490196078433,0.10456681000159262,0.10741844117803197
support,5.0,5.0,5.0,5.0,5.0,6.0,5.0,5.0,5.0,5.0,0.13725490196078433,51.0,51.0
