,1,2,3,4,5,6,7,8,9,10,accuracy,macro avg,weighted avg
precision,0.18181818181818182,0.0,0.0,0.0,0.14285714285714285,0.0,0.1111111111111111,0.0,0.0,0.0,0.12244897959183673,0.04357864357864358,0.04446800365167712
recall,0.8,0.0,0.0,0.0,0.2,0.0,0.2,0.0,0.0,0.0,0.12244897959183673,0.12000000000000002,0.12244897959183673
f1-score,0.2962962962962963,0.0,0.0,0.0,0.16666666666666666,0.0,0.14285714285714285,0.0,0.0,0.0,0.12244897959183673,0.060582010582010584,0.06181837814490875
support,5.0,5.0,5.0,5.0,5.0,4.0,5.0,5.0,5.0,5.0,0.12244897959183673,49.0,49.0
