,1,2,3,4,5,6,7,8,9,10,accuracy,macro avg,weighted avg
precision,0.0,0.5,0.3333333333333333,0.125,0.0,0.0,0.3333333333333333,0.25,0.25,0.07692307692307693,0.16326530612244897,0.18685897435897433,0.19067242281527993
recall,0.0,0.2,0.2,0.2,0.0,0.0,0.4,0.2,0.2,0.2,0.16326530612244897,0.16,0.16326530612244897
f1-score,0.0,0.28571428571428575,0.25,0.15384615384615385,0.0,0.0,0.3636363636363636,0.22222222222222224,0.22222222222222224,0.1111111111111111,0.16326530612244897,0.1608752358752359,0.16415840395432232
support,5.0,5.0,5.0,5.0,5.0,4.0,5.0,5.0,5.0,5.0,0.16326530612244897,49.0,49.0
