,1,2,3,4,5,6,7,8,9,10,accuracy,macro avg,weighted avg
precision,0.4,0.0,0.2,0.0,0.16666666666666666,0.6,0.5,0.21428571428571427,0.5,0.0,0.28,0.2580952380952381,0.2580952380952381
recall,0.4,0.0,0.2,0.0,0.4,0.6,0.4,0.6,0.2,0.0,0.28,0.28,0.28
f1-score,0.4000000000000001,0.0,0.20000000000000004,0.0,0.23529411764705882,0.6,0.4444444444444445,0.3157894736842105,0.28571428571428575,0.0,0.28,0.24812423214899995,0.24812423214899998
support,5.0,5.0,5.0,5.0,5.0,5.0,5.0,5.0,5.0,5.0,0.28,50.0,50.0
