,1,2,3,4,5,6,7,8,9,10,accuracy,macro avg,weighted avg
precision,0.25,0.0,0.125,0.0,0.2222222222222222,0.0,0.0,0.0,0.15384615384615385,0.2,0.1568627450980392,0.09510683760683761,0.09324199765376237
recall,0.4,0.0,0.2,0.0,0.4,0.0,0.0,0.0,0.4,0.2,0.1568627450980392,0.15999999999999998,0.1568627450980392
f1-score,0.3076923076923077,0.0,0.15384615384615385,0.0,0.2857142857142857,0.0,0.0,0.0,0.2222222222222222,0.20000000000000004,0.1568627450980392,0.11694749694749695,0.11465440877205584
support,5.0,5.0,5.0,5.0,5.0,6.0,5.0,5.0,5.0,5.0,0.1568627450980392,51.0,51.0
