,1,2,3,4,5,6,7,8,9,10,accuracy,macro avg,weighted avg
precision,1.0,0.0,0.0,0.0,0.2,0.10526315789473684,0.0,0.0,0.0,0.0,0.12244897959183673,0.13052631578947368,0.13104189044038667
recall,0.2,0.0,0.0,0.0,0.2,1.0,0.0,0.0,0.0,0.0,0.12244897959183673,0.13999999999999999,0.12244897959183673
f1-score,0.33333333333333337,0.0,0.0,0.0,0.20000000000000004,0.1904761904761905,0.0,0.0,0.0,0.0,0.12244897959183673,0.07238095238095239,0.06997084548104958
support,5.0,5.0,5.0,5.0,5.0,4.0,5.0,5.0,5.0,5.0,0.12244897959183673,49.0,49.0
