,1,2,3,4,5,6,7,8,9,10,accuracy,macro avg,weighted avg
precision,0.0,0.0,0.13333333333333333,0.0,0.0,1.0,0.2727272727272727,0.0,0.16666666666666666,0.0,0.1568627450980392,0.1572727272727273,0.17379679144385027
recall,0.0,0.0,0.4,0.0,0.0,0.3333333333333333,0.6,0.0,0.2,0.0,0.1568627450980392,0.15333333333333335,0.1568627450980392
f1-score,0.0,0.0,0.2,0.0,0.0,0.5,0.37499999999999994,0.0,0.1818181818181818,0.0,0.1568627450980392,0.12568181818181817,0.13302139037433156
support,5.0,5.0,5.0,5.0,5.0,6.0,5.0,5.0,5.0,5.0,0.1568627450980392,51.0,51.0
