,1,2,3,4,5,6,7,8,9,10,accuracy,macro avg,weighted avg
precision,0.2,0.5,0.07142857142857142,0.5,0.16666666666666666,0.3333333333333333,0.2,0.0,0.0,0.0,0.16326530612244897,0.19714285714285712,0.19436345966958213
recall,0.4,0.2,0.2,0.2,0.2,0.25,0.2,0.0,0.0,0.0,0.16326530612244897,0.16499999999999998,0.16326530612244897
f1-score,0.26666666666666666,0.28571428571428575,0.10526315789473682,0.28571428571428575,0.1818181818181818,0.28571428571428575,0.20000000000000004,0.0,0.0,0.0,0.16326530612244897,0.16108908635224425,0.1585457149366924
support,5.0,5.0,5.0,5.0,5.0,4.0,5.0,5.0,5.0,5.0,0.16326530612244897,49.0,49.0
