,1,2,3,4,5,6,7,8,9,10,accuracy,macro avg,weighted avg
precision,0.25,0.0,0.3333333333333333,0.6666666666666666,0.5,0.6666666666666666,0.4,0.2727272727272727,0.5,0.0,0.34,0.35893939393939395,0.3589393939393939
recall,0.2,0.0,0.6,0.4,0.4,0.4,0.4,0.6,0.4,0.0,0.34,0.33999999999999997,0.34
f1-score,0.22222222222222224,0.0,0.42857142857142855,0.5,0.4444444444444445,0.5,0.4000000000000001,0.37499999999999994,0.4444444444444445,0.0,0.34,0.33146825396825397,0.3314682539682539
support,5.0,5.0,5.0,5.0,5.0,5.0,5.0,5.0,5.0,5.0,0.34,50.0,50.0
