,1,2,3,4,5,6,7,8,9,10,accuracy,macro avg,weighted avg
precision,0.0,0.2857142857142857,0.0,0.125,0.0,0.5,0.2222222222222222,0.0,0.0,0.14285714285714285,0.16,0.12757936507936507,0.12757936507936507
recall,0.0,0.4,0.0,0.4,0.0,0.2,0.4,0.0,0.0,0.2,0.16,0.16,0.16
f1-score,0.0,0.3333333333333333,0.0,0.19047619047619047,0.0,0.28571428571428575,0.2857142857142857,0.0,0.0,0.16666666666666666,0.16,0.1261904761904762,0.1261904761904762
support,5.0,5.0,5.0,5.0,5.0,5.0,5.0,5.0,5.0,5.0,0.16,50.0,50.0
