,1,2,3,4,5,6,7,8,9,10,accuracy,macro avg,weighted avg
precision,0.09090909090909091,0.0,0.25,0.3333333333333333,0.2,1.0,0.0,0.0,0.1,0.0,0.17647058823529413,0.19742424242424242,0.2131610219845514
recall,0.2,0.0,0.4,0.6,0.2,0.16666666666666666,0.0,0.0,0.2,0.0,0.17647058823529413,0.17666666666666667,0.17647058823529413
f1-score,0.12500000000000003,0.0,0.3076923076923077,0.42857142857142855,0.20000000000000004,0.2857142857142857,0.0,0.0,0.13333333333333333,0.0,0.17647058823529413,0.14803113553113553,0.15073080514256987
support,5.0,5.0,5.0,5.0,5.0,6.0,5.0,5.0,5.0,5.0,0.17647058823529413,51.0,51.0
