,1,2,3,4,5,6,7,8,9,10,accuracy,macro avg,weighted avg
precision,0.16666666666666666,0.125,0.2857142857142857,0.0,0.3333333333333333,0.0,0.0,0.0,0.2,0.0,0.16,0.11107142857142856,0.11107142857142857
recall,0.2,0.2,0.8,0.0,0.2,0.0,0.0,0.0,0.2,0.0,0.16,0.16,0.16
f1-score,0.1818181818181818,0.15384615384615385,0.4210526315789473,0.0,0.25,0.0,0.0,0.0,0.20000000000000004,0.0,0.16,0.12067169672432829,0.12067169672432829
support,5.0,5.0,5.0,5.0,5.0,5.0,5.0,5.0,5.0,5.0,0.16,50.0,50.0
