,1,2,3,4,5,6,7,8,9,10,accuracy,macro avg,weighted avg
precision,0.3333333333333333,0.0,0.3333333333333333,0.375,0.09090909090909091,0.5,0.1,0.0,0.2,0.0,0.21568627450980393,0.19325757575757574,0.1992721330956625
recall,0.4,0.0,0.2,0.6,0.2,0.3333333333333333,0.2,0.0,0.2,0.0,0.21568627450980393,0.21333333333333337,0.21568627450980393
f1-score,0.3636363636363636,0.0,0.25,0.4615384615384615,0.12500000000000003,0.4,0.13333333333333333,0.0,0.20000000000000004,0.0,0.21568627450980393,0.19335081585081582,0.19740276063805473
support,5.0,5.0,5.0,5.0,5.0,6.0,5.0,5.0,5.0,5.0,0.21568627450980393,51.0,51.0
