,1,2,3,4,5,6,7,8,9,10,accuracy,macro avg,weighted avg
precision,0.14285714285714285,0.09090909090909091,0.1111111111111111,0.3333333333333333,0.2,0.0,0.3333333333333333,0.2857142857142857,1.0,0.6666666666666666,0.22,0.31639249639249634,0.31639249639249634
recall,0.2,0.2,0.2,0.2,0.2,0.0,0.2,0.4,0.2,0.4,0.22,0.22000000000000003,0.22
f1-score,0.16666666666666666,0.12500000000000003,0.14285714285714285,0.25,0.20000000000000004,0.0,0.25,0.3333333333333333,0.33333333333333337,0.5,0.22,0.23011904761904764,0.23011904761904764
support,5.0,5.0,5.0,5.0,5.0,5.0,5.0,5.0,5.0,5.0,0.22,50.0,50.0
