,1,2,3,4,5,6,7,8,9,10,accuracy,macro avg,weighted avg
precision,1.0,0.0,0.14285714285714285,0.07142857142857142,0.0,0.0,0.0,0.0,0.0,0.3333333333333333,0.16326530612244897,0.15476190476190474,0.15792031098153544
recall,0.6,0.0,0.2,0.4,0.0,0.0,0.0,0.0,0.0,0.4,0.16326530612244897,0.16,0.16326530612244897
f1-score,0.7499999999999999,0.0,0.16666666666666666,0.12121212121212122,0.0,0.0,0.0,0.0,0.0,0.3636363636363636,0.16326530612244897,0.1401515151515151,0.1430117501546073
support,5.0,5.0,5.0,5.0,5.0,4.0,5.0,5.0,5.0,5.0,0.16326530612244897,49.0,49.0
