,1,2,3,4,5,6,7,8,9,10,accuracy,macro avg,weighted avg
precision,0.0,0.3333333333333333,0.0,0.0,0.1111111111111111,0.0,0.0,0.0,0.0,0.5,0.12244897959183673,0.09444444444444444,0.0963718820861678
recall,0.0,0.2,0.0,0.0,0.8,0.0,0.0,0.0,0.0,0.2,0.12244897959183673,0.12,0.12244897959183673
f1-score,0.0,0.25,0.0,0.0,0.19512195121951217,0.0,0.0,0.0,0.0,0.28571428571428575,0.12244897959183673,0.0730836236933798,0.07457512621773449
support,5.0,5.0,5.0,5.0,5.0,4.0,5.0,5.0,5.0,5.0,0.12244897959183673,49.0,49.0
