,1,2,3,4,5,6,7,8,9,10,accuracy,macro avg,weighted avg
precision,0.15789473684210525,0.3333333333333333,0.0,0.0,0.0,0.0,0.0,0.0,0.0,0.0,0.10204081632653061,0.04912280701754386,0.05012531328320801
recall,0.6,0.4,0.0,0.0,0.0,0.0,0.0,0.0,0.0,0.0,0.10204081632653061,0.1,0.10204081632653061
f1-score,0.25,0.3636363636363636,0.0,0.0,0.0,0.0,0.0,0.0,0.0,0.0,0.10204081632653061,0.061363636363636356,0.06261595547309833
support,5.0,5.0,5.0,5.0,5.0,4.0,5.0,5.0,5.0,5.0,0.10204081632653061,49.0,49.0
