,1,2,3,4,5,6,7,8,9,10,accuracy,macro avg,weighted avg
precision,0.0,0.0,0.2857142857142857,0.125,0.0,0.0,0.0,0.0,0.0,0.0,0.1,0.04107142857142857,0.041071428571428564
recall,0.0,0.0,0.8,0.2,0.0,0.0,0.0,0.0,0.0,0.0,0.1,0.1,0.1
f1-score,0.0,0.0,0.4210526315789473,0.15384615384615385,0.0,0.0,0.0,0.0,0.0,0.0,0.1,0.05748987854251011,0.05748987854251011
support,5.0,5.0,5.0,5.0,5.0,5.0,5.0,5.0,5.0,5.0,0.1,50.0,50.0
