,1,2,3,4,5,6,7,8,9,10,accuracy,macro avg,weighted avg
precision,0.038461538461538464,0.0,0.0,0.0,0.0625,0.0,0.0,0.0,0.0,0.0,0.04,0.010096153846153847,0.010096153846153845
recall,0.2,0.0,0.0,0.0,0.2,0.0,0.0,0.0,0.0,0.0,0.04,0.04,0.04
f1-score,0.06451612903225806,0.0,0.0,0.0,0.09523809523809523,0.0,0.0,0.0,0.0,0.0,0.04,0.01597542242703533,0.01597542242703533
support,5.0,5.0,5.0,5.0,5.0,5.0,5.0,5.0,5.0,5.0,0.04,50.0,50.0
