,1,2,3,4,5,6,7,8,9,10,accuracy,macro avg,weighted avg
precision,0.0,0.1,0.07142857142857142,0.08333333333333333,0.0,0.5,0.0,0.0,0.0,0.3333333333333333,0.1,0.1088095238095238,0.1088095238095238
recall,0.0,0.2,0.2,0.2,0.0,0.2,0.0,0.0,0.0,0.2,0.1,0.1,0.1
f1-score,0.0,0.13333333333333333,0.10526315789473682,0.11764705882352941,0.0,0.28571428571428575,0.0,0.0,0.0,0.25,0.1,0.08919578357658853,0.08919578357658853
support,5.0,5.0,5.0,5.0,5.0,5.0,5.0,5.0,5.0,5.0,0.1,50.0,50.0
