,1,2,3,4,5,6,7,8,9,10,accuracy,macro avg,weighted avg
precision,0.0,0.0,0.0,0.125,0.0,0.0,0.0,1.0,0.5,0.0625,0.0784313725490196,0.16875,0.16544117647058823
recall,0.0,0.0,0.0,0.2,0.0,0.0,0.0,0.2,0.2,0.2,0.0784313725490196,0.08,0.0784313725490196
f1-score,0.0,0.0,0.0,0.15384615384615385,0.0,0.0,0.0,0.33333333333333337,0.28571428571428575,0.09523809523809523,0.0784313725490196,0.08681318681318682,0.08511096746390866
support,5.0,5.0,5.0,5.0,5.0,6.0,5.0,5.0,5.0,5.0,0.0784313725490196,51.0,51.0
