,1,2,3,4,5,6,7,8,9,10,accuracy,macro avg,weighted avg
precision,0.0,0.0625,0.15384615384615385,0.5,0.3333333333333333,1.0,0.0,0.0,0.0,0.0,0.12,0.2049679487179487,0.20496794871794868
recall,0.0,0.2,0.4,0.2,0.2,0.2,0.0,0.0,0.0,0.0,0.12,0.12000000000000002,0.12
f1-score,0.0,0.09523809523809523,0.2222222222222222,0.28571428571428575,0.25,0.33333333333333337,0.0,0.0,0.0,0.0,0.12,0.11865079365079365,0.11865079365079367
support,5.0,5.0,5.0,5.0,5.0,5.0,5.0,5.0,5.0,5.0,0.12,50.0,50.0
