,1,2,3,4,5,6,7,8,9,10,accuracy,macro avg,weighted avg
precision,0.0,0.14285714285714285,0.0625,0.0,0.0,0.0,0.0,0.0,0.1111111111111111,0.16666666666666666,0.1,0.04831349206349206,0.04831349206349206
recall,0.0,0.2,0.2,0.0,0.0,0.0,0.0,0.0,0.2,0.4,0.1,0.1,0.1
f1-score,0.0,0.16666666666666666,0.09523809523809523,0.0,0.0,0.0,0.0,0.0,0.14285714285714285,0.23529411764705882,0.1,0.06400560224089635,0.06400560224089637
support,5.0,5.0,5.0,5.0,5.0,5.0,5.0,5.0,5.0,5.0,0.1,50.0,50.0
