,1,2,3,4,5,6,7,8,9,10,accuracy,macro avg,weighted avg
precision,0.16666666666666666,0.0,0.08333333333333333,0.4,0.2,0.0,0.0,0.0,0.0,0.5,0.13725490196078433,0.135,0.1323529411764706
recall,0.2,0.0,0.2,0.4,0.4,0.0,0.0,0.0,0.0,0.2,0.13725490196078433,0.14,0.13725490196078433
f1-score,0.1818181818181818,0.0,0.11764705882352941,0.4000000000000001,0.26666666666666666,0.0,0.0,0.0,0.0,0.28571428571428575,0.13725490196078433,0.12518461930226638,0.12273001892379057
support,5.0,5.0,5.0,5.0,5.0,6.0,5.0,5.0,5.0,5.0,0.13725490196078433,51.0,51.0
