,1,2,3,4,5,6,7,8,9,10,accuracy,macro avg,weighted avg
precision,0.0,0.0,0.0,0.6666666666666666,0.0,0.0,0.14285714285714285,0.14285714285714285,0.0,0.0,0.0784313725490196,0.09523809523809523,0.09337068160597571
recall,0.0,0.0,0.0,0.4,0.0,0.0,0.2,0.2,0.0,0.0,0.0784313725490196,0.08,0.0784313725490196
f1-score,0.0,0.0,0.0,0.5,0.0,0.0,0.16666666666666666,0.16666666666666666,0.0,0.0,0.0784313725490196,0.08333333333333333,0.08169934640522875
support,5.0,5.0,5.0,5.0,5.0,6.0,5.0,5.0,5.0,5.0,0.0784313725490196,51.0,51.0
