,1,2,3,4,5,6,7,8,9,10,accuracy,macro avg,weighted avg
precision,0.3333333333333333,0.3333333333333333,0.4,0.0,0.0,0.0,0.2,1.0,0.0,0.0625,0.14285714285714285,0.23291666666666666,0.23767006802721086
recall,0.2,0.2,0.4,0.0,0.0,0.0,0.2,0.2,0.0,0.2,0.14285714285714285,0.14,0.14285714285714285
f1-score,0.25,0.25,0.4000000000000001,0.0,0.0,0.0,0.20000000000000004,0.33333333333333337,0.0,0.09523809523809523,0.14285714285714285,0.15285714285714289,0.15597667638483967
support,5.0,5.0,5.0,5.0,5.0,4.0,5.0,5.0,5.0,5.0,0.14285714285714285,49.0,49.0
