,1,2,3,4,5,6,7,8,9,10,accuracy,macro avg,weighted avg
precision,0.0,0.0,0.1,0.0,0.0,0.0,0.2727272727272727,0.0,1.0,0.0,0.12244897959183673,0.13727272727272727,0.14007421150278293
recall,0.0,0.0,0.4,0.0,0.0,0.0,0.6,0.0,0.2,0.0,0.12244897959183673,0.12,0.12244897959183673
f1-score,0.0,0.0,0.16000000000000003,0.0,0.0,0.0,0.37499999999999994,0.0,0.33333333333333337,0.0,0.12244897959183673,0.08683333333333333,0.08860544217687075
support,5.0,5.0,5.0,5.0,5.0,4.0,5.0,5.0,5.0,5.0,0.12244897959183673,49.0,49.0
