,1,2,3,4,5,6,7,8,9,10,accuracy,macro avg,weighted avg
precision,0.0,0.0,0.0,0.14285714285714285,0.0,0.0,0.0,0.25,1.0,0.3333333333333333,0.10204081632653061,0.17261904761904762,0.1761418853255588
recall,0.0,0.0,0.0,0.2,0.0,0.0,0.0,0.4,0.2,0.2,0.10204081632653061,0.1,0.10204081632653061
f1-score,0.0,0.0,0.0,0.16666666666666666,0.0,0.0,0.0,0.3076923076923077,0.33333333333333337,0.25,0.10204081632653061,0.10576923076923077,0.10792778649921507
support,5.0,5.0,5.0,5.0,5.0,4.0,5.0,5.0,5.0,5.0,0.10204081632653061,49.0,49.0
