,1,2,3,4,5,6,7,8,9,10,accuracy,macro avg,weighted avg
precision,0.0,0.2,0.18181818181818182,0.16666666666666666,0.5,0.0,0.4,0.0,0.1111111111111111,0.0,0.18,0.155959595959596,0.15595959595959596
recall,0.0,0.2,0.4,0.2,0.2,0.0,0.4,0.0,0.4,0.0,0.18,0.18000000000000002,0.18
f1-score,0.0,0.20000000000000004,0.25000000000000006,0.1818181818181818,0.28571428571428575,0.0,0.4000000000000001,0.0,0.1739130434782609,0.0,0.18,0.1491445511010729,0.14914455110107286
support,5.0,5.0,5.0,5.0,5.0,5.0,5.0,5.0,5.0,5.0,0.18,50.0,50.0
