,1,2,3,4,5,6,7,8,9,10,accuracy,macro avg,weighted avg
precision,0.3333333333333333,0.0,0.0,0.5,0.0,0.3333333333333333,0.0,0.0,0.0,0.2,0.12244897959183673,0.13666666666666666,0.13265306122448978
recall,0.4,0.0,0.0,0.2,0.0,0.5,0.0,0.0,0.0,0.2,0.12244897959183673,0.13,0.12244897959183673
f1-score,0.3636363636363636,0.0,0.0,0.28571428571428575,0.0,0.4,0.0,0.0,0.0,0.20000000000000004,0.12244897959183673,0.12493506493506493,0.11932149483169892
support,5.0,5.0,5.0,5.0,5.0,4.0,5.0,5.0,5.0,5.0,0.12244897959183673,49.0,49.0
