,1,2,3,4,5,6,7,8,9,10,accuracy,macro avg,weighted avg
precision,0.2,0.0,0.0,0.08823529411764706,0.0,0.0,0.0,0.0,0.0,0.0,0.0784313725490196,0.02882352941176471,0.02825836216839677
recall,0.2,0.0,0.0,0.6,0.0,0.0,0.0,0.0,0.0,0.0,0.0784313725490196,0.08,0.0784313725490196
f1-score,0.20000000000000004,0.0,0.0,0.15384615384615385,0.0,0.0,0.0,0.0,0.0,0.0,0.0784313725490196,0.03538461538461539,0.03469079939668176
support,5.0,5.0,5.0,5.0,5.0,6.0,5.0,5.0,5.0,5.0,0.0784313725490196,51.0,51.0
