,1,2,3,4,5,6,7,8,9,10,accuracy,macro avg,weighted avg
precision,0.0,0.125,0.0,0.2222222222222222,0.08333333333333333,0.0,0.0,0.0,0.1111111111111111,0.0,0.09803921568627451,0.05416666666666666,0.053104575163398685
recall,0.0,0.2,0.0,0.4,0.2,0.0,0.0,0.0,0.2,0.0,0.09803921568627451,0.1,0.09803921568627451
f1-score,0.0,0.15384615384615385,0.0,0.2857142857142857,0.11764705882352941,0.0,0.0,0.0,0.14285714285714285,0.0,0.09803921568627451,0.07000646412411118,0.06863378835697174
support,5.0,5.0,5.0,5.0,5.0,6.0,5.0,5.0,5.0,5.0,0.09803921568627451,51.0,51.0
