,1,2,3,4,5,6,7,8,9,10,accuracy,macro avg,weighted avg
precision,0.0,0.0,0.25,0.0,0.0,0.0,0.1111111111111111,0.0,0.0,0.2857142857142857,0.08163265306122448,0.06468253968253967,0.0660025915127956
recall,0.0,0.0,0.2,0.0,0.0,0.0,0.2,0.0,0.0,0.4,0.08163265306122448,0.08,0.08163265306122448
f1-score,0.0,0.0,0.22222222222222224,0.0,0.0,0.0,0.14285714285714285,0.0,0.0,0.3333333333333333,0.08163265306122448,0.06984126984126984,0.07126660187884677
support,5.0,5.0,5.0,5.0,5.0,4.0,5.0,5.0,5.0,5.0,0.08163265306122448,49.0,49.0
