,1,2,3,4,5,6,7,8,9,10,accuracy,macro avg,weighted avg
precision,0.0,0.3333333333333333,0.0,0.14285714285714285,0.0,0.0,0.0,0.0,0.05,0.2222222222222222,0.09803921568627451,0.07484126984126985,0.07337379396202925
recall,0.0,0.2,0.0,0.2,0.0,0.0,0.0,0.0,0.2,0.4,0.09803921568627451,0.1,0.09803921568627451
f1-score,0.0,0.25,0.0,0.16666666666666666,0.0,0.0,0.0,0.0,0.08000000000000002,0.2857142857142857,0.09803921568627451,0.07823809523809525,0.07670401493930905
support,5.0,5.0,5.0,5.0,5.0,6.0,5.0,5.0,5.0,5.0,0.09803921568627451,51.0,51.0
