,1,2,3,4,5,6,7,8,9,10,accuracy,macro avg,weighted avg
precision,0.0,0.0,0.0,0.2,0.08333333333333333,0.0,0.1,0.0,0.0,1.0,0.12,0.13833333333333334,0.1383333333333333
recall,0.0,0.0,0.0,0.4,0.2,0.0,0.2,0.0,0.0,0.4,0.12,0.12000000000000002,0.12
f1-score,0.0,0.0,0.0,0.26666666666666666,0.11764705882352941,0.0,0.13333333333333333,0.0,0.0,0.5714285714285715,0.12,0.1089075630252101,0.10890756302521008
support,5.0,5.0,5.0,5.0,5.0,5.0,5.0,5.0,5.0,5.0,0.12,50.0,50.0
