,1,2,3,4,5,6,7,8,9,10,accuracy,macro avg,weighted avg
precision,0.13333333333333333,0.0625,0.2857142857142857,0.16666666666666666,0.0,0.0,0.0,0.0,0.0,0.0,0.12244897959183673,0.06482142857142856,0.06614431486880466
recall,0.4,0.2,0.4,0.2,0.0,0.0,0.0,0.0,0.0,0.0,0.12244897959183673,0.12000000000000002,0.12244897959183673
f1-score,0.2,0.09523809523809523,0.3333333333333333,0.1818181818181818,0.0,0.0,0.0,0.0,0.0,0.0,0.12244897959183673,0.08103896103896105,0.08269281738669493
support,5.0,5.0,5.0,5.0,5.0,4.0,5.0,5.0,5.0,5.0,0.12244897959183673,49.0,49.0
