,1,2,3,4,5,6,7,8,9,10,accuracy,macro avg,weighted avg
precision,0.16666666666666666,0.05263157894736842,0.0,0.0,0.0,0.0,0.0,0.0,0.0,0.0,0.12244897959183673,0.021929824561403508,0.02237737200143215
recall,1.0,0.2,0.0,0.0,0.0,0.0,0.0,0.0,0.0,0.0,0.12244897959183673,0.12,0.12244897959183673
f1-score,0.2857142857142857,0.08333333333333333,0.0,0.0,0.0,0.0,0.0,0.0,0.0,0.0,0.12244897959183673,0.0369047619047619,0.03765792031098153
support,5.0,5.0,5.0,5.0,5.0,4.0,5.0,5.0,5.0,5.0,0.12244897959183673,49.0,49.0
