,1,2,3,4,5,6,7,8,9,10,accuracy,macro avg,weighted avg
precision,0.4,0.11764705882352941,0.0,0.0,0.0,0.0,0.0,0.0,0.0,0.0,0.12,0.05176470588235295,0.05176470588235294
recall,0.8,0.4,0.0,0.0,0.0,0.0,0.0,0.0,0.0,0.0,0.12,0.12000000000000002,0.12
f1-score,0.5333333333333333,0.1818181818181818,0.0,0.0,0.0,0.0,0.0,0.0,0.0,0.0,0.12,0.0715151515151515,0.0715151515151515
support,5.0,5.0,5.0,5.0,5.0,5.0,5.0,5.0,5.0,5.0,0.12,50.0,50.0
