,1,2,3,4,5,6,7,8,9,10,accuracy,macro avg,weighted avg
precision,0.17391304347826086,0.0,0.0,0.0,0.1,0.0,0.0,0.0,0.0,0.0,0.11764705882352941,0.027391304347826086,0.026854219948849102
recall,0.8,0.0,0.0,0.0,0.4,0.0,0.0,0.0,0.0,0.0,0.11764705882352941,0.12000000000000002,0.11764705882352941
f1-score,0.2857142857142857,0.0,0.0,0.0,0.16000000000000003,0.0,0.0,0.0,0.0,0.0,0.11764705882352941,0.044571428571428574,0.04369747899159664
support,5.0,5.0,5.0,5.0,5.0,6.0,5.0,5.0,5.0,5.0,0.11764705882352941,51.0,51.0
