,1,2,3,4,5,6,7,8,9,10,accuracy,macro avg,weighted avg
precision,0.10344827586206896,0.045454545454545456,0.0,0.0,0.0,0.0,0.0,0.0,0.0,0.0,0.0784313725490196,0.014890282131661442,0.014598315815354356
recall,0.6,0.2,0.0,0.0,0.0,0.0,0.0,0.0,0.0,0.0,0.0784313725490196,0.08,0.0784313725490196
f1-score,0.17647058823529413,0.07407407407407407,0.0,0.0,0.0,0.0,0.0,0.0,0.0,0.0,0.0784313725490196,0.025054466230936823,0.024563202187192962
support,5.0,5.0,5.0,5.0,5.0,6.0,5.0,5.0,5.0,5.0,0.0784313725490196,51.0,51.0
