,1,2,3,4,5,6,7,8,9,10,accuracy,macro avg,weighted avg
precision,0.18181818181818182,0.0,0.0,0.1111111111111111,0.08333333333333333,0.0,0.0,0.0,0.0,0.0,0.11764705882352941,0.037626262626262626,0.036888492770845716
recall,0.8,0.0,0.0,0.2,0.2,0.0,0.0,0.0,0.0,0.0,0.11764705882352941,0.12,0.11764705882352941
f1-score,0.2962962962962963,0.0,0.0,0.14285714285714285,0.11764705882352941,0.0,0.0,0.0,0.0,0.0,0.11764705882352941,0.05568004979769685,0.05458828411538907
support,5.0,5.0,5.0,5.0,5.0,6.0,5.0,5.0,5.0,5.0,0.11764705882352941,51.0,51.0
