,1,2,3,4,5,6,7,8,9,10,accuracy,macro avg,weighted avg
precision,0.16666666666666666,0.11538461538461539,0.0,0.0,0.0,0.0,0.0,0.0,0.0,0.0,0.14,0.028205128205128206,0.028205128205128202
recall,0.8,0.6,0.0,0.0,0.0,0.0,0.0,0.0,0.0,0.0,0.14,0.13999999999999999,0.14
f1-score,0.27586206896551724,0.1935483870967742,0.0,0.0,0.0,0.0,0.0,0.0,0.0,0.0,0.14,0.046941045606229144,0.046941045606229144
support,5.0,5.0,5.0,5.0,5.0,5.0,5.0,5.0,5.0,5.0,0.14,50.0,50.0
