,1,2,3,4,5,6,7,8,9,10,accuracy,macro avg,weighted avg
precision,0.35714285714285715,0.2,0.0,0.1,0.0,0.0,0.0,0.0,0.0,0.0,0.16,0.06571428571428571,0.06571428571428571
recall,1.0,0.4,0.0,0.2,0.0,0.0,0.0,0.0,0.0,0.0,0.16,0.15999999999999998,0.16
f1-score,0.5263157894736842,0.26666666666666666,0.0,0.13333333333333333,0.0,0.0,0.0,0.0,0.0,0.0,0.16,0.09263157894736843,0.09263157894736843
support,5.0,5.0,5.0,5.0,5.0,5.0,5.0,5.0,5.0,5.0,0.16,50.0,50.0
