,1,2,3,4,5,6,7,8,9,10,accuracy,macro avg,weighted avg
precision,0.3333333333333333,0.6666666666666666,0.3333333333333333,0.0,0.6666666666666666,0.5,1.0,0.5,0.3333333333333333,0.375,0.4489795918367347,0.4708333333333333,0.4702380952380953
recall,0.6,0.4,0.6,0.0,0.4,0.25,0.4,1.0,0.2,0.6,0.4489795918367347,0.445,0.4489795918367347
f1-score,0.42857142857142855,0.5,0.42857142857142855,0.0,0.5,0.3333333333333333,0.5714285714285715,0.6666666666666666,0.25,0.4615384615384615,0.4489795918367347,0.414010989010989,0.41565747177992074
support,5.0,5.0,5.0,5.0,5.0,4.0,5.0,5.0,5.0,5.0,0.4489795918367347,49.0,49.0
