,1,2,3,4,5,6,7,8,9,10,accuracy,macro avg,weighted avg
precision,0.2857142857142857,0.0,0.1111111111111111,0.125,0.1,0.0,0.0,0.0,0.0,0.0,0.13725490196078433,0.06218253968253967,0.06096327419856832
recall,0.8,0.0,0.2,0.2,0.2,0.0,0.0,0.0,0.0,0.0,0.13725490196078433,0.14,0.13725490196078433
f1-score,0.4210526315789473,0.0,0.14285714285714285,0.15384615384615385,0.13333333333333333,0.0,0.0,0.0,0.0,0.0,0.13725490196078433,0.08510892616155773,0.0834401236878017
support,5.0,5.0,5.0,5.0,5.0,6.0,5.0,5.0,5.0,5.0,0.13725490196078433,51.0,51.0
