,1,2,3,4,5,6,7,8,9,10,accuracy,macro avg,weighted avg
precision,0.2857142857142857,0.18181818181818182,0.0,0.07692307692307693,0.0,0.0,0.0,0.0,0.0,0.0,0.13725490196078433,0.05444555444555445,0.05337799455446514
recall,0.8,0.4,0.0,0.2,0.0,0.0,0.0,0.0,0.0,0.0,0.13725490196078433,0.14,0.13725490196078433
f1-score,0.4210526315789473,0.25000000000000006,0.0,0.1111111111111111,0.0,0.0,0.0,0.0,0.0,0.0,0.13725490196078433,0.07821637426900585,0.07668271987157435
support,5.0,5.0,5.0,5.0,5.0,6.0,5.0,5.0,5.0,5.0,0.13725490196078433,51.0,51.0
