,1,2,3,4,5,6,7,8,9,10,accuracy,macro avg,weighted avg
precision,0.05,0.13793103448275862,0.0,0.0,0.0,0.0,0.0,0.0,0.0,0.0,0.10204081632653061,0.01879310344827586,0.019176636171710063
recall,0.2,0.8,0.0,0.0,0.0,0.0,0.0,0.0,0.0,0.0,0.10204081632653061,0.1,0.10204081632653061
f1-score,0.08000000000000002,0.2352941176470588,0.0,0.0,0.0,0.0,0.0,0.0,0.0,0.0,0.10204081632653061,0.03152941176470588,0.032172869147659065
support,5.0,5.0,5.0,5.0,5.0,4.0,5.0,5.0,5.0,5.0,0.10204081632653061,49.0,49.0
