,1,2,3,4,5,6,7,8,9,10,accuracy,macro avg,weighted avg
precision,0.625,0.75,0.2,0.3333333333333333,1.0,0.75,1.0,0.6666666666666666,1.0,0.5555555555555556,0.58,0.6880555555555554,0.6880555555555555
recall,1.0,0.6,0.4,0.2,0.2,0.6,0.6,0.8,0.4,1.0,0.58,0.5800000000000001,0.58
f1-score,0.7692307692307693,0.6666666666666665,0.26666666666666666,0.25,0.33333333333333337,0.6666666666666665,0.7499999999999999,0.7272727272727272,0.5714285714285715,0.7142857142857143,0.58,0.5715551115551115,0.5715551115551115
support,5.0,5.0,5.0,5.0,5.0,5.0,5.0,5.0,5.0,5.0,0.58,50.0,50.0
