,1,2,3,4,5,6,7,8,9,10,accuracy,macro avg,weighted avg
precision,0.21739130434782608,0.11538461538461539,0.0,0.0,0.0,0.0,0.0,0.0,0.0,0.0,0.16326530612244897,0.03327759197324415,0.03395672650331036
recall,1.0,0.6,0.0,0.0,0.0,0.0,0.0,0.0,0.0,0.0,0.16326530612244897,0.16,0.16326530612244897
f1-score,0.3571428571428571,0.1935483870967742,0.0,0.0,0.0,0.0,0.0,0.0,0.0,0.0,0.16326530612244897,0.055069124423963126,0.05619298410608483
support,5.0,5.0,5.0,5.0,5.0,4.0,5.0,5.0,5.0,5.0,0.16326530612244897,49.0,49.0
