,1,2,3,4,5,6,7,8,9,10,accuracy,macro avg,weighted avg
precision,0.17857142857142858,0.09090909090909091,0.0,0.0,0.0,0.0,0.0,0.0,0.0,0.0,0.14,0.02694805194805195,0.026948051948051947
recall,1.0,0.4,0.0,0.0,0.0,0.0,0.0,0.0,0.0,0.0,0.14,0.13999999999999999,0.14
f1-score,0.30303030303030304,0.14814814814814814,0.0,0.0,0.0,0.0,0.0,0.0,0.0,0.0,0.14,0.04511784511784512,0.04511784511784512
support,5.0,5.0,5.0,5.0,5.0,5.0,5.0,5.0,5.0,5.0,0.14,50.0,50.0
