,1,2,3,4,5,6,7,8,9,10,accuracy,macro avg,weighted avg
precision,0.3333333333333333,0.0,0.0,0.0,0.07692307692307693,0.0,0.0,0.0,0.0,0.0,0.12,0.041025641025641026,0.04102564102564102
recall,1.0,0.0,0.0,0.0,0.2,0.0,0.0,0.0,0.0,0.0,0.12,0.12,0.12
f1-score,0.5,0.0,0.0,0.0,0.1111111111111111,0.0,0.0,0.0,0.0,0.0,0.12,0.061111111111111116,0.06111111111111111
support,5.0,5.0,5.0,5.0,5.0,5.0,5.0,5.0,5.0,5.0,0.12,50.0,50.0
