,1,2,3,4,5,6,7,8,9,10,accuracy,macro avg,weighted avg
precision,0.07142857142857142,0.0,0.0,0.0,0.0,0.0,0.0,0.0,0.0,0.0,0.02,0.007142857142857143,0.007142857142857142
recall,0.2,0.0,0.0,0.0,0.0,0.0,0.0,0.0,0.0,0.0,0.02,0.02,0.02
f1-score,0.10526315789473682,0.0,0.0,0.0,0.0,0.0,0.0,0.0,0.0,0.0,0.02,0.010526315789473682,0.010526315789473682
support,5.0,5.0,5.0,5.0,5.0,5.0,5.0,5.0,5.0,5.0,0.02,50.0,50.0
