,1,2,3,4,5,6,7,8,9,10,accuracy,macro avg,weighted avg
precision,0.0,0.0,0.07692307692307693,0.0,0.0,0.0,0.0,0.0,0.0,0.0,0.02040816326530612,0.007692307692307693,0.007849293563579279
recall,0.0,0.0,0.2,0.0,0.0,0.0,0.0,0.0,0.0,0.0,0.02040816326530612,0.02,0.02040816326530612
f1-score,0.0,0.0,0.1111111111111111,0.0,0.0,0.0,0.0,0.0,0.0,0.0,0.02040816326530612,0.01111111111111111,0.011337868480725623
support,5.0,5.0,5.0,5.0,5.0,4.0,5.0,5.0,5.0,5.0,0.02040816326530612,49.0,49.0
