,1,2,3,4,5,6,7,8,9,10,accuracy,macro avg,weighted avg
precision,0.3333333333333333,0.0,0.16666666666666666,0.125,0.14285714285714285,0.0,0.0,0.0,0.0,0.0,0.16326530612244897,0.07678571428571428,0.0783527696793003
recall,0.6,0.0,0.2,0.4,0.4,0.0,0.0,0.0,0.0,0.0,0.16326530612244897,0.16,0.16326530612244897
f1-score,0.42857142857142855,0.0,0.1818181818181818,0.19047619047619047,0.21052631578947364,0.0,0.0,0.0,0.0,0.0,0.16326530612244897,0.10113921166552745,0.10320327720972189
support,5.0,5.0,5.0,5.0,5.0,4.0,5.0,5.0,5.0,5.0,0.16326530612244897,49.0,49.0
