,1,2,3,4,5,6,7,8,9,10,accuracy,macro avg,weighted avg
precision,0.15384615384615385,0.04,0.0,0.0,0.0,0.0,0.0,0.0,0.0,0.0,0.09803921568627451,0.019384615384615386,0.01900452488687783
recall,0.8,0.2,0.0,0.0,0.0,0.0,0.0,0.0,0.0,0.0,0.09803921568627451,0.1,0.09803921568627451
f1-score,0.25806451612903225,0.06666666666666667,0.0,0.0,0.0,0.0,0.0,0.0,0.0,0.0,0.09803921568627451,0.03247311827956989,0.03183639047016656
support,5.0,5.0,5.0,5.0,5.0,6.0,5.0,5.0,5.0,5.0,0.09803921568627451,51.0,51.0
