,1,2,3,4,5,6,7,8,9,10,accuracy,macro avg,weighted avg
precision,0.36363636363636365,0.2,0.6666666666666666,0.5,0.625,0.6666666666666666,1.0,0.5,1.0,0.75,0.5686274509803921,0.6271969696969697,0.6279708853238266
recall,0.8,0.2,0.4,0.4,1.0,1.0,0.6,0.2,0.4,0.6,0.5686274509803921,0.5599999999999999,0.5686274509803921
f1-score,0.5000000000000001,0.20000000000000004,0.5,0.4444444444444445,0.7692307692307693,0.8,0.7499999999999999,0.28571428571428575,0.5714285714285715,0.6666666666666665,0.5686274509803921,0.5487484737484737,0.5536749742632096
support,5.0,5.0,5.0,5.0,5.0,6.0,5.0,5.0,5.0,5.0,0.5686274509803921,51.0,51.0
