,1,2,3,4,5,6,7,8,9,10,accuracy,macro avg,weighted avg
precision,0.037037037037037035,0.13636363636363635,0.0,0.0,0.0,0.0,0.0,0.0,0.0,0.0,0.08163265306122448,0.01734006734006734,0.017693946265374835
recall,0.2,0.6,0.0,0.0,0.0,0.0,0.0,0.0,0.0,0.0,0.08163265306122448,0.08,0.08163265306122448
f1-score,0.0625,0.22222222222222218,0.0,0.0,0.0,0.0,0.0,0.0,0.0,0.0,0.08163265306122448,0.02847222222222222,0.029053287981859407
support,5.0,5.0,5.0,5.0,5.0,4.0,5.0,5.0,5.0,5.0,0.08163265306122448,49.0,49.0
