,1,2,3,4,5,6,7,8,9,10,accuracy,macro avg,weighted avg
precision,0.18181818181818182,0.0,0.0,0.0,0.07142857142857142,0.0,0.0,0.0,0.0,0.0,0.061224489795918366,0.025324675324675326,0.025841505433342172
recall,0.4,0.0,0.0,0.0,0.2,0.0,0.0,0.0,0.0,0.0,0.061224489795918366,0.06000000000000001,0.061224489795918366
f1-score,0.25000000000000006,0.0,0.0,0.0,0.10526315789473682,0.0,0.0,0.0,0.0,0.0,0.061224489795918366,0.03552631578947369,0.036251342642320085
support,5.0,5.0,5.0,5.0,5.0,4.0,5.0,5.0,5.0,5.0,0.061224489795918366,49.0,49.0
