,1,2,3,4,5,6,7,8,9,10,accuracy,macro avg,weighted avg
precision,0.12,0.125,0.0,0.0,0.0,0.0,0.0,0.0,0.0,0.0,0.12244897959183673,0.0245,0.025
recall,0.6,0.6,0.0,0.0,0.0,0.0,0.0,0.0,0.0,0.0,0.12244897959183673,0.12,0.12244897959183673
f1-score,0.19999999999999998,0.20689655172413793,0.0,0.0,0.0,0.0,0.0,0.0,0.0,0.0,0.12244897959183673,0.04068965517241379,0.041520056298381416
support,5.0,5.0,5.0,5.0,5.0,4.0,5.0,5.0,5.0,5.0,0.12244897959183673,49.0,49.0
