,1,2,3,4,5,6,7,8,9,10,accuracy,macro avg,weighted avg
precision,0.12195121951219512,0.1,0.0,0.0,0.0,0.0,0.0,0.0,0.0,0.0,0.11764705882352941,0.02219512195121951,0.02175992348158776
recall,1.0,0.2,0.0,0.0,0.0,0.0,0.0,0.0,0.0,0.0,0.11764705882352941,0.12,0.11764705882352941
f1-score,0.21739130434782605,0.13333333333333333,0.0,0.0,0.0,0.0,0.0,0.0,0.0,0.0,0.11764705882352941,0.03507246376811594,0.03438476840011367
support,5.0,5.0,5.0,5.0,5.0,6.0,5.0,5.0,5.0,5.0,0.11764705882352941,51.0,51.0
