,1,2,3,4,5,6,7,8,9,10,accuracy,macro avg,weighted avg
precision,0.2222222222222222,0.0,0.14285714285714285,0.0,0.06666666666666667,0.0,0.0,0.0,0.0,0.0,0.08163265306122448,0.04317460317460317,0.04405571752510528
recall,0.4,0.0,0.2,0.0,0.2,0.0,0.0,0.0,0.0,0.0,0.08163265306122448,0.08,0.08163265306122448
f1-score,0.2857142857142857,0.0,0.16666666666666666,0.0,0.1,0.0,0.0,0.0,0.0,0.0,0.08163265306122448,0.05523809523809523,0.056365403304178816
support,5.0,5.0,5.0,5.0,5.0,4.0,5.0,5.0,5.0,5.0,0.08163265306122448,49.0,49.0
