,1,2,3,4,5,6,7,8,9,10,accuracy,macro avg,weighted avg
precision,0.06976744186046512,0.14285714285714285,0.0,0.0,0.0,0.0,0.0,0.0,0.0,0.0,0.08,0.0212624584717608,0.021262458471760795
recall,0.6,0.2,0.0,0.0,0.0,0.0,0.0,0.0,0.0,0.0,0.08,0.08,0.08
f1-score,0.125,0.16666666666666666,0.0,0.0,0.0,0.0,0.0,0.0,0.0,0.0,0.08,0.029166666666666664,0.029166666666666664
support,5.0,5.0,5.0,5.0,5.0,5.0,5.0,5.0,5.0,5.0,0.08,50.0,50.0
