,1,2,3,4,5,6,7,8,9,10,accuracy,macro avg,weighted avg
precision,0.14814814814814814,0.08333333333333333,0.0,0.0,0.0,0.0,0.0,0.0,0.0,0.0,0.11764705882352941,0.023148148148148147,0.02269426289034132
recall,0.8,0.4,0.0,0.0,0.0,0.0,0.0,0.0,0.0,0.0,0.11764705882352941,0.12000000000000002,0.11764705882352941
f1-score,0.25,0.13793103448275862,0.0,0.0,0.0,0.0,0.0,0.0,0.0,0.0,0.11764705882352941,0.03879310344827586,0.03803245436105477
support,5.0,5.0,5.0,5.0,5.0,6.0,5.0,5.0,5.0,5.0,0.11764705882352941,51.0,51.0
