,1,2,3,4,5,6,7,8,9,10,accuracy,macro avg,weighted avg
precision,0.1724137931034483,0.13636363636363635,0.0,0.0,0.0,0.0,0.0,0.0,0.0,0.0,0.1568627450980392,0.030877742946708465,0.030272297006576927
recall,1.0,0.6,0.0,0.0,0.0,0.0,0.0,0.0,0.0,0.0,0.1568627450980392,0.16,0.1568627450980392
f1-score,0.29411764705882354,0.22222222222222218,0.0,0.0,0.0,0.0,0.0,0.0,0.0,0.0,0.1568627450980392,0.05163398692810457,0.050621555811867225
support,5.0,5.0,5.0,5.0,5.0,6.0,5.0,5.0,5.0,5.0,0.1568627450980392,51.0,51.0
