,1,2,3,4,5,6,7,8,9,10,accuracy,macro avg,weighted avg
precision,0.23076923076923078,0.0,0.0,0.0,0.0,0.0,0.0,0.0,0.0,0.0,0.058823529411764705,0.023076923076923078,0.022624434389140274
recall,0.6,0.0,0.0,0.0,0.0,0.0,0.0,0.0,0.0,0.0,0.058823529411764705,0.06,0.058823529411764705
f1-score,0.33333333333333337,0.0,0.0,0.0,0.0,0.0,0.0,0.0,0.0,0.0,0.058823529411764705,0.03333333333333334,0.03267973856209151
support,5.0,5.0,5.0,5.0,5.0,6.0,5.0,5.0,5.0,5.0,0.058823529411764705,51.0,51.0
