,1,2,3,4,5,6,7,8,9,10,accuracy,macro avg,weighted avg
precision,0.18181818181818182,0.0,0.0,0.3333333333333333,0.2222222222222222,0.16666666666666666,0.0,0.5,0.0,0.0,0.16,0.1404040404040404,0.14040404040404042
recall,0.4,0.0,0.0,0.4,0.4,0.2,0.0,0.2,0.0,0.0,0.16,0.16,0.16
f1-score,0.25000000000000006,0.0,0.0,0.3636363636363636,0.2857142857142857,0.1818181818181818,0.0,0.28571428571428575,0.0,0.0,0.16,0.1366883116883117,0.1366883116883117
support,5.0,5.0,5.0,5.0,5.0,5.0,5.0,5.0,5.0,5.0,0.16,50.0,50.0
