,1,2,3,4,5,6,7,8,9,10,accuracy,macro avg,weighted avg
precision,0.0,0.0,0.0,0.5,0.0,0.0,0.25,0.16666666666666666,0.0,0.0,0.0784313725490196,0.09166666666666666,0.08986928104575163
recall,0.0,0.0,0.0,0.4,0.0,0.0,0.2,0.2,0.0,0.0,0.0784313725490196,0.08,0.0784313725490196
f1-score,0.0,0.0,0.0,0.4444444444444445,0.0,0.0,0.22222222222222224,0.1818181818181818,0.0,0.0,0.0784313725490196,0.08484848484848485,0.08318478906714201
support,5.0,5.0,5.0,5.0,5.0,6.0,5.0,5.0,5.0,5.0,0.0784313725490196,51.0,51.0
