,1,2,3,4,5,6,7,8,9,10,accuracy,macro avg,weighted avg
precision,1.0,1.0,0.0,0.0,0.0,0.0,0.0,0.0,0.08695652173913043,0.2857142857142857,0.13725490196078433,0.23726708074534159,0.23261478504445257
recall,0.2,0.4,0.0,0.0,0.0,0.0,0.0,0.0,0.4,0.4,0.13725490196078433,0.13999999999999999,0.13725490196078433
f1-score,0.33333333333333337,0.5714285714285715,0.0,0.0,0.0,0.0,0.0,0.0,0.14285714285714285,0.3333333333333333,0.13725490196078433,0.1380952380952381,0.13538748832866482
support,5.0,5.0,5.0,5.0,5.0,6.0,5.0,5.0,5.0,5.0,0.13725490196078433,51.0,51.0
