,1,2,3,4,5,6,7,8,9,10,accuracy,macro avg,weighted avg
precision,0.0,0.5,0.125,0.0,0.0,0.0,0.15384615384615385,0.5,0.3333333333333333,0.2,0.1836734693877551,0.1812179487179487,0.1849162742019885
recall,0.0,0.2,0.2,0.0,0.0,0.0,0.8,0.2,0.2,0.2,0.1836734693877551,0.18,0.1836734693877551
f1-score,0.0,0.28571428571428575,0.15384615384615385,0.0,0.0,0.0,0.25806451612903225,0.28571428571428575,0.25,0.20000000000000004,0.1836734693877551,0.14333392414037577,0.14625910626568955
support,5.0,5.0,5.0,5.0,5.0,4.0,5.0,5.0,5.0,5.0,0.1836734693877551,49.0,49.0
