,1,2,3,4,5,6,7,8,9,10,accuracy,macro avg,weighted avg
precision,0.0,0.0,0.0,0.14285714285714285,0.0,0.0,0.0,1.0,0.16666666666666666,0.1,0.09803921568627451,0.14095238095238097,0.13818860877684408
recall,0.0,0.0,0.0,0.4,0.0,0.0,0.0,0.2,0.2,0.2,0.09803921568627451,0.1,0.09803921568627451
f1-score,0.0,0.0,0.0,0.21052631578947364,0.0,0.0,0.0,0.33333333333333337,0.1818181818181818,0.13333333333333333,0.09803921568627451,0.08590111642743221,0.08421678081120806
support,5.0,5.0,5.0,5.0,5.0,6.0,5.0,5.0,5.0,5.0,0.09803921568627451,51.0,51.0
