,1,2,3,4,5,6,7,8,9,10,accuracy,macro avg,weighted avg
precision,0.5,0.0,0.16666666666666666,0.5,0.2727272727272727,0.0625,0.3333333333333333,0.0,0.0,0.3333333333333333,0.18,0.2168560606060606,0.21685606060606058
recall,0.2,0.0,0.2,0.2,0.6,0.2,0.2,0.0,0.0,0.2,0.18,0.18,0.18
f1-score,0.28571428571428575,0.0,0.1818181818181818,0.28571428571428575,0.37499999999999994,0.09523809523809523,0.25,0.0,0.0,0.25,0.18,0.17234848484848483,0.17234848484848483
support,5.0,5.0,5.0,5.0,5.0,5.0,5.0,5.0,5.0,5.0,0.18,50.0,50.0
