,1,2,3,4,5,6,7,8,9,10,accuracy,macro avg,weighted avg
precision,0.09523809523809523,0.15384615384615385,0.0,0.0,0.0,0.0,0.0,0.25,1.0,0.0,0.12244897959183673,0.1499084249084249,0.15296778051880092
recall,0.4,0.4,0.0,0.0,0.0,0.0,0.0,0.2,0.2,0.0,0.12244897959183673,0.12,0.12244897959183673
f1-score,0.15384615384615385,0.2222222222222222,0.0,0.0,0.0,0.0,0.0,0.22222222222222224,0.33333333333333337,0.0,0.12244897959183673,0.09316239316239316,0.09506366649223792
support,5.0,5.0,5.0,5.0,5.0,4.0,5.0,5.0,5.0,5.0,0.12244897959183673,49.0,49.0
