,1,2,3,4,5,6,7,8,9,10,accuracy,macro avg,weighted avg
precision,0.0,0.0,0.0,0.125,0.16666666666666666,0.0,0.1,0.2,0.0,0.0,0.08,0.059166666666666666,0.05916666666666666
recall,0.0,0.0,0.0,0.2,0.2,0.0,0.2,0.2,0.0,0.0,0.08,0.08,0.08
f1-score,0.0,0.0,0.0,0.15384615384615385,0.1818181818181818,0.0,0.13333333333333333,0.20000000000000004,0.0,0.0,0.08,0.0668997668997669,0.0668997668997669
support,5.0,5.0,5.0,5.0,5.0,5.0,5.0,5.0,5.0,5.0,0.08,50.0,50.0
