,1,2,3,4,5,6,7,8,9,10,accuracy,macro avg,weighted avg
precision,0.07142857142857142,0.14285714285714285,0.0,0.0,0.25,0.25,0.0,0.0,0.0,0.0,0.12,0.07142857142857142,0.07142857142857142
recall,0.2,0.6,0.0,0.0,0.2,0.2,0.0,0.0,0.0,0.0,0.12,0.12000000000000002,0.12
f1-score,0.10526315789473682,0.23076923076923073,0.0,0.0,0.22222222222222224,0.22222222222222224,0.0,0.0,0.0,0.0,0.12,0.07804768331084119,0.0780476833108412
support,5.0,5.0,5.0,5.0,5.0,5.0,5.0,5.0,5.0,5.0,0.12,50.0,50.0
