,1,2,3,4,5,6,7,8,9,10,accuracy,macro avg,weighted avg
precision,0.2,0.0,0.0,0.0,0.14814814814814814,0.0,0.0,0.0,0.21428571428571427,0.0,0.16326530612244897,0.05624338624338624,0.05739121045243494
recall,0.2,0.0,0.0,0.0,0.8,0.0,0.0,0.0,0.6,0.0,0.16326530612244897,0.16,0.16326530612244897
f1-score,0.20000000000000004,0.0,0.0,0.0,0.25,0.0,0.0,0.0,0.3157894736842105,0.0,0.16326530612244897,0.07657894736842105,0.07814178302900107
support,5.0,5.0,5.0,5.0,5.0,4.0,5.0,5.0,5.0,5.0,0.16326530612244897,49.0,49.0
