,1,2,3,4,5,6,7,8,9,10,accuracy,macro avg,weighted avg
precision,0.0,0.125,0.0,0.0,0.0,0.0,0.2222222222222222,0.3333333333333333,0.15,0.3333333333333333,0.16326530612244897,0.1163888888888889,0.11876417233560091
recall,0.0,0.2,0.0,0.0,0.0,0.0,0.4,0.2,0.6,0.2,0.16326530612244897,0.15999999999999998,0.16326530612244897
f1-score,0.0,0.15384615384615385,0.0,0.0,0.0,0.0,0.2857142857142857,0.25,0.24,0.25,0.16326530612244897,0.11795604395604395,0.12036331015922852
support,5.0,5.0,5.0,5.0,5.0,4.0,5.0,5.0,5.0,5.0,0.16326530612244897,49.0,49.0
