,1,2,3,4,5,6,7,8,9,10,accuracy,macro avg,weighted avg
precision,0.125,0.0,0.0,0.2,0.0,0.14285714285714285,0.0,0.0,0.0,0.0,0.1,0.046785714285714285,0.04678571428571429
recall,0.4,0.0,0.0,0.2,0.0,0.4,0.0,0.0,0.0,0.0,0.1,0.1,0.1
f1-score,0.19047619047619047,0.0,0.0,0.20000000000000004,0.0,0.21052631578947364,0.0,0.0,0.0,0.0,0.1,0.06010025062656642,0.06010025062656641
support,5.0,5.0,5.0,5.0,5.0,5.0,5.0,5.0,5.0,5.0,0.1,50.0,50.0
