,1,2,3,4,5,6,7,8,9,10,accuracy,macro avg,weighted avg
precision,0.0,0.1111111111111111,0.0,0.041666666666666664,0.0,0.0,0.0,0.0,0.0,0.0,0.0392156862745098,0.015277777777777776,0.01497821350762527
recall,0.0,0.2,0.0,0.2,0.0,0.0,0.0,0.0,0.0,0.0,0.0392156862745098,0.04,0.0392156862745098
f1-score,0.0,0.14285714285714285,0.0,0.06896551724137931,0.0,0.0,0.0,0.0,0.0,0.0,0.0392156862745098,0.021182266009852214,0.020766927460639427
support,5.0,5.0,5.0,5.0,5.0,6.0,5.0,5.0,5.0,5.0,0.0392156862745098,51.0,51.0
