,1,2,3,4,5,6,7,8,9,10,accuracy,macro avg,weighted avg
precision,0.25,0.0,0.07692307692307693,0.0,0.2222222222222222,0.0,0.0,0.0,0.0,1.0,0.09803921568627451,0.15491452991452992,0.15187699011228423
recall,0.2,0.0,0.2,0.0,0.4,0.0,0.0,0.0,0.0,0.2,0.09803921568627451,0.1,0.09803921568627451
f1-score,0.22222222222222224,0.0,0.1111111111111111,0.0,0.2857142857142857,0.0,0.0,0.0,0.0,0.33333333333333337,0.09803921568627451,0.09523809523809525,0.09337068160597572
support,5.0,5.0,5.0,5.0,5.0,6.0,5.0,5.0,5.0,5.0,0.09803921568627451,51.0,51.0
