,1,2,3,4,5,6,7,8,9,10,accuracy,macro avg,weighted avg
precision,0.0,0.0,0.0,0.11538461538461539,0.0,0.0,0.2857142857142857,0.2222222222222222,1.0,0.0,0.16326530612244897,0.16233211233211234,0.16564501258378808
recall,0.0,0.0,0.0,0.6,0.0,0.0,0.4,0.4,0.2,0.0,0.16326530612244897,0.15999999999999998,0.16326530612244897
f1-score,0.0,0.0,0.0,0.1935483870967742,0.0,0.0,0.3333333333333333,0.2857142857142857,0.33333333333333337,0.0,0.16326530612244897,0.11459293394777266,0.11693156525282924
support,5.0,5.0,5.0,5.0,5.0,4.0,5.0,5.0,5.0,5.0,0.16326530612244897,49.0,49.0
