,1,2,3,4,5,6,7,8,9,10,accuracy,macro avg,weighted avg
precision,0.0,0.16666666666666666,0.0,0.125,0.07692307692307693,0.0,0.0,0.0,0.0,0.0,0.058823529411764705,0.03685897435897435,0.036136249371543486
recall,0.0,0.2,0.0,0.2,0.2,0.0,0.0,0.0,0.0,0.0,0.058823529411764705,0.06000000000000001,0.058823529411764705
f1-score,0.0,0.1818181818181818,0.0,0.15384615384615385,0.1111111111111111,0.0,0.0,0.0,0.0,0.0,0.058823529411764705,0.04467754467754467,0.043801514389749684
support,5.0,5.0,5.0,5.0,5.0,6.0,5.0,5.0,5.0,5.0,0.058823529411764705,51.0,51.0
