,1,2,3,4,5,6,7,8,9,10,accuracy,macro avg,weighted avg
precision,0.09523809523809523,0.0,0.0,0.5,0.0,0.0,0.0,0.0,0.0,0.0,0.10204081632653061,0.05952380952380952,0.060738581146744415
recall,0.8,0.0,0.0,0.2,0.0,0.0,0.0,0.0,0.0,0.0,0.10204081632653061,0.1,0.10204081632653061
f1-score,0.1702127659574468,0.0,0.0,0.28571428571428575,0.0,0.0,0.0,0.0,0.0,0.0,0.10204081632653061,0.04559270516717325,0.04652316853793189
support,5.0,5.0,5.0,5.0,5.0,4.0,5.0,5.0,5.0,5.0,0.10204081632653061,49.0,49.0
