,1,2,3,4,5,6,7,8,9,10,accuracy,macro avg,weighted avg
precision,0.0,0.0,0.0,0.0,0.0,0.0,0.0,0.25,0.0,0.0,0.02,0.025,0.025
recall,0.0,0.0,0.0,0.0,0.0,0.0,0.0,0.2,0.0,0.0,0.02,0.02,0.02
f1-score,0.0,0.0,0.0,0.0,0.0,0.0,0.0,0.22222222222222224,0.0,0.0,0.02,0.022222222222222223,0.022222222222222223
support,5.0,5.0,5.0,5.0,5.0,5.0,5.0,5.0,5.0,5.0,0.02,50.0,50.0
