,1,2,3,4,5,6,7,8,9,10,accuracy,macro avg,weighted avg
precision,0.0,0.0,0.0,0.0,0.5,0.16666666666666666,0.0,0.1,0.0,0.0,0.06,0.07666666666666666,0.07666666666666666
recall,0.0,0.0,0.0,0.0,0.2,0.2,0.0,0.2,0.0,0.0,0.06,0.06000000000000001,0.06
f1-score,0.0,0.0,0.0,0.0,0.28571428571428575,0.1818181818181818,0.0,0.13333333333333333,0.0,0.0,0.06,0.06008658008658009,0.06008658008658009
support,5.0,5.0,5.0,5.0,5.0,5.0,5.0,5.0,5.0,5.0,0.06,50.0,50.0
