,1,2,3,4,5,6,7,8,9,10,accuracy,macro avg,weighted avg
precision,0.0,0.0,0.0,0.14285714285714285,0.0,0.23076923076923078,0.0,0.0,0.0,0.0,0.14,0.03736263736263736,0.03736263736263736
recall,0.0,0.0,0.0,0.8,0.0,0.6,0.0,0.0,0.0,0.0,0.14,0.13999999999999999,0.14
f1-score,0.0,0.0,0.0,0.24242424242424243,0.0,0.33333333333333337,0.0,0.0,0.0,0.0,0.14,0.05757575757575758,0.05757575757575758
support,5.0,5.0,5.0,5.0,5.0,5.0,5.0,5.0,5.0,5.0,0.14,50.0,50.0
