,1,2,3,4,5,6,7,8,9,10,accuracy,macro avg,weighted avg
precision,0.0,0.0,0.0,0.0,0.0,0.5,0.16666666666666666,0.0,0.0,0.2,0.12,0.08666666666666667,0.08666666666666666
recall,0.0,0.0,0.0,0.0,0.0,0.2,0.6,0.0,0.0,0.4,0.12,0.12000000000000002,0.12
f1-score,0.0,0.0,0.0,0.0,0.0,0.28571428571428575,0.2608695652173913,0.0,0.0,0.26666666666666666,0.12,0.08132505175983437,0.08132505175983437
support,5.0,5.0,5.0,5.0,5.0,5.0,5.0,5.0,5.0,5.0,0.12,50.0,50.0
