,1,2,3,4,5,6,7,8,9,10,accuracy,macro avg,weighted avg
precision,0.0,0.19047619047619047,0.0,0.0,0.0,1.0,0.0,0.16666666666666666,0.5,0.0,0.16,0.18571428571428572,0.1857142857142857
recall,0.0,0.8,0.0,0.0,0.0,0.2,0.0,0.4,0.2,0.0,0.16,0.16,0.16
f1-score,0.0,0.3076923076923077,0.0,0.0,0.0,0.33333333333333337,0.0,0.23529411764705882,0.28571428571428575,0.0,0.16,0.11620340443869856,0.11620340443869857
support,5.0,5.0,5.0,5.0,5.0,5.0,5.0,5.0,5.0,5.0,0.16,50.0,50.0
