,1,2,3,4,5,6,7,8,9,10,accuracy,macro avg,weighted avg
precision,0.0,0.0,0.0,0.12121212121212122,0.0,0.25,0.0,0.0,0.0,0.2,0.14,0.05712121212121213,0.05712121212121212
recall,0.0,0.0,0.0,0.8,0.0,0.4,0.0,0.0,0.0,0.2,0.14,0.14,0.14
f1-score,0.0,0.0,0.0,0.2105263157894737,0.0,0.3076923076923077,0.0,0.0,0.0,0.20000000000000004,0.14,0.07182186234817814,0.07182186234817815
support,5.0,5.0,5.0,5.0,5.0,5.0,5.0,5.0,5.0,5.0,0.14,50.0,50.0
