,1,2,3,4,5,6,7,8,9,10,accuracy,macro avg,weighted avg
precision,0.05555555555555555,0.0,0.0,0.0,0.3333333333333333,0.0,0.0,0.25,0.0,0.125,0.1,0.07638888888888888,0.07638888888888888
recall,0.2,0.0,0.0,0.0,0.2,0.0,0.0,0.2,0.0,0.4,0.1,0.1,0.1
f1-score,0.08695652173913045,0.0,0.0,0.0,0.25,0.0,0.0,0.22222222222222224,0.0,0.19047619047619047,0.1,0.07496549344375432,0.0749654934437543
support,5.0,5.0,5.0,5.0,5.0,5.0,5.0,5.0,5.0,5.0,0.1,50.0,50.0
