,1,2,3,4,5,6,7,8,9,10,accuracy,macro avg,weighted avg
precision,0.0,0.0,0.0,0.0,0.0,0.5,0.16666666666666666,0.16666666666666666,0.16666666666666666,1.0,0.14,0.2,0.2
recall,0.0,0.0,0.0,0.0,0.0,0.2,0.6,0.2,0.2,0.2,0.14,0.13999999999999999,0.14
f1-score,0.0,0.0,0.0,0.0,0.0,0.28571428571428575,0.2608695652173913,0.1818181818181818,0.1818181818181818,0.33333333333333337,0.14,0.1243553547901374,0.1243553547901374
support,5.0,5.0,5.0,5.0,5.0,5.0,5.0,5.0,5.0,5.0,0.14,50.0,50.0
