,1,2,3,4,5,6,7,8,9,10,accuracy,macro avg,weighted avg
precision,0.0,0.0,0.0,0.0,0.06060606060606061,0.0,0.0,0.0,0.0,0.0,0.04,0.006060606060606061,0.006060606060606061
recall,0.0,0.0,0.0,0.0,0.4,0.0,0.0,0.0,0.0,0.0,0.04,0.04,0.04
f1-score,0.0,0.0,0.0,0.0,0.10526315789473685,0.0,0.0,0.0,0.0,0.0,0.04,0.010526315789473686,0.010526315789473686
support,5.0,5.0,5.0,5.0,5.0,5.0,5.0,5.0,5.0,5.0,0.04,50.0,50.0
