,1,2,3,4,5,6,7,8,9,10,accuracy,macro avg,weighted avg
precision,0.2,0.18518518518518517,0.0,0.0,0.0,0.0,0.0,0.0,0.0,0.0,0.12,0.03851851851851852,0.038518518518518514
recall,0.2,1.0,0.0,0.0,0.0,0.0,0.0,0.0,0.0,0.0,0.12,0.12,0.12
f1-score,0.20000000000000004,0.3125,0.0,0.0,0.0,0.0,0.0,0.0,0.0,0.0,0.12,0.051250000000000004,0.05125
support,5.0,5.0,5.0,5.0,5.0,5.0,5.0,5.0,5.0,5.0,0.12,50.0,50.0
