,1,2,3,4,5,6,7,8,9,10,accuracy,macro avg,weighted avg
precision,0.045454545454545456,0.0,0.0,0.0,0.0,0.0,0.0,0.125,0.0,0.14285714285714285,0.06,0.031331168831168835,0.03133116883116883
recall,0.2,0.0,0.0,0.0,0.0,0.0,0.0,0.2,0.0,0.2,0.06,0.06000000000000001,0.06
f1-score,0.07407407407407407,0.0,0.0,0.0,0.0,0.0,0.0,0.15384615384615385,0.0,0.16666666666666666,0.06,0.03945868945868945,0.03945868945868946
support,5.0,5.0,5.0,5.0,5.0,5.0,5.0,5.0,5.0,5.0,0.06,50.0,50.0
