,1,2,3,4,5,6,7,8,9,10,accuracy,macro avg,weighted avg
precision,0.0,0.0,0.15789473684210525,0.0,0.0,0.5,0.0,0.0,0.3,0.0,0.14285714285714285,0.09578947368421054,0.08754027926960259
recall,0.0,0.0,0.6,0.0,0.0,0.25,0.0,0.0,0.6,0.0,0.14285714285714285,0.145,0.14285714285714285
f1-score,0.0,0.0,0.25,0.0,0.0,0.3333333333333333,0.0,0.0,0.4,0.0,0.14285714285714285,0.09833333333333333,0.09353741496598639
support,5.0,5.0,5.0,5.0,5.0,4.0,5.0,5.0,5.0,5.0,0.14285714285714285,49.0,49.0
