,1,2,3,4,5,6,7,8,9,10,accuracy,macro avg,weighted avg
precision,0.2,0.42857142857142855,0.0,0.0,0.5,0.0,0.3333333333333333,0.0,0.3333333333333333,0.6666666666666666,0.22,0.24619047619047615,0.24619047619047613
recall,0.2,0.6,0.0,0.0,0.6,0.0,0.2,0.0,0.2,0.4,0.22,0.22000000000000003,0.22
f1-score,0.20000000000000004,0.5,0.0,0.0,0.5454545454545454,0.0,0.25,0.0,0.25,0.5,0.22,0.22454545454545455,0.22454545454545452
support,5.0,5.0,5.0,5.0,5.0,5.0,5.0,5.0,5.0,5.0,0.22,50.0,50.0
