,1,2,3,4,5,6,7,8,9,10,accuracy,macro avg,weighted avg
precision,0.0,0.5,0.0,0.0,0.0,0.0,0.0,0.0,0.07142857142857142,0.11764705882352941,0.0784313725490196,0.06890756302521009,0.06755643433844126
recall,0.0,0.2,0.0,0.0,0.0,0.0,0.0,0.0,0.2,0.4,0.0784313725490196,0.08,0.0784313725490196
f1-score,0.0,0.28571428571428575,0.0,0.0,0.0,0.0,0.0,0.0,0.10526315789473682,0.1818181818181818,0.0784313725490196,0.057279562542720444,0.0561564338654122
support,5.0,5.0,5.0,5.0,5.0,6.0,5.0,5.0,5.0,5.0,0.0784313725490196,51.0,51.0
