,1,2,3,4,5,6,7,8,9,10,accuracy,macro avg,weighted avg
precision,0.1111111111111111,0.0,0.25,0.0,0.0,0.0,0.0,0.1111111111111111,0.09090909090909091,0.0,0.08,0.056313131313131315,0.056313131313131315
recall,0.2,0.0,0.2,0.0,0.0,0.0,0.0,0.2,0.2,0.0,0.08,0.08,0.08
f1-score,0.14285714285714285,0.0,0.22222222222222224,0.0,0.0,0.0,0.0,0.14285714285714285,0.12500000000000003,0.0,0.08,0.06329365079365079,0.06329365079365079
support,5.0,5.0,5.0,5.0,5.0,5.0,5.0,5.0,5.0,5.0,0.08,50.0,50.0
