,1,2,3,4,5,6,7,8,9,10,accuracy,macro avg,weighted avg
precision,0.5,0.125,0.2,0.5,0.14285714285714285,0.2,0.0,0.0,0.0,0.25,0.16326530612244897,0.19178571428571428,0.19161807580174928
recall,0.4,0.2,0.2,0.2,0.2,0.25,0.0,0.0,0.0,0.2,0.16326530612244897,0.16499999999999998,0.16326530612244897
f1-score,0.4444444444444445,0.15384615384615385,0.20000000000000004,0.28571428571428575,0.16666666666666666,0.22222222222222224,0.0,0.0,0.0,0.22222222222222224,0.16326530612244897,0.16951159951159953,0.1684358725175052
support,5.0,5.0,5.0,5.0,5.0,4.0,5.0,5.0,5.0,5.0,0.16326530612244897,49.0,49.0
