,1,2,3,4,5,6,7,8,9,10,accuracy,macro avg,weighted avg
precision,0.2222222222222222,0.5,0.0,0.2727272727272727,0.25,0.3,0.14285714285714285,0.0,0.3333333333333333,0.0,0.26,0.20211399711399713,0.2021139971139971
recall,0.4,0.2,0.0,0.6,0.4,0.6,0.2,0.0,0.2,0.0,0.26,0.26000000000000006,0.26
f1-score,0.2857142857142857,0.28571428571428575,0.0,0.37499999999999994,0.3076923076923077,0.4,0.16666666666666666,0.0,0.25,0.0,0.26,0.2070787545787546,0.20707875457875458
support,5.0,5.0,5.0,5.0,5.0,5.0,5.0,5.0,5.0,5.0,0.26,50.0,50.0
