,1,2,3,4,5,6,7,8,9,10,accuracy,macro avg,weighted avg
precision,0.0,0.2857142857142857,0.14285714285714285,0.2,0.0,0.0,0.2857142857142857,0.16666666666666666,0.0,0.0,0.16,0.10809523809523809,0.10809523809523808
recall,0.0,0.4,0.2,0.4,0.0,0.0,0.4,0.2,0.0,0.0,0.16,0.16,0.16
f1-score,0.0,0.3333333333333333,0.16666666666666666,0.26666666666666666,0.0,0.0,0.3333333333333333,0.1818181818181818,0.0,0.0,0.16,0.12818181818181817,0.12818181818181817
support,5.0,5.0,5.0,5.0,5.0,5.0,5.0,5.0,5.0,5.0,0.16,50.0,50.0
