,1,2,3,4,5,6,7,8,9,10,accuracy,macro avg,weighted avg
precision,0.3333333333333333,0.0,0.0,0.18181818181818182,0.0,0.0,0.0,1.0,0.14285714285714285,0.09090909090909091,0.11764705882352941,0.17489177489177488,0.17146252440370088
recall,0.2,0.0,0.0,0.4,0.0,0.0,0.0,0.2,0.2,0.2,0.11764705882352941,0.12,0.11764705882352941
f1-score,0.25,0.0,0.0,0.25000000000000006,0.0,0.0,0.0,0.33333333333333337,0.16666666666666666,0.12500000000000003,0.11764705882352941,0.1125,0.11029411764705882
support,5.0,5.0,5.0,5.0,5.0,6.0,5.0,5.0,5.0,5.0,0.11764705882352941,51.0,51.0
