,1,2,3,4,5,6,7,8,9,10,accuracy,macro avg,weighted avg
precision,0.2,0.0,0.0,0.125,0.0,0.0,0.0,0.125,0.0,0.375,0.12244897959183673,0.08249999999999999,0.08418367346938775
recall,0.2,0.0,0.0,0.2,0.0,0.0,0.0,0.2,0.0,0.6,0.12244897959183673,0.12000000000000002,0.12244897959183673
f1-score,0.20000000000000004,0.0,0.0,0.15384615384615385,0.0,0.0,0.0,0.15384615384615385,0.0,0.4615384615384615,0.12244897959183673,0.09692307692307693,0.09890109890109891
support,5.0,5.0,5.0,5.0,5.0,4.0,5.0,5.0,5.0,5.0,0.12244897959183673,49.0,49.0
