,1,2,3,4,5,6,7,8,9,10,accuracy,macro avg,weighted avg
precision,0.0,0.0,0.5,0.25,0.0,0.0,0.14285714285714285,0.375,0.16666666666666666,0.16666666666666666,0.1836734693877551,0.16011904761904763,0.1633867832847425
recall,0.0,0.0,0.2,0.2,0.0,0.0,0.2,0.6,0.4,0.2,0.1836734693877551,0.18,0.1836734693877551
f1-score,0.0,0.0,0.28571428571428575,0.22222222222222224,0.0,0.0,0.16666666666666666,0.4615384615384615,0.23529411764705882,0.1818181818181818,0.1836734693877551,0.1553253935606877,0.15849529955172212
support,5.0,5.0,5.0,5.0,5.0,4.0,5.0,5.0,5.0,5.0,0.1836734693877551,49.0,49.0
