,1,2,3,4,5,6,7,8,9,10,accuracy,macro avg,weighted avg
precision,0.25,0.0,0.0,0.0,0.14285714285714285,0.2222222222222222,0.0,0.0,0.0,0.0,0.08,0.06150793650793651,0.061507936507936505
recall,0.2,0.0,0.0,0.0,0.2,0.4,0.0,0.0,0.0,0.0,0.08,0.08,0.08
f1-score,0.22222222222222224,0.0,0.0,0.0,0.16666666666666666,0.2857142857142857,0.0,0.0,0.0,0.0,0.08,0.06746031746031746,0.06746031746031746
support,5.0,5.0,5.0,5.0,5.0,5.0,5.0,5.0,5.0,5.0,0.08,50.0,50.0
