,1,2,3,4,5,6,7,8,9,10,accuracy,macro avg,weighted avg
precision,0.14285714285714285,0.0,0.0,0.0,0.0,0.0,0.2222222222222222,0.0,0.2222222222222222,0.3333333333333333,0.14285714285714285,0.09206349206349204,0.09394233884029801
recall,0.2,0.0,0.0,0.0,0.0,0.0,0.4,0.0,0.4,0.4,0.14285714285714285,0.13999999999999999,0.14285714285714285
f1-score,0.16666666666666666,0.0,0.0,0.0,0.0,0.0,0.2857142857142857,0.0,0.2857142857142857,0.3636363636363636,0.14285714285714285,0.11017316017316017,0.11242159201342873
support,5.0,5.0,5.0,5.0,5.0,4.0,5.0,5.0,5.0,5.0,0.14285714285714285,49.0,49.0
