,1,2,3,4,5,6,7,8,9,10,accuracy,macro avg,weighted avg
precision,0.0,0.0,0.0,0.0,0.0,0.0,0.25,0.0,0.0,0.0,0.0196078431372549,0.025,0.024509803921568627
recall,0.0,0.0,0.0,0.0,0.0,0.0,0.2,0.0,0.0,0.0,0.0196078431372549,0.02,0.0196078431372549
f1-score,0.0,0.0,0.0,0.0,0.0,0.0,0.22222222222222224,0.0,0.0,0.0,0.0196078431372549,0.022222222222222223,0.02178649237472767
support,5.0,5.0,5.0,5.0,5.0,6.0,5.0,5.0,5.0,5.0,0.0196078431372549,51.0,51.0
