,1,2,3,4,5,6,7,8,9,10,accuracy,macro avg,weighted avg
precision,0.0,0.0,0.0,0.5,0.0,0.0,0.16666666666666666,0.14285714285714285,0.0,0.0,0.0784313725490196,0.08095238095238096,0.07936507936507936
recall,0.0,0.0,0.0,0.4,0.0,0.0,0.2,0.2,0.0,0.0,0.0784313725490196,0.08,0.0784313725490196
f1-score,0.0,0.0,0.0,0.4444444444444445,0.0,0.0,0.1818181818181818,0.16666666666666666,0.0,0.0,0.0784313725490196,0.07929292929292929,0.07773816597346009
support,5.0,5.0,5.0,5.0,5.0,6.0,5.0,5.0,5.0,5.0,0.0784313725490196,51.0,51.0
