,1,2,3,4,5,6,7,8,9,10,accuracy,macro avg,weighted avg
precision,0.1,0.0,0.0,0.0,0.0,0.0,0.0,0.058823529411764705,0.0,0.0,0.04,0.01588235294117647,0.015882352941176472
recall,0.2,0.0,0.0,0.0,0.0,0.0,0.0,0.2,0.0,0.0,0.04,0.04,0.04
f1-score,0.13333333333333333,0.0,0.0,0.0,0.0,0.0,0.0,0.0909090909090909,0.0,0.0,0.04,0.022424242424242423,0.022424242424242423
support,5.0,5.0,5.0,5.0,5.0,5.0,5.0,5.0,5.0,5.0,0.04,50.0,50.0
