,1,2,3,4,5,6,7,8,9,10,accuracy,macro avg,weighted avg
precision,0.04597701149425287,0.09090909090909091,0.14285714285714285,0.03125,0.017857142857142856,0.008547008547008548,0.0,0.10476190476190476,0.0,0.0,0.04779411764705882,0.04421593014265428,0.04903267507896375
recall,0.07407407407407407,0.11538461538461539,0.029850746268656716,0.02127659574468085,0.014705882352941176,0.1,0.0,0.16176470588235295,0.0,0.0,0.04779411764705882,0.05170566197073212,0.04779411764705882
f1-score,0.05673758865248227,0.1016949152542373,0.04938271604938271,0.02531645569620253,0.01612903225806452,0.015748031496062995,0.0,0.1271676300578035,0.0,0.0,0.04779411764705882,0.039217636946423585,0.04182377596677241
support,54.0,52.0,67.0,47.0,68.0,10.0,46.0,68.0,82.0,50.0,0.04779411764705882,544.0,544.0
