,1,2,3,4,5,6,7,8,9,10,accuracy,macro avg,weighted avg
precision,0.11904761904761904,0.10144927536231885,0.20689655172413793,0.18,0.18309859154929578,0.0,0.21052631578947367,0.2153846153846154,0.14814814814814814,0.2608695652173913,0.15992647058823528,0.16254206822230002,0.17646819433781014
recall,0.18518518518518517,0.1346153846153846,0.1791044776119403,0.19148936170212766,0.19117647058823528,0.0,0.2608695652173913,0.20588235294117646,0.04878048780487805,0.12,0.15992647058823528,0.1517103285666319,0.15992647058823528
f1-score,0.14492753623188406,0.11570247933884298,0.192,0.18556701030927833,0.18705035971223022,0.0,0.23300970873786409,0.2105263157894737,0.07339449541284404,0.1643835616438356,0.15992647058823528,0.1506561467176253,0.1606975231779049
support,54.0,52.0,67.0,47.0,68.0,10.0,46.0,68.0,82.0,50.0,0.15992647058823528,544.0,544.0
