,1,2,3,4,5,6,7,8,9,10,accuracy,macro avg,weighted avg
precision,0.1411764705882353,0.10909090909090909,0.07142857142857142,0.11290322580645161,0.2,0.14285714285714285,0.22807017543859648,0.23333333333333334,0.15873015873015872,0.12,0.15051903114186851,0.15175899872733986,0.15850650638937977
recall,0.21052631578947367,0.11320754716981132,0.1111111111111111,0.16666666666666666,0.1774193548387097,0.04838709677419355,0.1780821917808219,0.2153846153846154,0.15625,0.10909090909090909,0.15051903114186851,0.14861258086063123,0.15051903114186851
f1-score,0.16901408450704225,0.1111111111111111,0.08695652173913043,0.1346153846153846,0.18803418803418803,0.07228915662650602,0.2,0.22400000000000003,0.15748031496062992,0.1142857142857143,0.15051903114186851,0.14577864758797066,0.1500935694637629
support,57.0,53.0,45.0,42.0,62.0,62.0,73.0,65.0,64.0,55.0,0.15051903114186851,578.0,578.0
