,1,2,3,4,5,6,7,8,9,10,accuracy,macro avg,weighted avg
precision,0.10344827586206896,0.21052631578947367,0.14130434782608695,0.10416666666666667,0.22033898305084745,0.1,0.20588235294117646,0.3404255319148936,0.16101694915254236,0.2222222222222222,0.185121107266436,0.18093316454259784,0.18569816153886748
recall,0.05263157894736842,0.07547169811320754,0.28888888888888886,0.11904761904761904,0.20967741935483872,0.016129032258064516,0.2876712328767123,0.24615384615384617,0.296875,0.21818181818181817,0.185121107266436,0.1810728133822364,0.185121107266436
f1-score,0.06976744186046512,0.11111111111111112,0.1897810218978102,0.11111111111111112,0.21487603305785125,0.027777777777777776,0.24,0.2857142857142857,0.20879120879120877,0.2201834862385321,0.185121107266436,0.1679113477560153,0.1724587191626258
support,57.0,53.0,45.0,42.0,62.0,62.0,73.0,65.0,64.0,55.0,0.185121107266436,578.0,578.0
