,1,2,3,4,5,6,7,8,9,10,accuracy,macro avg,weighted avg
precision,0.23809523809523808,0.23529411764705882,0.13533834586466165,0.06875,0.0,0.12931034482758622,0.15,0.034482758620689655,0.0,0.0,0.10553633217993079,0.09912708050552343,0.09728090494859452
recall,0.08771929824561403,0.07547169811320754,0.4,0.2619047619047619,0.0,0.24193548387096775,0.0821917808219178,0.03076923076923077,0.0,0.0,0.10553633217993079,0.11799922537256999,0.10553633217993079
f1-score,0.1282051282051282,0.1142857142857143,0.20224719101123595,0.10891089108910891,0.0,0.16853932584269665,0.10619469026548672,0.032520325203252036,0.0,0.0,0.10553633217993079,0.08609032659026228,0.08193025590990045
support,57.0,53.0,45.0,42.0,62.0,62.0,73.0,65.0,64.0,55.0,0.10553633217993079,578.0,578.0
