,1,2,3,4,5,6,7,8,9,10,accuracy,macro avg,weighted avg
precision,0.15584415584415584,0.125,0.10810810810810811,0.0,0.08620689655172414,0.0,0.05357142857142857,0.2153846153846154,0.125,0.16901408450704225,0.11764705882352941,0.10381292889670743,0.11733830957745695
recall,0.2222222222222222,0.15384615384615385,0.05970149253731343,0.0,0.07352941176470588,0.0,0.06521739130434782,0.20588235294117646,0.07317073170731707,0.24,0.11764705882352941,0.10935697563232367,0.11764705882352941
f1-score,0.183206106870229,0.13793103448275862,0.07692307692307691,0.0,0.07936507936507936,0.0,0.058823529411764705,0.2105263157894737,0.0923076923076923,0.19834710743801653,0.11764705882352941,0.1037429942588091,0.11419939904875799
support,54.0,52.0,67.0,47.0,68.0,10.0,46.0,68.0,82.0,50.0,0.11764705882352941,544.0,544.0
