,1,2,3,4,5,6,7,8,9,10,accuracy,macro avg,weighted avg
precision,0.38461538461538464,0.1111111111111111,0.10975609756097561,0.09696969696969697,0.018867924528301886,0.10465116279069768,0.13793103448275862,0.05714285714285714,0.0,0.2857142857142857,0.10726643598615918,0.13067595549160696,0.12799210698015184
recall,0.17543859649122806,0.05660377358490566,0.2,0.38095238095238093,0.016129032258064516,0.14516129032258066,0.1095890410958904,0.06153846153846154,0.0,0.03636363636363636,0.10726643598615918,0.11817762126071481,0.10726643598615918
f1-score,0.24096385542168672,0.075,0.14173228346456695,0.15458937198067632,0.01739130434782609,0.12162162162162163,0.12213740458015267,0.05925925925925926,0.0,0.06451612903225805,0.10726643598615918,0.09972112297080477,0.09604795334119896
support,57.0,53.0,45.0,42.0,62.0,62.0,73.0,65.0,64.0,55.0,0.10726643598615918,578.0,578.0
