,1,2,3,4,5,6,7,8,9,10,accuracy,macro avg,weighted avg
precision,0.1111111111111111,0.09090909090909091,0.12048192771084337,0.039473684210526314,0.07407407407407407,0.1891891891891892,0.09782608695652174,0.030303030303030304,0.0,0.0,0.08650519031141868,0.0753368194464387,0.07554397971486261
recall,0.03508771929824561,0.05660377358490566,0.2222222222222222,0.14285714285714285,0.06451612903225806,0.22580645161290322,0.1232876712328767,0.03076923076923077,0.0,0.0,0.08650519031141868,0.09011503406097851,0.08650519031141868
f1-score,0.05333333333333334,0.06976744186046512,0.15625,0.06185567010309278,0.06896551724137931,0.2058823529411765,0.1090909090909091,0.03053435114503817,0.0,0.0,0.08650519031141868,0.07556795757153943,0.07501003408705338
support,57.0,53.0,45.0,42.0,62.0,62.0,73.0,65.0,64.0,55.0,0.08650519031141868,578.0,578.0
