,1,2,3,4,5,6,7,8,9,10,accuracy,macro avg,weighted avg
precision,0.01639344262295082,0.12962962962962962,0.12883435582822086,0.09523809523809523,0.08333333333333333,0.07692307692307693,0.08163265306122448,0.0,0.13513513513513514,0.02564102564102564,0.09461426491994178,0.0772760747412692,0.0808663622208313
recall,0.015625,0.08333333333333333,0.28378378378378377,0.08108108108108109,0.1,0.03896103896103896,0.0547945205479452,0.0,0.2459016393442623,0.023809523809523808,0.09461426491994178,0.09272899208609685,0.09461426491994178
f1-score,0.016,0.10144927536231883,0.17721518987341772,0.08759124087591241,0.0909090909090909,0.05172413793103448,0.06557377049180328,0.0,0.1744186046511628,0.024691358024691353,0.09461426491994178,0.07895726681194318,0.08144289251364023
support,64.0,84.0,74.0,74.0,70.0,77.0,73.0,68.0,61.0,42.0,0.09461426491994178,687.0,687.0
