,1,2,3,4,5,6,7,8,9,10,accuracy,macro avg,weighted avg
precision,0.1016949152542373,0.1590909090909091,0.1927710843373494,0.05,0.06382978723404255,0.03571428571428571,0.1625,0.3333333333333333,0.16279069767441862,0.19047619047619047,0.15441176470588236,0.14522012031147663,0.15945183297039478
recall,0.2222222222222222,0.1346153846153846,0.23880597014925373,0.02127659574468085,0.04411764705882353,0.1,0.2826086956521739,0.29411764705882354,0.08536585365853659,0.08,0.15441176470588236,0.15031300161598993,0.15441176470588236
f1-score,0.13953488372093023,0.14583333333333334,0.21333333333333335,0.029850746268656716,0.052173913043478265,0.05263157894736841,0.20634920634920634,0.3125,0.112,0.11267605633802817,0.15441176470588236,0.1376883051334335,0.14788335229341704
support,54.0,52.0,67.0,47.0,68.0,10.0,46.0,68.0,82.0,50.0,0.15441176470588236,544.0,544.0
