,1,2,3,4,5,6,7,8,9,10,accuracy,macro avg,weighted avg
precision,0.043478260869565216,0.08888888888888889,0.1282051282051282,0.08791208791208792,0.05660377358490566,0.008620689655172414,0.0,0.11320754716981132,0.0,0.0,0.06433823529411764,0.052691637628555964,0.05758278812254218
recall,0.05555555555555555,0.07692307692307693,0.14925373134328357,0.1702127659574468,0.04411764705882353,0.1,0.0,0.08823529411764706,0.0,0.0,0.06433823529411764,0.06842980709558336,0.06433823529411764
f1-score,0.04878048780487805,0.08247422680412371,0.13793103448275862,0.11594202898550725,0.04958677685950414,0.015873015873015872,0.0,0.09917355371900828,0.0,0.0,0.06433823529411764,0.05497611245287959,0.058617451187519334
support,54.0,52.0,67.0,47.0,68.0,10.0,46.0,68.0,82.0,50.0,0.06433823529411764,544.0,544.0
