,1,2,3,4,5,6,7,8,9,10,accuracy,macro avg,weighted avg
precision,0.18309859154929578,0.075,0.08648648648648649,0.08270676691729323,0.06896551724137931,0.12121212121212122,0.0,0.18181818181818182,0.14285714285714285,0.14285714285714285,0.10207612456747404,0.10850019509390434,0.10793493291181126
recall,0.22807017543859648,0.05660377358490566,0.35555555555555557,0.2619047619047619,0.03225806451612903,0.12903225806451613,0.0,0.06153846153846154,0.015625,0.01818181818181818,0.10207612456747404,0.11587698687847445,0.10207612456747404
f1-score,0.20312499999999997,0.06451612903225806,0.1391304347826087,0.1257142857142857,0.04395604395604396,0.125,0.0,0.09195402298850576,0.028169014084507043,0.032258064516129024,0.10207612456747404,0.08538229950743381,0.08056686171842596
support,57.0,53.0,45.0,42.0,62.0,62.0,73.0,65.0,64.0,55.0,0.10207612456747404,578.0,578.0
