,1,2,3,4,5,6,7,8,9,10,accuracy,macro avg,weighted avg
precision,0.10144927536231885,0.04081632653061224,0.10377358490566038,0.06976744186046512,0.14,0.14285714285714285,0.12903225806451613,0.05263157894736842,0.10857142857142857,0.05970149253731343,0.10043668122270742,0.09486005296368258,0.0956215182954995
recall,0.109375,0.023809523809523808,0.14864864864864866,0.04054054054054054,0.2,0.05194805194805195,0.0547945205479452,0.014705882352941176,0.3114754098360656,0.09523809523809523,0.10043668122270742,0.10505356729218121,0.10043668122270742
f1-score,0.10526315789473685,0.030075187969924814,0.12222222222222223,0.05128205128205128,0.1647058823529412,0.07619047619047618,0.07692307692307691,0.022988505747126436,0.1610169491525424,0.07339449541284404,0.10043668122270742,0.08840620051479424,0.08672745018523928
support,64.0,84.0,74.0,74.0,70.0,77.0,73.0,68.0,61.0,42.0,0.10043668122270742,687.0,687.0
