,1,2,3,4,5,6,7,8,9,10,accuracy,macro avg,weighted avg
precision,0.15789473684210525,0.125,0.07407407407407407,0.034482758620689655,0.0975609756097561,0.17647058823529413,0.14634146341463414,0.15384615384615385,0.08695652173913043,0.04,0.10726643598615918,0.10926272723818378,0.11391818403869905
recall,0.05263157894736842,0.07547169811320754,0.13333333333333333,0.09523809523809523,0.06451612903225806,0.1935483870967742,0.1643835616438356,0.2153846153846154,0.03125,0.01818181818181818,0.10726643598615918,0.10439392169713058,0.10726643598615918
f1-score,0.07894736842105263,0.09411764705882353,0.09523809523809523,0.050632911392405056,0.07766990291262135,0.18461538461538463,0.15483870967741933,0.1794871794871795,0.04597701149425287,0.024999999999999998,0.10726643598615918,0.09865242102972341,0.10285404998927297
support,57.0,53.0,45.0,42.0,62.0,62.0,73.0,65.0,64.0,55.0,0.10726643598615918,578.0,578.0
