,1,2,3,4,5,6,7,8,9,10,accuracy,macro avg,weighted avg
precision,0.11979166666666667,0.18181818181818182,0.19672131147540983,0.2,0.08080808080808081,0.12121212121212122,0.029411764705882353,0.0,0.15789473684210525,0.0,0.1222707423580786,0.10876578635284481,0.11508778420578034
recall,0.359375,0.23809523809523808,0.16216216216216217,0.06756756756756757,0.11428571428571428,0.15584415584415584,0.0136986301369863,0.0,0.04918032786885246,0.0,0.1222707423580786,0.11602087959606769,0.1222707423580786
f1-score,0.1796875,0.20618556701030927,0.17777777777777776,0.101010101010101,0.09467455621301775,0.13636363636363635,0.018691588785046728,0.0,0.075,0.0,0.1222707423580786,0.09893907271598887,0.10555545207480153
support,64.0,84.0,74.0,74.0,70.0,77.0,73.0,68.0,61.0,42.0,0.1222707423580786,687.0,687.0
