,1,2,3,4,5,6,7,8,9,10,accuracy,macro avg,weighted avg
precision,0.058823529411764705,0.15217391304347827,0.1375,0.06060606060606061,0.06930693069306931,0.0,0.16,0.14285714285714285,0.0625,0.2222222222222222,0.0900735294117647,0.10659897988337379,0.11245177762409293
recall,0.07407407407407407,0.1346153846153846,0.16417910447761194,0.0851063829787234,0.10294117647058823,0.0,0.08695652173913043,0.10294117647058823,0.012195121951219513,0.08,0.0900735294117647,0.08430089427773205,0.0900735294117647
f1-score,0.06557377049180327,0.14285714285714288,0.14965986394557823,0.07079646017699115,0.08284023668639054,0.0,0.11267605633802817,0.11965811965811965,0.020408163265306124,0.11764705882352941,0.0900735294117647,0.08821168722428893,0.09344303069799392
support,54.0,52.0,67.0,47.0,68.0,10.0,46.0,68.0,82.0,50.0,0.0900735294117647,544.0,544.0
