,1,2,3,4,5,6,7,8,9,10,accuracy,macro avg,weighted avg
precision,0.18181818181818182,0.125,0.021052631578947368,0.06779661016949153,0.36363636363636365,0.0,0.2125,0.3225806451612903,0.07792207792207792,0.14953271028037382,0.14013840830449828,0.15218392205667264,0.1609350708394111
recall,0.14035087719298245,0.07547169811320754,0.044444444444444446,0.09523809523809523,0.06451612903225806,0.0,0.2328767123287671,0.3076923076923077,0.09375,0.2909090909090909,0.14013840830449828,0.13452493549511532,0.14013840830449828
f1-score,0.15841584158415842,0.09411764705882353,0.02857142857142857,0.07920792079207921,0.1095890410958904,0.0,0.22222222222222224,0.3149606299212599,0.0851063829787234,0.19753086419753085,0.14013840830449828,0.12897219784221164,0.13569303629748805
support,57.0,53.0,45.0,42.0,62.0,62.0,73.0,65.0,64.0,55.0,0.14013840830449828,578.0,578.0
