,1,2,3,4,5,6,7,8,9,10,accuracy,macro avg,weighted avg
precision,0.09821428571428571,0.15,0.20388349514563106,0.09375,0.1794871794871795,0.0,0.1388888888888889,0.21951219512195122,0.2857142857142857,0.125,0.15257352941176472,0.1494450330072222,0.17347322315112115
recall,0.2037037037037037,0.057692307692307696,0.31343283582089554,0.06382978723404255,0.20588235294117646,0.0,0.32608695652173914,0.1323529411764706,0.07317073170731707,0.02,0.15257352941176472,0.1396151616797653,0.15257352941176472
f1-score,0.1325301204819277,0.08333333333333334,0.24705882352941175,0.0759493670886076,0.19178082191780824,0.0,0.1948051948051948,0.1651376146788991,0.11650485436893203,0.03448275862068966,0.15257352941176472,0.12415828888248041,0.13992931968362965
support,54.0,52.0,67.0,47.0,68.0,10.0,46.0,68.0,82.0,50.0,0.15257352941176472,544.0,544.0
