,1,2,3,4,5,6,7,8,9,10,accuracy,macro avg,weighted avg
precision,0.10434782608695652,0.1111111111111111,0.2549019607843137,0.08695652173913043,0.08333333333333333,0.0,0.14666666666666667,0.3157894736842105,0.13636363636363635,0.10526315789473684,0.14522058823529413,0.13447336876640953,0.15240798143598577
recall,0.2222222222222222,0.09615384615384616,0.19402985074626866,0.0425531914893617,0.07352941176470588,0.0,0.2391304347826087,0.35294117647058826,0.036585365853658534,0.08,0.14522058823529413,0.13371454994832602,0.14522058823529413
f1-score,0.1420118343195266,0.10309278350515465,0.22033898305084745,0.057142857142857134,0.078125,0.0,0.18181818181818182,0.33333333333333337,0.05769230769230768,0.0909090909090909,0.14522058823529413,0.12644643717712994,0.13988403814737196
support,54.0,52.0,67.0,47.0,68.0,10.0,46.0,68.0,82.0,50.0,0.14522058823529413,544.0,544.0
