,1,2,3,4,5,6,7,8,9,10,accuracy,macro avg,weighted avg
precision,0.0625,0.041666666666666664,0.07228915662650602,0.10843373493975904,0.13114754098360656,0.00980392156862745,0.08163265306122448,0.07526881720430108,0.125,0.2222222222222222,0.07536764705882353,0.09299647132729136,0.10061027652059315
recall,0.037037037037037035,0.019230769230769232,0.08955223880597014,0.19148936170212766,0.11764705882352941,0.1,0.08695652173913043,0.10294117647058823,0.012195121951219513,0.04,0.07536764705882353,0.07970492857603717,0.07536764705882353
f1-score,0.046511627906976744,0.02631578947368421,0.08,0.13846153846153844,0.12403100775193798,0.017857142857142856,0.08421052631578947,0.08695652173913043,0.02222222222222222,0.06779661016949154,0.07536764705882353,0.06943629868979138,0.07235147360751437
support,54.0,52.0,67.0,47.0,68.0,10.0,46.0,68.0,82.0,50.0,0.07536764705882353,544.0,544.0
