,1,2,3,4,5,6,7,8,9,10,accuracy,macro avg,weighted avg
precision,0.07563025210084033,0.06666666666666667,0.14705882352941177,0.3,0.11875,0.109375,0.058823529411764705,0.0,0.12244897959183673,0.02040816326530612,0.09606986899563319,0.1019161414565826,0.10608109510179616
recall,0.140625,0.03571428571428571,0.06756756756756757,0.08108108108108109,0.2714285714285714,0.18181818181818182,0.0410958904109589,0.0,0.09836065573770492,0.023809523809523808,0.09606986899563319,0.09415007575678754,0.09606986899563319
f1-score,0.0983606557377049,0.046511627906976744,0.09259259259259259,0.12765957446808512,0.16521739130434784,0.13658536585365852,0.04838709677419355,0.0,0.10909090909090909,0.021978021978021976,0.09606986899563319,0.08463832357064904,0.08688921408742921
support,64.0,84.0,74.0,74.0,70.0,77.0,73.0,68.0,61.0,42.0,0.09606986899563319,687.0,687.0
