,1,2,3,4,5,6,7,8,9,10,accuracy,macro avg,weighted avg
precision,0.08670520231213873,0.10204081632653061,0.375,0.14814814814814814,0.09734513274336283,0.1797752808988764,0.0,0.0,0.037037037037037035,0.0196078431372549,0.10625909752547306,0.10456594606033484,0.1114602169936554
recall,0.234375,0.11904761904761904,0.20270270270270271,0.05405405405405406,0.15714285714285714,0.2077922077922078,0.0,0.0,0.01639344262295082,0.023809523809523808,0.10625909752547306,0.10153174071719154,0.10625909752547306
f1-score,0.12658227848101267,0.10989010989010989,0.2631578947368421,0.07920792079207921,0.12021857923497269,0.1927710843373494,0.0,0.0,0.022727272727272728,0.02150537634408602,0.10625909752547306,0.09360605165437248,0.0992945689751579
support,64.0,84.0,74.0,74.0,70.0,77.0,73.0,68.0,61.0,42.0,0.10625909752547306,687.0,687.0
