,1,2,3,4,5,6,7,8,9,10,accuracy,macro avg,weighted avg
precision,0.13170731707317074,0.05714285714285714,0.17293233082706766,0.1,0.11627906976744186,0.24324324324324326,0.125,0.0,0.029411764705882353,0.045454545454545456,0.12081513828238719,0.10211711282142086,0.10643920515791314
recall,0.421875,0.047619047619047616,0.3108108108108108,0.02702702702702703,0.14285714285714285,0.11688311688311688,0.0821917808219178,0.0,0.01639344262295082,0.023809523809523808,0.12081513828238719,0.11894668924515375,0.12081513828238719
f1-score,0.20074349442379183,0.05194805194805195,0.2222222222222222,0.0425531914893617,0.1282051282051282,0.15789473684210528,0.09917355371900827,0.0,0.02105263157894737,0.03125,0.12081513828238719,0.09550430104286167,0.09865099604136934
support,64.0,84.0,74.0,74.0,70.0,77.0,73.0,68.0,61.0,42.0,0.12081513828238719,687.0,687.0
