,1,2,3,4,5,6,7,8,9,10,accuracy,macro avg,weighted avg
precision,0.11392405063291139,0.06060606060606061,0.11538461538461539,0.06060606060606061,0.09090909090909091,0.08421052631578947,0.07142857142857142,0.05172413793103448,0.08823529411764706,0.061224489795918366,0.08151382823871907,0.07982528977276997,0.07996872467376812
recall,0.140625,0.047619047619047616,0.04054054054054054,0.02702702702702703,0.14285714285714285,0.2077922077922078,0.0410958904109589,0.04411764705882353,0.04918032786885246,0.07142857142857142,0.08151382823871907,0.08122834026031722,0.08151382823871907
f1-score,0.12587412587412586,0.05333333333333334,0.06,0.03738317757009346,0.1111111111111111,0.11985018726591762,0.05217391304347826,0.047619047619047616,0.0631578947368421,0.06593406593406594,0.08151382823871907,0.07364368564880153,0.07338747399102138
support,64.0,84.0,74.0,74.0,70.0,77.0,73.0,68.0,61.0,42.0,0.08151382823871907,687.0,687.0
