,1,2,3,4,5,6,7,8,9,10,accuracy,macro avg,weighted avg
precision,0.13043478260869565,0.08333333333333333,0.4444444444444444,0.6666666666666666,0.10714285714285714,0.14893617021276595,0.05,0.0,0.0625,0.06666666666666667,0.12663755458515283,0.176012492107543,0.18457151879994427
recall,0.421875,0.047619047619047616,0.16216216216216217,0.05405405405405406,0.21428571428571427,0.2727272727272727,0.0273972602739726,0.0,0.01639344262295082,0.023809523809523808,0.12663755458515283,0.12403234775546981,0.12663755458515283
f1-score,0.1992619926199262,0.060606060606060615,0.23762376237623764,0.1,0.14285714285714285,0.1926605504587156,0.035398230088495575,0.0,0.025974025974025972,0.03508771929824561,0.12663755458515283,0.10294694842788502,0.10670286464504967
support,64.0,84.0,74.0,74.0,70.0,77.0,73.0,68.0,61.0,42.0,0.12663755458515283,687.0,687.0
