,1,2,3,4,5,6,7,8,9,10,accuracy,macro avg,weighted avg
precision,0.0,0.10526315789473684,0.1206896551724138,0.13636363636363635,0.22727272727272727,0.1,0.20408163265306123,0.19230769230769232,0.16666666666666666,0.15254237288135594,0.157439446366782,0.14051875412122905,0.14443359866466474
recall,0.0,0.03773584905660377,0.15555555555555556,0.21428571428571427,0.24193548387096775,0.016129032258064516,0.136986301369863,0.15384615384615385,0.296875,0.32727272727272727,0.157439446366782,0.158062181751565,0.157439446366782
f1-score,0.0,0.05555555555555556,0.13592233009708737,0.16666666666666663,0.23437499999999997,0.027777777777777776,0.1639344262295082,0.17094017094017094,0.21348314606741572,0.20809248554913293,0.157439446366782,0.1376747558883315,0.13927466055435592
support,57.0,53.0,45.0,42.0,62.0,62.0,73.0,65.0,64.0,55.0,0.157439446366782,578.0,578.0
