,1,2,3,4,5,6,7,8,9,10,accuracy,macro avg,weighted avg
precision,0.26666666666666666,0.3333333333333333,0.08064516129032258,0.08,0.08860759493670886,0.1476510067114094,0.1111111111111111,0.10377358490566038,0.2,0.06666666666666667,0.11937716262975778,0.1478455125621879,0.14848926128643636
recall,0.07017543859649122,0.11320754716981132,0.1111111111111111,0.14285714285714285,0.11290322580645161,0.3548387096774194,0.0821917808219178,0.16923076923076924,0.015625,0.01818181818181818,0.11937716262975778,0.11903225434529326,0.11937716262975778
f1-score,0.11111111111111112,0.16901408450704225,0.09345794392523366,0.10256410256410256,0.09929078014184398,0.2085308056872038,0.09448818897637795,0.1286549707602339,0.028985507246376812,0.028571428571428574,0.11937716262975778,0.10646689234909543,0.10653292361215023
support,57.0,53.0,45.0,42.0,62.0,62.0,73.0,65.0,64.0,55.0,0.11937716262975778,578.0,578.0
