,1,2,3,4,5,6,7,8,9,10,accuracy,macro avg,weighted avg
precision,0.10101010101010101,0.17045454545454544,0.2,0.1935483870967742,0.13333333333333333,0.0,0.12280701754385964,0.23529411764705882,0.17857142857142858,0.08823529411764706,0.14154411764705882,0.1423254224774748,0.1591642781877829
recall,0.18518518518518517,0.28846153846153844,0.13432835820895522,0.1276595744680851,0.08823529411764706,0.0,0.15217391304347827,0.23529411764705882,0.06097560975609756,0.06,0.14154411764705882,0.13323135908880457,0.14154411764705882
f1-score,0.13071895424836602,0.21428571428571427,0.1607142857142857,0.15384615384615383,0.10619469026548672,0.0,0.13592233009708737,0.23529411764705882,0.09090909090909091,0.07142857142857141,0.14154411764705882,0.1299313908441815,0.14099254998968458
support,54.0,52.0,67.0,47.0,68.0,10.0,46.0,68.0,82.0,50.0,0.14154411764705882,544.0,544.0
