,1,2,3,4,5,6,7,8,9,10,accuracy,macro avg,weighted avg
precision,0.07228915662650602,0.03225806451612903,0.125,0.20689655172413793,0.0851063829787234,0.17142857142857143,0.09615384615384616,0.16666666666666666,0.1,0.08928571428571429,0.10334788937409024,0.11450849543802948,0.11536614145867854
recall,0.09375,0.011904761904761904,0.16216216216216217,0.08108108108108109,0.17142857142857143,0.07792207792207792,0.0684931506849315,0.058823529411764705,0.22950819672131148,0.11904761904761904,0.10334788937409024,0.10741211503642814,0.10334788937409024
f1-score,0.08163265306122447,0.017391304347826084,0.1411764705882353,0.11650485436893201,0.11374407582938388,0.10714285714285714,0.08000000000000002,0.08695652173913045,0.13930348258706468,0.10204081632653061,0.10334788937409024,0.09858930359911847,0.09680077571733495
support,64.0,84.0,74.0,74.0,70.0,77.0,73.0,68.0,61.0,42.0,0.10334788937409024,687.0,687.0
