,1,2,3,4,5,6,7,8,9,10,accuracy,macro avg,weighted avg
precision,0.125,0.1111111111111111,0.12962962962962962,0.07142857142857142,0.20930232558139536,0.0,0.0,0.0,0.11650485436893204,0.07258064516129033,0.09898107714701601,0.08355571372809299,0.08299561312316875
recall,0.078125,0.03571428571428571,0.1891891891891892,0.05405405405405406,0.12857142857142856,0.0,0.0,0.0,0.39344262295081966,0.21428571428571427,0.09898107714701601,0.10933822947654914,0.09898107714701601
f1-score,0.09615384615384616,0.05405405405405406,0.15384615384615385,0.06153846153846154,0.15929203539823006,0.0,0.0,0.0,0.17977528089887643,0.10843373493975904,0.09898107714701601,0.08130935668293811,0.0775892281121189
support,64.0,84.0,74.0,74.0,70.0,77.0,73.0,68.0,61.0,42.0,0.09898107714701601,687.0,687.0
