,1,2,3,4,5,6,7,8,9,10,accuracy,macro avg,weighted avg
precision,0.15384615384615385,0.0,0.1016949152542373,0.05263157894736842,0.40476190476190477,0.0,0.20588235294117646,0.2692307692307692,0.09183673469387756,0.0963855421686747,0.15051903114186851,0.13762699518441623,0.14595057780465429
recall,0.03508771929824561,0.0,0.13333333333333333,0.023809523809523808,0.27419354838709675,0.0,0.2876712328767123,0.2153846153846154,0.28125,0.14545454545454545,0.15051903114186851,0.13961845185440727,0.15051903114186851
f1-score,0.05714285714285714,0.0,0.11538461538461539,0.03278688524590164,0.32692307692307687,0.0,0.24,0.23931623931623933,0.13846153846153847,0.11594202898550725,0.15051903114186851,0.12659572414597361,0.13565680987942233
support,57.0,53.0,45.0,42.0,62.0,62.0,73.0,65.0,64.0,55.0,0.15051903114186851,578.0,578.0
