,1,2,3,4,5,6,7,8,9,10,accuracy,macro avg,weighted avg
precision,0.06306306306306306,0.11864406779661017,0.20689655172413793,0.15555555555555556,0.025,0.0,0.06349206349206349,0.047619047619047616,0.16666666666666666,0.3333333333333333,0.07904411764705882,0.11802703492504778,0.12672819944764882
recall,0.12962962962962962,0.1346153846153846,0.1791044776119403,0.14893617021276595,0.014705882352941176,0.0,0.08695652173913043,0.04411764705882353,0.012195121951219513,0.02,0.07904411764705882,0.07702608351718351,0.07904411764705882
f1-score,0.08484848484848485,0.12612612612612614,0.192,0.15217391304347824,0.01851851851851852,0.0,0.07339449541284403,0.045801526717557245,0.022727272727272724,0.03773584905660377,0.07904411764705882,0.07533261864508856,0.07841339951274034
support,54.0,52.0,67.0,47.0,68.0,10.0,46.0,68.0,82.0,50.0,0.07904411764705882,544.0,544.0
