,1,2,3,4,5,6,7,8,9,10,accuracy,macro avg,weighted avg
precision,0.1388888888888889,0.0,0.109375,0.041666666666666664,0.0958904109589041,0.0,0.018518518518518517,0.0,0.08888888888888889,0.09090909090909091,0.08442503639010189,0.05841374648309581,0.054396734907716744
recall,0.078125,0.0,0.28378378378378377,0.02702702702702703,0.1,0.0,0.0136986301369863,0.0,0.26229508196721313,0.14285714285714285,0.08442503639010189,0.0907786665772153,0.08442503639010189
f1-score,0.09999999999999999,0.0,0.15789473684210525,0.03278688524590164,0.0979020979020979,0.0,0.015748031496062992,0.0,0.13278008298755187,0.1111111111111111,0.08442503639010189,0.06482229455848307,0.060086528261687464
support,64.0,84.0,74.0,74.0,70.0,77.0,73.0,68.0,61.0,42.0,0.08442503639010189,687.0,687.0
