,1,2,3,4,5,6,7,8,9,10,accuracy,macro avg,weighted avg
precision,0.10638297872340426,0.125,0.13131313131313133,0.05263157894736842,0.15384615384615385,0.23076923076923078,0.25609756097560976,0.4230769230769231,0.1566265060240964,0.14705882352941177,0.15916955017301038,0.17828028872053295,0.18851566520613772
recall,0.08771929824561403,0.09433962264150944,0.28888888888888886,0.09523809523809523,0.1935483870967742,0.04838709677419355,0.2876712328767123,0.16923076923076924,0.203125,0.09090909090909091,0.15916955017301038,0.15590574819016476,0.15916955017301038
f1-score,0.09615384615384616,0.10752688172043011,0.18055555555555558,0.06779661016949153,0.17142857142857143,0.07999999999999999,0.27096774193548384,0.24175824175824173,0.17687074829931973,0.11235955056179776,0.15916955017301038,0.1505417747582738,0.15698124059735893
support,57.0,53.0,45.0,42.0,62.0,62.0,73.0,65.0,64.0,55.0,0.15916955017301038,578.0,578.0
