,1,2,3,4,5,6,7,8,9,10,accuracy,macro avg,weighted avg
precision,0.11764705882352941,0.1875,0.2682926829268293,0.05714285714285714,0.19230769230769232,0.0,0.11428571428571428,0.23529411764705882,0.21875,0.09615384615384616,0.15441176470588236,0.14873739692875274,0.1725064769486042
recall,0.14814814814814814,0.11538461538461539,0.16417910447761194,0.0425531914893617,0.14705882352941177,0.0,0.17391304347826086,0.29411764705882354,0.17073170731707318,0.1,0.15441176470588236,0.13560862808833066,0.15441176470588236
f1-score,0.13114754098360654,0.14285714285714285,0.20370370370370372,0.048780487804878044,0.16666666666666669,0.0,0.13793103448275862,0.26143790849673204,0.19178082191780824,0.09803921568627451,0.15441176470588236,0.13823445225995715,0.159072236388889
support,54.0,52.0,67.0,47.0,68.0,10.0,46.0,68.0,82.0,50.0,0.15441176470588236,544.0,544.0
