,1,2,3,4,5,6,7,8,9,10,accuracy,macro avg,weighted avg
precision,0.16666666666666666,0.2222222222222222,0.18181818181818182,0.07377049180327869,0.09230769230769231,0.11650485436893204,0.12698412698412698,0.028985507246376812,0.0,0.0,0.11245674740484429,0.10092597434174774,0.09802462586529437
recall,0.07017543859649122,0.07547169811320754,0.4444444444444444,0.21428571428571427,0.0967741935483871,0.1935483870967742,0.1095890410958904,0.03076923076923077,0.0,0.0,0.11245674740484429,0.12350581479501399,0.11245674740484429
f1-score,0.09876543209876543,0.11267605633802816,0.2580645161290322,0.10975609756097561,0.09448818897637795,0.14545454545454545,0.11764705882352941,0.029850746268656716,0.0,0.0,0.11245674740484429,0.0966702641649911,0.09209187417856424
support,57.0,53.0,45.0,42.0,62.0,62.0,73.0,65.0,64.0,55.0,0.11245674740484429,578.0,578.0
