,1,2,3,4,5,6,7,8,9,10,accuracy,macro avg,weighted avg
precision,0.13744075829383887,0.102803738317757,0.12962962962962962,0.1346153846153846,0.10144927536231885,0.1346153846153846,0.05263157894736842,0.02,0.09523809523809523,0.030303030303030304,0.10771470160116449,0.09387268753228074,0.09714271301278637
recall,0.453125,0.13095238095238096,0.0945945945945946,0.0945945945945946,0.1,0.09090909090909091,0.0273972602739726,0.014705882352941176,0.03278688524590164,0.023809523809523808,0.10771470160116449,0.10628752127330003,0.10771470160116449
f1-score,0.2109090909090909,0.11518324607329843,0.109375,0.11111111111111112,0.10071942446043165,0.10852713178294573,0.036036036036036036,0.01694915254237288,0.04878048780487805,0.02666666666666667,0.10771470160116449,0.08842573473868315,0.09137595098935618
support,64.0,84.0,74.0,74.0,70.0,77.0,73.0,68.0,61.0,42.0,0.10771470160116449,687.0,687.0
