,1,2,3,4,5,6,7,8,9,10,accuracy,macro avg,weighted avg
precision,0.023809523809523808,0.05357142857142857,0.15873015873015872,0.10606060606060606,0.07246376811594203,0.046153846153846156,0.023255813953488372,0.17142857142857143,0.125,0.05263157894736842,0.08823529411764706,0.08331052957709335,0.0931778706452058
recall,0.018518518518518517,0.057692307692307696,0.14925373134328357,0.14893617021276595,0.07352941176470588,0.3,0.021739130434782608,0.17647058823529413,0.04878048780487805,0.04,0.08823529411764706,0.10349203460065363,0.08823529411764706
f1-score,0.020833333333333332,0.05555555555555556,0.15384615384615383,0.12389380530973451,0.072992700729927,0.08,0.022471910112359553,0.1739130434782609,0.07017543859649124,0.04545454545454545,0.08823529411764706,0.08191364864163612,0.08602022381452865
support,54.0,52.0,67.0,47.0,68.0,10.0,46.0,68.0,82.0,50.0,0.08823529411764706,544.0,544.0
