,1,2,3,4,5,6,7,8,9,10,accuracy,macro avg,weighted avg
precision,0.07142857142857142,0.057692307692307696,0.06896551724137931,0.05825242718446602,0.3333333333333333,0.0,0.2564102564102564,0.30120481927710846,0.15053763440860216,0.11594202898550725,0.14013840830449828,0.1413766895961532,0.15164934244067713
recall,0.03508771929824561,0.05660377358490566,0.13333333333333333,0.14285714285714285,0.11290322580645161,0.0,0.136986301369863,0.38461538461538464,0.21875,0.14545454545454545,0.14013840830449828,0.13665914263198725,0.14013840830449828
f1-score,0.047058823529411764,0.05714285714285714,0.09090909090909091,0.08275862068965517,0.1686746987951807,0.0,0.17857142857142855,0.3378378378378379,0.178343949044586,0.12903225806451613,0.14013840830449828,0.12703295645845641,0.13363579157871858
support,57.0,53.0,45.0,42.0,62.0,62.0,73.0,65.0,64.0,55.0,0.14013840830449828,578.0,578.0
