,1,2,3,4,5,6,7,8,9,10,accuracy,macro avg,weighted avg
precision,0.058823529411764705,0.10810810810810811,0.09482758620689655,0.07100591715976332,0.11764705882352941,0.0,0.03333333333333333,0.07407407407407407,0.0,0.2,0.07352941176470588,0.07578196071174695,0.0791529208871291
recall,0.05555555555555555,0.15384615384615385,0.16417910447761194,0.2553191489361702,0.029411764705882353,0.0,0.021739130434782608,0.029411764705882353,0.0,0.02,0.07352941176470588,0.07294626226620389,0.07352941176470588
f1-score,0.05714285714285714,0.12698412698412698,0.12021857923497267,0.11111111111111112,0.047058823529411764,0.0,0.026315789473684213,0.04210526315789473,0.0,0.03636363636363636,0.07352941176470588,0.0567300186997695,0.05892945211132797
support,54.0,52.0,67.0,47.0,68.0,10.0,46.0,68.0,82.0,50.0,0.07352941176470588,544.0,544.0
