,1,2,3,4,5,6,7,8,9,10,accuracy,macro avg,weighted avg
precision,0.07692307692307693,0.0,0.107981220657277,0.07291666666666667,0.11538461538461539,0.03225806451612903,0.0,0.0,0.08943089430894309,0.045454545454545456,0.07569141193595343,0.05403490839112536,0.05274336257882125
recall,0.03125,0.0,0.3108108108108108,0.0945945945945946,0.04285714285714286,0.012987012987012988,0.0,0.0,0.18032786885245902,0.11904761904761904,0.07569141193595343,0.07918750491496393,0.07569141193595343
f1-score,0.044444444444444446,0.0,0.1602787456445993,0.0823529411764706,0.06250000000000001,0.018518518518518517,0.0,0.0,0.11956521739130434,0.06578947368421054,0.07569141193595343,0.055344934085954776,0.05335771666773792
support,64.0,84.0,74.0,74.0,70.0,77.0,73.0,68.0,61.0,42.0,0.07569141193595343,687.0,687.0
