,1,2,3,4,5,6,7,8,9,10,accuracy,macro avg,weighted avg
precision,0.038461538461538464,0.18181818181818182,0.10071942446043165,0.05263157894736842,0.10869565217391304,0.07407407407407407,0.020833333333333332,0.034482758620689655,0.07633587786259542,0.06493506493506493,0.07278020378457059,0.07529874846871909,0.07808451461244809
recall,0.015625,0.023809523809523808,0.1891891891891892,0.05405405405405406,0.07142857142857142,0.025974025974025976,0.0136986301369863,0.014705882352941176,0.16393442622950818,0.23809523809523808,0.07278020378457059,0.0810514541270038,0.07278020378457059
f1-score,0.022222222222222223,0.042105263157894736,0.13145539906103287,0.05333333333333334,0.08620689655172413,0.038461538461538464,0.01652892561983471,0.020618556701030927,0.10416666666666667,0.10204081632653061,0.07278020378457059,0.061713961810180865,0.059502192318961596
support,64.0,84.0,74.0,74.0,70.0,77.0,73.0,68.0,61.0,42.0,0.07278020378457059,687.0,687.0
