,1,2,3,4,5,6,7,8,9,10,accuracy,macro avg,weighted avg
precision,0.16666666666666666,0.0,0.0,0.0,0.0,0.4,0.1111111111111111,0.0,0.0,0.5,0.10204081632653061,0.11777777777777776,0.11201814058956916
recall,0.2,0.0,0.0,0.0,0.0,0.5,0.2,0.0,0.0,0.2,0.10204081632653061,0.10999999999999999,0.10204081632653061
f1-score,0.1818181818181818,0.0,0.0,0.0,0.0,0.4444444444444445,0.14285714285714285,0.0,0.0,0.28571428571428575,0.10204081632653061,0.10548340548340548,0.09856583325971081
support,5.0,5.0,5.0,5.0,5.0,4.0,5.0,5.0,5.0,5.0,0.10204081632653061,49.0,49.0
