,1,2,3,4,5,6,7,8,9,10,accuracy,macro avg,weighted avg
precision,0.0,0.0,0.16666666666666666,0.14285714285714285,0.2,0.0,1.0,0.3333333333333333,0.0,0.0,0.13725490196078433,0.18428571428571427,0.18067226890756302
recall,0.0,0.0,0.6,0.2,0.2,0.0,0.2,0.2,0.0,0.0,0.13725490196078433,0.14,0.13725490196078433
f1-score,0.0,0.0,0.2608695652173913,0.16666666666666666,0.20000000000000004,0.0,0.33333333333333337,0.25,0.0,0.0,0.13725490196078433,0.12108695652173913,0.11871270247229328
support,5.0,5.0,5.0,5.0,5.0,6.0,5.0,5.0,5.0,5.0,0.13725490196078433,51.0,51.0
