,1,2,3,4,5,6,7,8,9,10,accuracy,macro avg,weighted avg
precision,0.0,0.0,0.25,0.0,0.0,0.0,0.25,0.0,0.09090909090909091,0.25,0.0784313725490196,0.08409090909090909,0.0824420677361854
recall,0.0,0.0,0.2,0.0,0.0,0.0,0.2,0.0,0.2,0.2,0.0784313725490196,0.08,0.0784313725490196
f1-score,0.0,0.0,0.22222222222222224,0.0,0.0,0.0,0.22222222222222224,0.0,0.12500000000000003,0.22222222222222224,0.0784313725490196,0.07916666666666668,0.07761437908496732
support,5.0,5.0,5.0,5.0,5.0,6.0,5.0,5.0,5.0,5.0,0.0784313725490196,51.0,51.0
