,1,2,3,4,5,6,7,8,9,10,accuracy,macro avg,weighted avg
precision,0.0,0.0,0.0,0.0,0.0,0.0,0.16666666666666666,0.0,0.09090909090909091,0.08333333333333333,0.08,0.03409090909090909,0.03409090909090909
recall,0.0,0.0,0.0,0.0,0.0,0.0,0.2,0.0,0.2,0.4,0.08,0.08,0.08
f1-score,0.0,0.0,0.0,0.0,0.0,0.0,0.1818181818181818,0.0,0.12500000000000003,0.13793103448275862,0.08,0.04447492163009405,0.04447492163009405
support,5.0,5.0,5.0,5.0,5.0,5.0,5.0,5.0,5.0,5.0,0.08,50.0,50.0
