,1,2,3,4,5,6,7,8,9,10,accuracy,macro avg,weighted avg
precision,0.5,0.0,0.07692307692307693,0.0,0.125,0.0,0.3333333333333333,0.0,0.25,0.2857142857142857,0.19607843137254902,0.15709706959706957,0.15401673489908785
recall,0.2,0.0,0.2,0.0,0.2,0.0,0.8,0.0,0.2,0.4,0.19607843137254902,0.2,0.19607843137254902
f1-score,0.28571428571428575,0.0,0.1111111111111111,0.0,0.15384615384615385,0.0,0.47058823529411764,0.0,0.22222222222222224,0.3333333333333333,0.19607843137254902,0.15768153415212238,0.15458973936482587
support,5.0,5.0,5.0,5.0,5.0,6.0,5.0,5.0,5.0,5.0,0.19607843137254902,51.0,51.0
