,1,2,3,4,5,6,7,8,9,10,accuracy,macro avg,weighted avg
precision,0.14285714285714285,0.0,0.0,0.125,0.2,0.0,0.0,0.16666666666666666,0.0,0.125,0.1,0.07595238095238095,0.07595238095238095
recall,0.2,0.0,0.0,0.2,0.2,0.0,0.0,0.2,0.0,0.2,0.1,0.1,0.1
f1-score,0.16666666666666666,0.0,0.0,0.15384615384615385,0.20000000000000004,0.0,0.0,0.1818181818181818,0.0,0.15384615384615385,0.1,0.08561771561771561,0.08561771561771563
support,5.0,5.0,5.0,5.0,5.0,5.0,5.0,5.0,5.0,5.0,0.1,50.0,50.0
