,1,2,3,4,5,6,7,8,9,10,accuracy,macro avg,weighted avg
precision,0.0,0.0,0.1,0.0,0.0,0.3333333333333333,0.14285714285714285,0.5,0.0,0.3333333333333333,0.12244897959183673,0.14095238095238094,0.13702623906705538
recall,0.0,0.0,0.2,0.0,0.0,0.5,0.2,0.2,0.0,0.2,0.12244897959183673,0.13,0.12244897959183673
f1-score,0.0,0.0,0.13333333333333333,0.0,0.0,0.4,0.16666666666666666,0.28571428571428575,0.0,0.25,0.12244897959183673,0.12357142857142858,0.11793002915451894
support,5.0,5.0,5.0,5.0,5.0,4.0,5.0,5.0,5.0,5.0,0.12244897959183673,49.0,49.0
