,1,2,3,4,5,6,7,8,9,10,accuracy,macro avg,weighted avg
precision,0.25,0.3333333333333333,0.1,0.0,0.5,0.25,0.0,0.0,0.25,0.25,0.20408163265306123,0.1933333333333333,0.1921768707482993
recall,0.4,0.2,0.2,0.0,0.2,0.25,0.0,0.0,0.2,0.6,0.20408163265306123,0.205,0.20408163265306123
f1-score,0.3076923076923077,0.25,0.13333333333333333,0.0,0.28571428571428575,0.25,0.0,0.0,0.22222222222222224,0.35294117647058826,0.20408163265306123,0.18019033254327374,0.17876564545232013
support,5.0,5.0,5.0,5.0,5.0,4.0,5.0,5.0,5.0,5.0,0.20408163265306123,49.0,49.0
