,1,2,3,4,5,6,7,8,9,10,accuracy,macro avg,weighted avg
precision,0.6666666666666666,0.0,0.0,0.2,0.14285714285714285,0.0,0.0,0.14285714285714285,0.0,0.2,0.14,0.1352380952380952,0.1352380952380952
recall,0.4,0.0,0.0,0.2,0.2,0.0,0.0,0.4,0.0,0.2,0.14,0.14,0.14
f1-score,0.5,0.0,0.0,0.20000000000000004,0.16666666666666666,0.0,0.0,0.21052631578947364,0.0,0.20000000000000004,0.14,0.12771929824561404,0.127719298245614
support,5.0,5.0,5.0,5.0,5.0,5.0,5.0,5.0,5.0,5.0,0.14,50.0,50.0
