,1,2,3,4,5,6,7,8,9,10,accuracy,macro avg,weighted avg
precision,0.125,0.0,0.0,0.0,0.1875,0.0,0.16666666666666666,0.5,0.0,0.0,0.14285714285714285,0.09791666666666667,0.09991496598639456
recall,0.4,0.0,0.0,0.0,0.6,0.0,0.2,0.2,0.0,0.0,0.14285714285714285,0.13999999999999999,0.14285714285714285
f1-score,0.19047619047619047,0.0,0.0,0.0,0.2857142857142857,0.0,0.1818181818181818,0.28571428571428575,0.0,0.0,0.14285714285714285,0.09437229437229437,0.09629825956356568
support,5.0,5.0,5.0,5.0,5.0,4.0,5.0,5.0,5.0,5.0,0.14285714285714285,49.0,49.0
