,1,2,3,4,5,6,7,8,9,10,accuracy,macro avg,weighted avg
precision,0.2,0.0,0.0,0.0,0.0,0.0,0.0,0.15384615384615385,0.5,0.16666666666666666,0.12,0.10205128205128207,0.10205128205128204
recall,0.2,0.0,0.0,0.0,0.0,0.0,0.0,0.4,0.4,0.2,0.12,0.12,0.12
f1-score,0.20000000000000004,0.0,0.0,0.0,0.0,0.0,0.0,0.2222222222222222,0.4444444444444445,0.1818181818181818,0.12,0.10484848484848486,0.10484848484848486
support,5.0,5.0,5.0,5.0,5.0,5.0,5.0,5.0,5.0,5.0,0.12,50.0,50.0
