,1,2,3,4,5,6,7,8,9,10,accuracy,macro avg,weighted avg
precision,0.0,0.0,0.0,0.058823529411764705,0.25,0.14285714285714285,0.0,0.09090909090909091,0.0,0.0,0.08,0.05425897631779984,0.054258976317799835
recall,0.0,0.0,0.0,0.2,0.2,0.2,0.0,0.2,0.0,0.0,0.08,0.08,0.08
f1-score,0.0,0.0,0.0,0.0909090909090909,0.22222222222222224,0.16666666666666666,0.0,0.12500000000000003,0.0,0.0,0.08,0.06047979797979799,0.06047979797979799
support,5.0,5.0,5.0,5.0,5.0,5.0,5.0,5.0,5.0,5.0,0.08,50.0,50.0
