,1,2,3,4,5,6,7,8,9,10,accuracy,macro avg,weighted avg
precision,0.0,0.25,0.0,0.0,0.0,0.0,0.2,0.11764705882352941,0.5,0.3333333333333333,0.14,0.14009803921568625,0.14009803921568625
recall,0.0,0.4,0.0,0.0,0.0,0.0,0.2,0.4,0.2,0.2,0.14,0.13999999999999999,0.14
f1-score,0.0,0.3076923076923077,0.0,0.0,0.0,0.0,0.20000000000000004,0.1818181818181818,0.28571428571428575,0.25,0.14,0.12252247752247754,0.12252247752247752
support,5.0,5.0,5.0,5.0,5.0,5.0,5.0,5.0,5.0,5.0,0.14,50.0,50.0
