,1,2,3,4,5,6,7,8,9,10,accuracy,macro avg,weighted avg
precision,0.25,0.0,0.0,0.0,0.2,0.0,0.16666666666666666,0.0,0.2,0.0,0.13725490196078433,0.08166666666666667,0.08006535947712418
recall,0.2,0.0,0.0,0.0,0.2,0.0,0.8,0.0,0.2,0.0,0.13725490196078433,0.13999999999999999,0.13725490196078433
f1-score,0.22222222222222224,0.0,0.0,0.0,0.20000000000000004,0.0,0.27586206896551724,0.0,0.20000000000000004,0.0,0.13725490196078433,0.08980842911877396,0.08804747952820977
support,5.0,5.0,5.0,5.0,5.0,6.0,5.0,5.0,5.0,5.0,0.13725490196078433,51.0,51.0
