,1,2,3,4,5,6,7,8,9,10,accuracy,macro avg,weighted avg
precision,0.0,0.0,0.0,0.0,0.0,0.0,0.0,0.17647058823529413,0.0,0.15789473684210525,0.12,0.03343653250773994,0.033436532507739945
recall,0.0,0.0,0.0,0.0,0.0,0.0,0.0,0.6,0.0,0.6,0.12,0.12,0.12
f1-score,0.0,0.0,0.0,0.0,0.0,0.0,0.0,0.2727272727272727,0.0,0.25,0.12,0.05227272727272727,0.05227272727272727
support,5.0,5.0,5.0,5.0,5.0,5.0,5.0,5.0,5.0,5.0,0.12,50.0,50.0
