,1,2,3,4,5,6,7,8,9,10,accuracy,macro avg,weighted avg
precision,0.06666666666666667,0.09090909090909091,0.14285714285714285,0.0,0.0,0.0,0.25,0.25,0.0,0.0,0.09803921568627451,0.08004329004329006,0.07847381376793142
recall,0.2,0.2,0.2,0.0,0.0,0.0,0.2,0.2,0.0,0.0,0.09803921568627451,0.1,0.09803921568627451
f1-score,0.1,0.12500000000000003,0.16666666666666666,0.0,0.0,0.0,0.22222222222222224,0.22222222222222224,0.0,0.0,0.09803921568627451,0.08361111111111112,0.08197167755991284
support,5.0,5.0,5.0,5.0,5.0,6.0,5.0,5.0,5.0,5.0,0.09803921568627451,51.0,51.0
