,1,2,3,4,5,6,7,8,9,10,accuracy,macro avg,weighted avg
precision,1.0,0.0,0.0,0.0,0.09090909090909091,0.0,0.0,0.0,0.3333333333333333,0.1,0.12,0.1524242424242424,0.15242424242424243
recall,0.4,0.0,0.0,0.0,0.2,0.0,0.0,0.0,0.4,0.2,0.12,0.12,0.12
f1-score,0.5714285714285715,0.0,0.0,0.0,0.12500000000000003,0.0,0.0,0.0,0.3636363636363636,0.13333333333333333,0.12,0.11933982683982684,0.11933982683982686
support,5.0,5.0,5.0,5.0,5.0,5.0,5.0,5.0,5.0,5.0,0.12,50.0,50.0
