,1,2,3,4,5,6,7,8,9,10,accuracy,macro avg,weighted avg
precision,0.0,0.0,0.14285714285714285,0.0,0.125,0.0,0.25,0.0,1.0,0.2,0.14285714285714285,0.17178571428571426,0.1752915451895044
recall,0.0,0.0,0.2,0.0,0.2,0.0,0.4,0.0,0.4,0.2,0.14285714285714285,0.14,0.14285714285714285
f1-score,0.0,0.0,0.16666666666666666,0.0,0.15384615384615385,0.0,0.3076923076923077,0.0,0.5714285714285715,0.20000000000000004,0.14285714285714285,0.13996336996336997,0.14281976526874487
support,5.0,5.0,5.0,5.0,5.0,4.0,5.0,5.0,5.0,5.0,0.14285714285714285,49.0,49.0
