,1,2,3,4,5,6,7,8,9,10,accuracy,macro avg,weighted avg
precision,0.25,0.0,0.09523809523809523,0.2,0.6666666666666666,0.0,0.75,0.6666666666666666,0.25,0.6666666666666666,0.27450980392156865,0.35452380952380946,0.3475723622782446
recall,0.2,0.0,0.4,0.2,0.4,0.0,0.6,0.4,0.2,0.4,0.27450980392156865,0.28,0.27450980392156865
f1-score,0.22222222222222224,0.0,0.15384615384615385,0.20000000000000004,0.5,0.0,0.6666666666666665,0.5,0.22222222222222224,0.5,0.27450980392156865,0.29649572649572653,0.29068208479973184
support,5.0,5.0,5.0,5.0,5.0,6.0,5.0,5.0,5.0,5.0,0.27450980392156865,51.0,51.0
