,1,2,3,4,5,6,7,8,9,10,accuracy,macro avg,weighted avg
precision,0.18181818181818182,0.0,0.4,0.25,0.0,0.2857142857142857,0.0,1.0,0.6666666666666666,0.0,0.21568627450980393,0.2784199134199134,0.2785629403276462
recall,0.4,0.0,0.4,0.2,0.0,0.3333333333333333,0.0,0.4,0.4,0.0,0.21568627450980393,0.21333333333333332,0.21568627450980393
f1-score,0.25000000000000006,0.0,0.4000000000000001,0.22222222222222224,0.0,0.30769230769230765,0.0,0.5714285714285715,0.5,0.0,0.21568627450980393,0.22513431013431012,0.22675309440015323
support,5.0,5.0,5.0,5.0,5.0,6.0,5.0,5.0,5.0,5.0,0.21568627450980393,51.0,51.0
