,1,2,3,4,5,6,7,8,9,10,accuracy,macro avg,weighted avg
precision,0.14285714285714285,0.0,0.16666666666666666,0.0,0.0,0.0,0.0,0.25,0.3333333333333333,0.5,0.11764705882352941,0.1392857142857143,0.13655462184873948
recall,0.2,0.0,0.2,0.0,0.0,0.0,0.0,0.2,0.4,0.2,0.11764705882352941,0.12,0.11764705882352941
f1-score,0.16666666666666666,0.0,0.1818181818181818,0.0,0.0,0.0,0.0,0.22222222222222224,0.3636363636363636,0.28571428571428575,0.11764705882352941,0.122005772005772,0.11961350196644314
support,5.0,5.0,5.0,5.0,5.0,6.0,5.0,5.0,5.0,5.0,0.11764705882352941,51.0,51.0
