,1,2,3,4,5,6,7,8,9,10,accuracy,macro avg,weighted avg
precision,0.1,0.3333333333333333,0.0,0.0,0.09090909090909091,0.2857142857142857,0.0,0.0,0.0,0.3333333333333333,0.1568627450980392,0.11432900432900432,0.11768950004244119
recall,0.2,0.6,0.0,0.0,0.2,0.3333333333333333,0.0,0.0,0.0,0.2,0.1568627450980392,0.15333333333333335,0.1568627450980392
f1-score,0.13333333333333333,0.42857142857142855,0.0,0.0,0.12500000000000003,0.30769230769230765,0.0,0.0,0.0,0.25,0.1568627450980392,0.12445970695970696,0.12805250305250304
support,5.0,5.0,5.0,5.0,5.0,6.0,5.0,5.0,5.0,5.0,0.1568627450980392,51.0,51.0
