,1,2,3,4,5,6,7,8,9,10,accuracy,macro avg,weighted avg
precision,0.5,0.0,0.3333333333333333,0.0,0.14285714285714285,0.25,0.0,1.0,0.2222222222222222,0.2222222222222222,0.22448979591836735,0.2670634920634921,0.2674117265954
recall,0.2,0.0,0.6,0.0,0.2,0.25,0.0,0.2,0.4,0.4,0.22448979591836735,0.225,0.22448979591836735
f1-score,0.28571428571428575,0.0,0.42857142857142855,0.0,0.16666666666666666,0.25,0.0,0.33333333333333337,0.2857142857142857,0.2857142857142857,0.22448979591836735,0.20357142857142857,0.20262390670553937
support,5.0,5.0,5.0,5.0,5.0,4.0,5.0,5.0,5.0,5.0,0.22448979591836735,49.0,49.0
