,1,2,3,4,5,6,7,8,9,10,accuracy,macro avg,weighted avg
precision,0.0,0.0,0.0,0.0,0.5,0.0,0.0,0.16666666666666666,0.0,0.16666666666666666,0.08,0.08333333333333333,0.08333333333333331
recall,0.0,0.0,0.0,0.0,0.2,0.0,0.0,0.2,0.0,0.4,0.08,0.08,0.08
f1-score,0.0,0.0,0.0,0.0,0.28571428571428575,0.0,0.0,0.1818181818181818,0.0,0.23529411764705882,0.08,0.07028265851795264,0.07028265851795265
support,5.0,5.0,5.0,5.0,5.0,5.0,5.0,5.0,5.0,5.0,0.08,50.0,50.0
