,1,2,3,4,5,6,7,8,9,10,accuracy,macro avg,weighted avg
precision,0.0,0.25,0.0,0.0,0.1111111111111111,0.08333333333333333,0.0,0.0,0.25,1.0,0.12,0.16944444444444445,0.16944444444444443
recall,0.0,0.2,0.0,0.0,0.2,0.2,0.0,0.0,0.2,0.4,0.12,0.12000000000000002,0.12
f1-score,0.0,0.22222222222222224,0.0,0.0,0.14285714285714285,0.11764705882352941,0.0,0.0,0.22222222222222224,0.5714285714285715,0.12,0.1276377217553688,0.12763772175536883
support,5.0,5.0,5.0,5.0,5.0,5.0,5.0,5.0,5.0,5.0,0.12,50.0,50.0
