,1,2,3,4,5,6,7,8,9,10,accuracy,macro avg,weighted avg
precision,0.16666666666666666,0.0,0.16666666666666666,0.5,0.0,0.0,0.2857142857142857,0.058823529411764705,0.0,0.0,0.11764705882352941,0.11778711484593836,0.11547756357444938
recall,0.2,0.0,0.2,0.2,0.0,0.0,0.4,0.2,0.0,0.0,0.11764705882352941,0.12000000000000002,0.11764705882352941
f1-score,0.1818181818181818,0.0,0.1818181818181818,0.28571428571428575,0.0,0.0,0.3333333333333333,0.0909090909090909,0.0,0.0,0.11764705882352941,0.10735930735930736,0.10525422290128172
support,5.0,5.0,5.0,5.0,5.0,6.0,5.0,5.0,5.0,5.0,0.11764705882352941,51.0,51.0
