,1,2,3,4,5,6,7,8,9,10,accuracy,macro avg,weighted avg
precision,0.125,0.2,0.0,0.5,0.0,0.0,0.14285714285714285,0.0,0.4,0.0,0.14285714285714285,0.1367857142857143,0.13957725947521865
recall,0.2,0.2,0.0,0.4,0.0,0.0,0.2,0.0,0.4,0.0,0.14285714285714285,0.13999999999999999,0.14285714285714285
f1-score,0.15384615384615385,0.20000000000000004,0.0,0.4444444444444445,0.0,0.0,0.16666666666666666,0.0,0.4000000000000001,0.0,0.14285714285714285,0.1364957264957265,0.13928135356706786
support,5.0,5.0,5.0,5.0,5.0,4.0,5.0,5.0,5.0,5.0,0.14285714285714285,49.0,49.0
