,1,2,3,4,5,6,7,8,9,10,accuracy,macro avg,weighted avg
precision,0.0,0.0,0.3333333333333333,0.42857142857142855,0.1111111111111111,0.2222222222222222,0.0,0.0,0.5,0.0,0.16326530612244897,0.1595238095238095,0.15824425008098478
recall,0.0,0.0,0.2,0.6,0.2,0.5,0.0,0.0,0.2,0.0,0.16326530612244897,0.16999999999999998,0.16326530612244897
f1-score,0.0,0.0,0.25,0.5,0.14285714285714285,0.30769230769230765,0.0,0.0,0.28571428571428575,0.0,0.16326530612244897,0.14862637362637363,0.14538013007400763
support,5.0,5.0,5.0,5.0,5.0,4.0,5.0,5.0,5.0,5.0,0.16326530612244897,49.0,49.0
