,1,2,3,4,5,6,7,8,9,10,accuracy,macro avg,weighted avg
precision,0.0,0.16666666666666666,0.25,0.0,0.16666666666666666,0.25,0.25,0.0,0.3333333333333333,0.0,0.14285714285714285,0.14166666666666666,0.13945578231292516
recall,0.0,0.2,0.4,0.0,0.2,0.25,0.2,0.0,0.2,0.0,0.14285714285714285,0.145,0.14285714285714285
f1-score,0.0,0.1818181818181818,0.3076923076923077,0.0,0.1818181818181818,0.25,0.22222222222222224,0.0,0.25,0.0,0.14285714285714285,0.13935508935508936,0.1370970299541728
support,5.0,5.0,5.0,5.0,5.0,4.0,5.0,5.0,5.0,5.0,0.14285714285714285,49.0,49.0
