,1,2,3,4,5,6,7,8,9,10,accuracy,macro avg,weighted avg
precision,0.0,0.2857142857142857,0.0,0.16666666666666666,0.5,0.0,0.2,0.16666666666666666,0.0,0.0,0.14285714285714285,0.1319047619047619,0.1345966958211856
recall,0.0,0.4,0.0,0.2,0.2,0.0,0.2,0.4,0.0,0.0,0.14285714285714285,0.14,0.14285714285714285
f1-score,0.0,0.3333333333333333,0.0,0.1818181818181818,0.28571428571428575,0.0,0.20000000000000004,0.23529411764705882,0.0,0.0,0.14285714285714285,0.12361599185128598,0.12613876719518977
support,5.0,5.0,5.0,5.0,5.0,4.0,5.0,5.0,5.0,5.0,0.14285714285714285,49.0,49.0
