,1,2,3,4,5,6,7,8,9,10,accuracy,macro avg,weighted avg
precision,0.25,0.0,0.0,1.0,0.2,0.0,0.0,0.0,0.2857142857142857,0.3333333333333333,0.12,0.20690476190476192,0.2069047619047619
recall,0.2,0.0,0.0,0.2,0.2,0.0,0.0,0.0,0.4,0.2,0.12,0.12,0.12
f1-score,0.22222222222222224,0.0,0.0,0.33333333333333337,0.20000000000000004,0.0,0.0,0.0,0.3333333333333333,0.25,0.12,0.1338888888888889,0.1338888888888889
support,5.0,5.0,5.0,5.0,5.0,5.0,5.0,5.0,5.0,5.0,0.12,50.0,50.0
