,1,2,3,4,5,6,7,8,9,10,accuracy,macro avg,weighted avg
precision,0.0,0.0,0.35714285714285715,0.0,0.4,0.0,0.3333333333333333,0.5,0.0,0.0,0.20408163265306123,0.15904761904761905,0.16229348882410105
recall,0.0,0.0,1.0,0.0,0.4,0.0,0.2,0.4,0.0,0.0,0.20408163265306123,0.2,0.20408163265306123
f1-score,0.0,0.0,0.5263157894736842,0.0,0.4000000000000001,0.0,0.25,0.4444444444444445,0.0,0.0,0.20408163265306123,0.16207602339181287,0.16538369733858457
support,5.0,5.0,5.0,5.0,5.0,4.0,5.0,5.0,5.0,5.0,0.20408163265306123,49.0,49.0
