,1,2,3,4,5,6,7,8,9,10,accuracy,macro avg,weighted avg
precision,0.16666666666666666,0.16666666666666666,0.14285714285714285,0.0,0.0,0.2857142857142857,0.0,0.0,0.0,0.0,0.13725490196078433,0.07619047619047618,0.08029878618113911
recall,0.2,0.2,0.6,0.0,0.0,0.3333333333333333,0.0,0.0,0.0,0.0,0.13725490196078433,0.13333333333333333,0.13725490196078433
f1-score,0.1818181818181818,0.1818181818181818,0.23076923076923073,0.0,0.0,0.30769230769230765,0.0,0.0,0.0,0.0,0.13725490196078433,0.09020979020979021,0.09447415329768269
support,5.0,5.0,5.0,5.0,5.0,6.0,5.0,5.0,5.0,5.0,0.13725490196078433,51.0,51.0
