,1,2,3,4,5,6,7,8,9,10,accuracy,macro avg,weighted avg
precision,0.14285714285714285,0.0,0.0,1.0,0.2727272727272727,0.0,0.1111111111111111,0.16666666666666666,0.3333333333333333,0.0,0.16326530612244897,0.2026695526695527,0.20680566598933947
recall,0.2,0.0,0.0,0.2,0.6,0.0,0.2,0.2,0.2,0.0,0.16326530612244897,0.15999999999999998,0.16326530612244897
f1-score,0.16666666666666666,0.0,0.0,0.33333333333333337,0.37499999999999994,0.0,0.14285714285714285,0.1818181818181818,0.25,0.0,0.16326530612244897,0.14496753246753247,0.14792605353829844
support,5.0,5.0,5.0,5.0,5.0,4.0,5.0,5.0,5.0,5.0,0.16326530612244897,49.0,49.0
