,1,2,3,4,5,6,7,8,9,10,accuracy,macro avg,weighted avg
precision,0.0,0.2,0.1111111111111111,0.0,0.2,0.0,1.0,0.0,0.0,0.3,0.14285714285714285,0.1811111111111111,0.18480725623582767
recall,0.0,0.2,0.2,0.0,0.2,0.0,0.2,0.0,0.0,0.6,0.14285714285714285,0.13999999999999999,0.14285714285714285
f1-score,0.0,0.20000000000000004,0.14285714285714285,0.0,0.20000000000000004,0.0,0.33333333333333337,0.0,0.0,0.4,0.14285714285714285,0.12761904761904763,0.13022351797862003
support,5.0,5.0,5.0,5.0,5.0,4.0,5.0,5.0,5.0,5.0,0.14285714285714285,49.0,49.0
