,1,2,3,4,5,6,7,8,9,10,accuracy,macro avg,weighted avg
precision,0.0,0.0,0.0,0.5,0.5,0.0,0.17391304347826086,0.25,0.16666666666666666,0.3333333333333333,0.17647058823529413,0.1923913043478261,0.18861892583120204
recall,0.0,0.0,0.0,0.2,0.2,0.0,0.8,0.2,0.2,0.2,0.17647058823529413,0.18,0.17647058823529413
f1-score,0.0,0.0,0.0,0.28571428571428575,0.28571428571428575,0.0,0.2857142857142857,0.22222222222222224,0.1818181818181818,0.25,0.17647058823529413,0.15111832611832615,0.14815522168463346
support,5.0,5.0,5.0,5.0,5.0,6.0,5.0,5.0,5.0,5.0,0.17647058823529413,51.0,51.0
