,1,2,3,4,5,6,7,8,9,10,accuracy,macro avg,weighted avg
precision,0.0,0.0,0.047619047619047616,0.0,0.0,0.0,0.0,0.0,0.0,0.0,0.0196078431372549,0.0047619047619047615,0.004668534080298786
recall,0.0,0.0,0.2,0.0,0.0,0.0,0.0,0.0,0.0,0.0,0.0196078431372549,0.02,0.0196078431372549
f1-score,0.0,0.0,0.07692307692307693,0.0,0.0,0.0,0.0,0.0,0.0,0.0,0.0196078431372549,0.007692307692307693,0.007541478129713424
support,5.0,5.0,5.0,5.0,5.0,6.0,5.0,5.0,5.0,5.0,0.0196078431372549,51.0,51.0
