,1,2,3,4,5,6,7,8,9,10,accuracy,macro avg,weighted avg
precision,0.0,0.0,0.16666666666666666,0.2,0.3333333333333333,0.0,0.16666666666666666,0.09090909090909091,0.0,0.0,0.14285714285714285,0.09575757575757575,0.09771181199752627
recall,0.0,0.0,0.4,0.2,0.2,0.0,0.4,0.2,0.0,0.0,0.14285714285714285,0.14,0.14285714285714285
f1-score,0.0,0.0,0.23529411764705882,0.20000000000000004,0.25,0.0,0.23529411764705882,0.12500000000000003,0.0,0.0,0.14285714285714285,0.10455882352941177,0.10669267707082834
support,5.0,5.0,5.0,5.0,5.0,4.0,5.0,5.0,5.0,5.0,0.14285714285714285,49.0,49.0
