,1,2,3,4,5,6,7,8,9,10,accuracy,macro avg,weighted avg
precision,0.2,0.0,0.0,0.0,0.0,0.0,0.2727272727272727,0.23076923076923078,0.0,0.0,0.14,0.07034965034965035,0.07034965034965035
recall,0.2,0.0,0.0,0.0,0.0,0.0,0.6,0.6,0.0,0.0,0.14,0.13999999999999999,0.14
f1-score,0.20000000000000004,0.0,0.0,0.0,0.0,0.0,0.37499999999999994,0.33333333333333337,0.0,0.0,0.14,0.09083333333333334,0.09083333333333334
support,5.0,5.0,5.0,5.0,5.0,5.0,5.0,5.0,5.0,5.0,0.14,50.0,50.0
