,1,2,3,4,5,6,7,8,9,10,accuracy,macro avg,weighted avg
precision,0.0,0.0,0.05555555555555555,0.0,0.07142857142857142,0.0,0.0,0.0,0.0,0.0,0.06,0.012698412698412698,0.012698412698412698
recall,0.0,0.0,0.2,0.0,0.4,0.0,0.0,0.0,0.0,0.0,0.06,0.06000000000000001,0.06
f1-score,0.0,0.0,0.08695652173913045,0.0,0.12121212121212122,0.0,0.0,0.0,0.0,0.0,0.06,0.020816864295125165,0.020816864295125165
support,5.0,5.0,5.0,5.0,5.0,5.0,5.0,5.0,5.0,5.0,0.06,50.0,50.0
