,1,2,3,4,5,6,7,8,9,10,accuracy,macro avg,weighted avg
precision,0.0,0.0,0.0,0.0,0.0,1.0,0.15384615384615385,0.125,0.0,0.1111111111111111,0.14,0.1389957264957265,0.1389957264957265
recall,0.0,0.0,0.0,0.0,0.0,0.2,0.8,0.2,0.0,0.2,0.14,0.13999999999999999,0.14
f1-score,0.0,0.0,0.0,0.0,0.0,0.33333333333333337,0.25806451612903225,0.15384615384615385,0.0,0.14285714285714285,0.14,0.08881011461656622,0.08881011461656624
support,5.0,5.0,5.0,5.0,5.0,5.0,5.0,5.0,5.0,5.0,0.14,50.0,50.0
