,1,2,3,4,5,6,7,8,9,10,accuracy,macro avg,weighted avg
precision,0.0,0.0,0.0,0.14814814814814814,0.0,0.21428571428571427,0.0,0.0,0.0,0.16666666666666666,0.16,0.05291005291005291,0.052910052910052914
recall,0.0,0.0,0.0,0.8,0.0,0.6,0.0,0.0,0.0,0.2,0.16,0.15999999999999998,0.16
f1-score,0.0,0.0,0.0,0.25,0.0,0.3157894736842105,0.0,0.0,0.0,0.1818181818181818,0.16,0.07476076555023922,0.07476076555023922
support,5.0,5.0,5.0,5.0,5.0,5.0,5.0,5.0,5.0,5.0,0.16,50.0,50.0
