,1,2,3,4,5,6,7,8,9,10,accuracy,macro avg,weighted avg
precision,0.0,0.0,0.0,0.0,0.0,0.1111111111111111,0.0,0.0,0.0,0.10526315789473684,0.08,0.021637426900584796,0.0216374269005848
recall,0.0,0.0,0.0,0.0,0.0,0.4,0.0,0.0,0.0,0.4,0.08,0.08,0.08
f1-score,0.0,0.0,0.0,0.0,0.0,0.1739130434782609,0.0,0.0,0.0,0.16666666666666666,0.08,0.034057971014492754,0.034057971014492754
support,5.0,5.0,5.0,5.0,5.0,5.0,5.0,5.0,5.0,5.0,0.08,50.0,50.0
