,1,2,3,4,5,6,7,8,9,10,accuracy,macro avg,weighted avg
precision,0.0,0.0,0.0,0.0,0.125,0.5,0.15789473684210525,0.16666666666666666,0.2,0.0,0.14,0.1149561403508772,0.11495614035087719
recall,0.0,0.0,0.0,0.0,0.2,0.2,0.6,0.2,0.2,0.0,0.14,0.14,0.14
f1-score,0.0,0.0,0.0,0.0,0.15384615384615385,0.28571428571428575,0.25,0.1818181818181818,0.20000000000000004,0.0,0.14,0.10713786213786214,0.10713786213786214
support,5.0,5.0,5.0,5.0,5.0,5.0,5.0,5.0,5.0,5.0,0.14,50.0,50.0
