,1,2,3,4,5,6,7,8,9,10,accuracy,macro avg,weighted avg
precision,0.0,0.0,0.0,0.14285714285714285,0.0,0.23076923076923078,0.0,0.0,0.0,0.25,0.16,0.06236263736263736,0.06236263736263736
recall,0.0,0.0,0.0,0.8,0.0,0.6,0.0,0.0,0.0,0.2,0.16,0.15999999999999998,0.16
f1-score,0.0,0.0,0.0,0.24242424242424243,0.0,0.33333333333333337,0.0,0.0,0.0,0.22222222222222224,0.16,0.0797979797979798,0.0797979797979798
support,5.0,5.0,5.0,5.0,5.0,5.0,5.0,5.0,5.0,5.0,0.16,50.0,50.0
