,1,2,3,4,5,6,7,8,9,10,accuracy,macro avg,weighted avg
precision,0.0,0.0,0.08888888888888889,0.0,0.0,0.0,0.0,0.0,0.0,0.0,0.08,0.008888888888888889,0.008888888888888889
recall,0.0,0.0,0.8,0.0,0.0,0.0,0.0,0.0,0.0,0.0,0.08,0.08,0.08
f1-score,0.0,0.0,0.15999999999999998,0.0,0.0,0.0,0.0,0.0,0.0,0.0,0.08,0.015999999999999997,0.015999999999999997
support,5.0,5.0,5.0,5.0,5.0,5.0,5.0,5.0,5.0,5.0,0.08,50.0,50.0
