,1,2,3,4,5,6,7,8,9,10,accuracy,macro avg,weighted avg
precision,0.045454545454545456,0.0,0.0,0.0,0.6666666666666666,0.0,0.0,0.06666666666666667,0.0,0.0,0.08,0.07787878787878787,0.07787878787878787
recall,0.2,0.0,0.0,0.0,0.4,0.0,0.0,0.2,0.0,0.0,0.08,0.08,0.08
f1-score,0.07407407407407407,0.0,0.0,0.0,0.5,0.0,0.0,0.1,0.0,0.0,0.08,0.0674074074074074,0.0674074074074074
support,5.0,5.0,5.0,5.0,5.0,5.0,5.0,5.0,5.0,5.0,0.08,50.0,50.0
