,1,2,3,4,5,6,7,8,9,10,accuracy,macro avg,weighted avg
precision,0.0,0.0,0.0,0.16,0.0,0.2,0.0,0.0,0.0,0.0,0.12,0.036,0.036000000000000004
recall,0.0,0.0,0.0,0.8,0.0,0.4,0.0,0.0,0.0,0.0,0.12,0.12000000000000002,0.12
f1-score,0.0,0.0,0.0,0.26666666666666666,0.0,0.26666666666666666,0.0,0.0,0.0,0.0,0.12,0.05333333333333333,0.05333333333333333
support,5.0,5.0,5.0,5.0,5.0,5.0,5.0,5.0,5.0,5.0,0.12,50.0,50.0
