,1,2,3,4,5,6,7,8,9,10,accuracy,macro avg,weighted avg
precision,0.0,0.11764705882352941,0.0,0.0,0.0,0.5,0.0,0.11764705882352941,0.0,0.0,0.1,0.07352941176470588,0.07352941176470588
recall,0.0,0.4,0.0,0.0,0.0,0.2,0.0,0.4,0.0,0.0,0.1,0.1,0.1
f1-score,0.0,0.1818181818181818,0.0,0.0,0.0,0.28571428571428575,0.0,0.1818181818181818,0.0,0.0,0.1,0.06493506493506493,0.06493506493506494
support,5.0,5.0,5.0,5.0,5.0,5.0,5.0,5.0,5.0,5.0,0.1,50.0,50.0
