,1,2,3,4,5,6,7,8,9,10,accuracy,macro avg,weighted avg
precision,0.0,0.0,0.0,0.0,0.0,0.0,0.0,0.0,0.0,0.2,0.02,0.02,0.02
recall,0.0,0.0,0.0,0.0,0.0,0.0,0.0,0.0,0.0,0.2,0.02,0.02,0.02
f1-score,0.0,0.0,0.0,0.0,0.0,0.0,0.0,0.0,0.0,0.20000000000000004,0.02,0.020000000000000004,0.020000000000000004
support,5.0,5.0,5.0,5.0,5.0,5.0,5.0,5.0,5.0,5.0,0.02,50.0,50.0
