,mean_X,mean_Y,mean_Z,var_X,var_Y,var_Z
0,0.004692183478260868,-0.022153148260869556,0.07541914913043478,0.03337098717107217,0.007939892922844563,0.051192263187380536
1,-0.10303462000000005,-0.13517106333333337,0.23657410566666665,0.24814657617601701,0.13139267476237987,0.5667433376802233
2,0.005341862000000001,-0.0009491929999999995,0.028893686000000002,0.0013387941908722955,0.0005982313280744811,0.000523566019917884
3,-0.12285602843750006,-0.004334375312500002,0.13537517093749998,0.24340586816057722,2.057032548896854,0.4712195730916898
4,-0.19606048714285715,0.005652699999999998,0.031760587142857157,0.13242188071046088,0.0071409081171992005,0.08385255161821728
5,-0.3299838683333333,-0.2570765016666667,0.2976109533333333,0.08328051023355049,0.42916911597967483,0.31275879879331153
6,-0.02392719,-0.03499508,0.02882594,0.0,0.0,0.0
