,mean_X,mean_Y,mean_Z,var_X,var_Y,var_Z
0,-0.33694108443685983,0.25704138389078496,0.34826737133105795,0.5891787372112449,0.5742922655749871,3.251857142308743
1,0.04346621039855092,0.061941848405797105,0.38372842840579663,1.6196558653371467,1.7760700980241282,2.975708625246097
2,-0.3028433674085364,-0.05234307685975596,-0.26174780820121935,1.9549910689948011,1.1985003074089327,1.8918864412092746
3,0.0005999009511343779,-0.0023516361518324657,0.006668239938917944,0.0001071485043814912,0.00012964830413831908,0.00011116015111992092
4,0.6658300839591831,-0.09936288724489774,1.2518091945102021,1.0963727376949504,0.7346089640824631,3.10553283638568
5,,,,,,
6,-0.5539491636516855,-3.145661431460673,-1.5492149112359554,0.01965821922841436,0.04299072524357689,0.12244849994574536
