,1,2,3,4,5,6,7,8,9,10,accuracy,macro avg,weighted avg
precision,0.13043478260869565,0.0,0.0,0.0,0.0,0.0,0.5,0.1111111111111111,0.0,0.3333333333333333,0.14,0.10748792270531402,0.107487922705314
recall,0.6,0.0,0.0,0.0,0.0,0.0,0.4,0.2,0.0,0.2,0.14,0.14,0.14
f1-score,0.21428571428571427,0.0,0.0,0.0,0.0,0.0,0.4444444444444445,0.14285714285714285,0.0,0.25,0.14,0.10515873015873016,0.10515873015873016
support,5.0,5.0,5.0,5.0,5.0,5.0,5.0,5.0,5.0,5.0,0.14,50.0,50.0
