,1,2,3,4,5,6,7,8,9,10,accuracy,macro avg,weighted avg
precision,0.0,0.3333333333333333,0.0,0.0,0.0,0.0,0.5,0.3333333333333333,0.0,0.2,0.12,0.13666666666666666,0.13666666666666663
recall,0.0,0.2,0.0,0.0,0.0,0.0,0.2,0.6,0.0,0.2,0.12,0.12,0.12
f1-score,0.0,0.25,0.0,0.0,0.0,0.0,0.28571428571428575,0.42857142857142855,0.0,0.20000000000000004,0.12,0.11642857142857144,0.11642857142857142
support,5.0,5.0,5.0,5.0,5.0,5.0,5.0,5.0,5.0,5.0,0.12,50.0,50.0
