,1,2,3,4,5,6,7,8,9,10,accuracy,macro avg,weighted avg
precision,0.18181818181818182,0.0,0.058823529411764705,0.0,0.0,0.0,0.0,0.16666666666666666,0.0,0.0,0.08,0.04073083778966132,0.04073083778966132
recall,0.4,0.0,0.2,0.0,0.0,0.0,0.0,0.2,0.0,0.0,0.08,0.08,0.08
f1-score,0.25000000000000006,0.0,0.0909090909090909,0.0,0.0,0.0,0.0,0.1818181818181818,0.0,0.0,0.08,0.05227272727272727,0.05227272727272727
support,5.0,5.0,5.0,5.0,5.0,5.0,5.0,5.0,5.0,5.0,0.08,50.0,50.0
