,1,2,3,4,5,6,7,8,9,10,accuracy,macro avg,weighted avg
precision,0.0625,0.0,0.0,0.0,0.0,0.0,0.0,0.0,0.0,0.0,0.02,0.00625,0.00625
recall,0.2,0.0,0.0,0.0,0.0,0.0,0.0,0.0,0.0,0.0,0.02,0.02,0.02
f1-score,0.09523809523809523,0.0,0.0,0.0,0.0,0.0,0.0,0.0,0.0,0.0,0.02,0.009523809523809523,0.009523809523809523
support,5.0,5.0,5.0,5.0,5.0,5.0,5.0,5.0,5.0,5.0,0.02,50.0,50.0
