,1,2,3,4,5,6,7,8,9,10,accuracy,macro avg,weighted avg
precision,0.0,0.0,0.0,0.3333333333333333,0.09090909090909091,0.5,0.375,0.16666666666666666,0.0,0.4,0.2,0.18659090909090909,0.18659090909090906
recall,0.0,0.0,0.0,0.4,0.2,0.2,0.6,0.2,0.0,0.4,0.2,0.2,0.2
f1-score,0.0,0.0,0.0,0.3636363636363636,0.12500000000000003,0.28571428571428575,0.4615384615384615,0.1818181818181818,0.0,0.4000000000000001,0.2,0.1817707292707293,0.18177072927072926
support,5.0,5.0,5.0,5.0,5.0,5.0,5.0,5.0,5.0,5.0,0.2,50.0,50.0
