,1,2,3,4,5,6,7,8,9,10,accuracy,macro avg,weighted avg
precision,0.09090909090909091,0.0,0.14285714285714285,0.0,0.0,0.2857142857142857,0.0,0.5,0.0,0.0,0.12,0.10194805194805194,0.10194805194805195
recall,0.2,0.0,0.4,0.0,0.0,0.4,0.0,0.2,0.0,0.0,0.12,0.12000000000000002,0.12
f1-score,0.12500000000000003,0.0,0.21052631578947364,0.0,0.0,0.3333333333333333,0.0,0.28571428571428575,0.0,0.0,0.12,0.09545739348370927,0.09545739348370925
support,5.0,5.0,5.0,5.0,5.0,5.0,5.0,5.0,5.0,5.0,0.12,50.0,50.0
