,1,2,3,4,5,6,7,8,9,10,accuracy,macro avg,weighted avg
precision,0.0,0.0,0.045454545454545456,0.0,0.0,0.0,0.0,0.0,0.0,0.0,0.02,0.004545454545454545,0.004545454545454546
recall,0.0,0.0,0.2,0.0,0.0,0.0,0.0,0.0,0.0,0.0,0.02,0.02,0.02
f1-score,0.0,0.0,0.07407407407407407,0.0,0.0,0.0,0.0,0.0,0.0,0.0,0.02,0.007407407407407407,0.007407407407407407
support,5.0,5.0,5.0,5.0,5.0,5.0,5.0,5.0,5.0,5.0,0.02,50.0,50.0
