,1,2,3,4,5,6,7,8,9,10,accuracy,macro avg,weighted avg
precision,0.0,0.0,0.0,0.0,0.0,0.09090909090909091,0.0,0.0,0.0,0.0,0.02,0.00909090909090909,0.009090909090909092
recall,0.0,0.0,0.0,0.0,0.0,0.2,0.0,0.0,0.0,0.0,0.02,0.02,0.02
f1-score,0.0,0.0,0.0,0.0,0.0,0.12500000000000003,0.0,0.0,0.0,0.0,0.02,0.012500000000000002,0.012500000000000002
support,5.0,5.0,5.0,5.0,5.0,5.0,5.0,5.0,5.0,5.0,0.02,50.0,50.0
