,1,2,3,4,5,6,7,8,9,10,accuracy,macro avg,weighted avg
precision,0.0,0.0,0.05263157894736842,0.0,0.0,0.2222222222222222,0.0,0.5,0.0,0.0,0.08,0.07748538011695907,0.07748538011695906
recall,0.0,0.0,0.2,0.0,0.0,0.4,0.0,0.2,0.0,0.0,0.08,0.08,0.08
f1-score,0.0,0.0,0.08333333333333333,0.0,0.0,0.2857142857142857,0.0,0.28571428571428575,0.0,0.0,0.08,0.06547619047619048,0.06547619047619048
support,5.0,5.0,5.0,5.0,5.0,5.0,5.0,5.0,5.0,5.0,0.08,50.0,50.0
