,1,2,3,4,5,6,7,8,9,10,accuracy,macro avg,weighted avg
precision,0.14285714285714285,0.125,0.07142857142857142,0.0,0.0,0.0,0.0,0.2,0.0,0.0,0.08,0.05392857142857144,0.05392857142857142
recall,0.2,0.2,0.2,0.0,0.0,0.0,0.0,0.2,0.0,0.0,0.08,0.08,0.08
f1-score,0.16666666666666666,0.15384615384615385,0.10526315789473682,0.0,0.0,0.0,0.0,0.20000000000000004,0.0,0.0,0.08,0.06257759784075574,0.06257759784075574
support,5.0,5.0,5.0,5.0,5.0,5.0,5.0,5.0,5.0,5.0,0.08,50.0,50.0
