,1,2,3,4,5,6,7,8,9,10,accuracy,macro avg,weighted avg
precision,0.0,0.0,0.0,0.2,0.1,0.5,0.25,0.1111111111111111,0.0,0.2,0.16,0.1361111111111111,0.1361111111111111
recall,0.0,0.0,0.0,0.4,0.2,0.2,0.4,0.2,0.0,0.2,0.16,0.15999999999999998,0.16
f1-score,0.0,0.0,0.0,0.26666666666666666,0.13333333333333333,0.28571428571428575,0.3076923076923077,0.14285714285714285,0.0,0.20000000000000004,0.16,0.1336263736263736,0.13362637362637364
support,5.0,5.0,5.0,5.0,5.0,5.0,5.0,5.0,5.0,5.0,0.16,50.0,50.0
