,1,2,3,4,5,6,7,8,9,10,accuracy,macro avg,weighted avg
precision,0.14285714285714285,0.1,0.0,0.1,0.0,0.0,0.5,0.0,0.0,0.0,0.14,0.08428571428571428,0.08428571428571428
recall,0.6,0.2,0.0,0.2,0.0,0.0,0.4,0.0,0.0,0.0,0.14,0.13999999999999999,0.14
f1-score,0.23076923076923073,0.13333333333333333,0.0,0.13333333333333333,0.0,0.0,0.4444444444444445,0.0,0.0,0.0,0.14,0.09418803418803419,0.09418803418803418
support,5.0,5.0,5.0,5.0,5.0,5.0,5.0,5.0,5.0,5.0,0.14,50.0,50.0
