,1,2,3,4,5,6,7,8,9,10,accuracy,macro avg,weighted avg
precision,0.0,0.0,0.047619047619047616,0.0,0.07142857142857142,0.2,0.0,0.0,0.0,0.0,0.06,0.03190476190476191,0.03190476190476191
recall,0.0,0.0,0.2,0.0,0.2,0.2,0.0,0.0,0.0,0.0,0.06,0.06000000000000001,0.06
f1-score,0.0,0.0,0.07692307692307693,0.0,0.10526315789473682,0.20000000000000004,0.0,0.0,0.0,0.0,0.06,0.03821862348178138,0.03821862348178138
support,5.0,5.0,5.0,5.0,5.0,5.0,5.0,5.0,5.0,5.0,0.06,50.0,50.0
