,1,2,3,4,5,6,7,8,9,10,accuracy,macro avg,weighted avg
precision,0.0,0.0,0.04,0.0,0.0,0.0,0.0,0.25,0.13333333333333333,0.0,0.08,0.042333333333333334,0.042333333333333334
recall,0.0,0.0,0.2,0.0,0.0,0.0,0.0,0.2,0.4,0.0,0.08,0.08,0.08
f1-score,0.0,0.0,0.06666666666666667,0.0,0.0,0.0,0.0,0.22222222222222224,0.2,0.0,0.08,0.04888888888888889,0.04888888888888889
support,5.0,5.0,5.0,5.0,5.0,5.0,5.0,5.0,5.0,5.0,0.08,50.0,50.0
