,1,2,3,4,5,6,7,8,9,10,accuracy,macro avg,weighted avg
precision,0.0,0.20833333333333334,0.0,0.0,0.0,0.1875,0.0,0.0,0.0,0.0,0.16,0.03958333333333334,0.03958333333333333
recall,0.0,1.0,0.0,0.0,0.0,0.6,0.0,0.0,0.0,0.0,0.16,0.16,0.16
f1-score,0.0,0.3448275862068966,0.0,0.0,0.0,0.2857142857142857,0.0,0.0,0.0,0.0,0.16,0.06305418719211822,0.06305418719211822
support,5.0,5.0,5.0,5.0,5.0,5.0,5.0,5.0,5.0,5.0,0.16,50.0,50.0
