,1,2,3,4,5,6,7,8,9,10,accuracy,macro avg,weighted avg
precision,0.0,0.0,0.16666666666666666,0.0,0.0,0.25,0.18181818181818182,0.09090909090909091,0.0,0.0,0.16,0.06893939393939394,0.06893939393939394
recall,0.0,0.0,0.2,0.0,0.0,0.4,0.8,0.2,0.0,0.0,0.16,0.15999999999999998,0.16
f1-score,0.0,0.0,0.1818181818181818,0.0,0.0,0.3076923076923077,0.2962962962962963,0.12500000000000003,0.0,0.0,0.16,0.09108067858067857,0.09108067858067859
support,5.0,5.0,5.0,5.0,5.0,5.0,5.0,5.0,5.0,5.0,0.16,50.0,50.0
