,1,2,3,4,5,6,7,8,9,10,accuracy,macro avg,weighted avg
precision,0.07526881720430108,0.11382113821138211,0.18627450980392157,0.10869565217391304,0.14285714285714285,0.12844036697247707,0.1,0.0,0.5,0.0,0.11572052401746726,0.13553576272231377,0.14067433363807375
recall,0.1728395061728395,0.3111111111111111,0.2159090909090909,0.14705882352941177,0.04411764705882353,0.39436619718309857,0.028846153846153848,0.0,0.008403361344537815,0.0,0.11572052401746726,0.13226518911550672,0.11572052401746726
f1-score,0.10486891385767791,0.16666666666666666,0.2,0.125,0.06741573033707865,0.19377162629757783,0.04477611940298507,0.0,0.01652892561983471,0.0,0.11572052401746726,0.09190279821818208,0.08139748440959832
support,81.0,90.0,88.0,68.0,68.0,71.0,104.0,109.0,119.0,118.0,0.11572052401746726,916.0,916.0
