,1,2,3,4,5,6,7,8,9,10,accuracy,macro avg,weighted avg
precision,0.0,0.19047619047619047,0.1346153846153846,0.13636363636363635,0.15942028985507245,0.06666666666666667,0.0,0.09302325581395349,0.08949416342412451,0.0297029702970297,0.09441489361702128,0.08997625575120582,0.08933171714405803
recall,0.0,0.09523809523809523,0.0945945945945946,0.08108108108108109,0.15714285714285714,0.009615384615384616,0.0,0.17647058823529413,0.3770491803278688,0.07142857142857142,0.09441489361702128,0.1062620352663747,0.09441489361702128
f1-score,0.0,0.12698412698412698,0.11111111111111112,0.10169491525423728,0.15827338129496404,0.01680672268907563,0.0,0.1218274111675127,0.14465408805031446,0.04195804195804196,0.09441489361702128,0.08233097985093842,0.07727626271371224
support,102.0,84.0,74.0,74.0,70.0,104.0,73.0,68.0,61.0,42.0,0.09441489361702128,752.0,752.0
