,1,2,3,4,5,6,7,8,9,10,accuracy,macro avg,weighted avg
precision,0.05747126436781609,0.043010752688172046,0.1262135922330097,0.15294117647058825,0.17857142857142858,0.17197452229299362,0.06329113924050633,0.16666666666666666,0.0,0.0,0.1202113606340819,0.09601405425311813,0.09725011780260313
recall,0.08771929824561403,0.05555555555555555,0.15476190476190477,0.3132530120481928,0.08064516129032258,0.3375,0.0684931506849315,0.06896551724137931,0.0,0.0,0.1202113606340819,0.11668935998279006,0.1202113606340819
f1-score,0.06944444444444445,0.048484848484848485,0.13903743315508021,0.20553359683794467,0.1111111111111111,0.2278481012658228,0.06578947368421052,0.0975609756097561,0.0,0.0,0.1202113606340819,0.09648099845932186,0.09854009087710623
support,57.0,72.0,84.0,83.0,62.0,80.0,73.0,87.0,83.0,76.0,0.1202113606340819,757.0,757.0
