,1,2,3,4,5,6,7,8,9,10,accuracy,macro avg,weighted avg
precision,0.1111111111111111,0.1875,0.11612903225806452,0.08270676691729323,0.16393442622950818,0.0673076923076923,0.09734513274336283,0.1286549707602339,0.25609756097560976,0.06451612903225806,0.12336244541484716,0.1275302822335134,0.13087401826049955
recall,0.024691358024691357,0.1,0.20454545454545456,0.16176470588235295,0.14705882352941177,0.09859154929577464,0.10576923076923077,0.2018348623853211,0.17647058823529413,0.01694915254237288,0.12336244541484716,0.12376757252099042,0.12336244541484716
f1-score,0.0404040404040404,0.13043478260869568,0.14814814814814817,0.10945273631840796,0.15503875968992248,0.08,0.10138248847926266,0.15714285714285714,0.208955223880597,0.026845637583892617,0.12336244541484716,0.11578046742558241,0.1172708772709809
support,81.0,90.0,88.0,68.0,68.0,71.0,104.0,109.0,119.0,118.0,0.12336244541484716,916.0,916.0
