,1,2,3,4,5,6,7,8,9,10,accuracy,macro avg,weighted avg
precision,0.09090909090909091,0.09565217391304348,0.13953488372093023,0.11797752808988764,0.2,0.14634146341463414,0.0,0.0,0.0,0.0,0.1215323645970938,0.07904151400475865,0.07620760480944103
recall,0.05263157894736842,0.1527777777777778,0.2857142857142857,0.25301204819277107,0.14516129032258066,0.3,0.0,0.0,0.0,0.0,0.1215323645970938,0.11892969809547838,0.1215323645970938
f1-score,0.06666666666666667,0.11764705882352941,0.18749999999999997,0.16091954022988506,0.16822429906542055,0.19672131147540983,0.0,0.0,0.0,0.0,0.1215323645970938,0.08976788762609116,0.08922658062676808
support,57.0,72.0,84.0,83.0,62.0,80.0,73.0,87.0,83.0,76.0,0.1215323645970938,757.0,757.0
