,1,2,3,4,5,6,7,8,9,10,accuracy,macro avg,weighted avg
precision,0.05747126436781609,0.096045197740113,0.1,0.10126582278481013,0.08888888888888889,0.09696969696969697,0.09876543209876543,0.140625,0.26666666666666666,0.18181818181818182,0.09606986899563319,0.1228516151334939,0.13177098014761318
recall,0.12345679012345678,0.18888888888888888,0.06818181818181818,0.11764705882352941,0.11764705882352941,0.22535211267605634,0.07692307692307693,0.08256880733944955,0.03361344537815126,0.01694915254237288,0.09606986899563319,0.10512282097003298,0.09606986899563319
f1-score,0.0784313725490196,0.12734082397003746,0.08108108108108107,0.10884353741496598,0.10126582278481014,0.13559322033898308,0.08648648648648649,0.10404624277456646,0.05970149253731343,0.031007751937984496,0.09606986899563319,0.09137978318752482,0.08729512336703765
support,81.0,90.0,88.0,68.0,68.0,71.0,104.0,109.0,119.0,118.0,0.09606986899563319,916.0,916.0
