,1,2,3,4,5,6,7,8,9,10,accuracy,macro avg,weighted avg
precision,0.19672131147540983,0.10810810810810811,0.07792207792207792,0.08130081300813008,0.09,0.22727272727272727,0.17543859649122806,0.125,0.10869565217391304,0.07228915662650602,0.11835106382978723,0.12627484430781005,0.13542434750206586
recall,0.11764705882352941,0.047619047619047616,0.08108108108108109,0.13513513513513514,0.12857142857142856,0.14423076923076922,0.136986301369863,0.10294117647058823,0.16393442622950818,0.14285714285714285,0.11835106382978723,0.12010035673880932,0.11835106382978723
f1-score,0.14723926380368096,0.06611570247933884,0.07947019867549669,0.10152284263959391,0.10588235294117646,0.1764705882352941,0.15384615384615385,0.11290322580645161,0.130718954248366,0.09599999999999999,0.11835106382978723,0.11701692826755525,0.12053771230141999
support,102.0,84.0,74.0,74.0,70.0,104.0,73.0,68.0,61.0,42.0,0.11835106382978723,752.0,752.0
