,1,2,3,4,5,6,7,8,9,10,accuracy,macro avg,weighted avg
precision,0.07446808510638298,0.047619047619047616,0.15151515151515152,0.14925373134328357,0.1308411214953271,0.2,0.13559322033898305,0.041666666666666664,0.10416666666666667,0.15168539325842698,0.1202113606340819,0.11868090840099361,0.11968026756516559
recall,0.12280701754385964,0.013888888888888888,0.05952380952380952,0.12048192771084337,0.22580645161290322,0.075,0.1095890410958904,0.034482758620689655,0.12048192771084337,0.35526315789473684,0.1202113606340819,0.12373249806024651,0.1202113606340819
f1-score,0.09271523178807946,0.021505376344086023,0.08547008547008547,0.13333333333333333,0.16568047337278105,0.10909090909090907,0.1212121212121212,0.03773584905660377,0.11173184357541899,0.21259842519685038,0.1202113606340819,0.10910736484402687,0.1078487427732675
support,57.0,72.0,84.0,83.0,62.0,80.0,73.0,87.0,83.0,76.0,0.1202113606340819,757.0,757.0
