,1,2,3,4,5,6,7,8,9,10,accuracy,macro avg,weighted avg
precision,0.0967741935483871,0.09448818897637795,0.13122171945701358,0.1048951048951049,0.16216216216216217,0.19767441860465115,0.16129032258064516,0.0,0.1,1.0,0.12549537648612946,0.20485061102243424,0.20342192585211805
recall,0.10526315789473684,0.16666666666666666,0.34523809523809523,0.18072289156626506,0.0967741935483871,0.2125,0.0684931506849315,0.0,0.03614457831325301,0.02631578947368421,0.12549537648612946,0.12381185233860197,0.12549537648612946
f1-score,0.10084033613445377,0.12060301507537688,0.1901639344262295,0.1327433628318584,0.12121212121212119,0.20481927710843373,0.09615384615384615,0.0,0.05309734513274336,0.05128205128205127,0.12549537648612946,0.10709152893571143,0.10653530495171613
support,57.0,72.0,84.0,83.0,62.0,80.0,73.0,87.0,83.0,76.0,0.12549537648612946,757.0,757.0
