,1,2,3,4,5,6,7,8,9,10,accuracy,macro avg,weighted avg
precision,0.16071428571428573,0.18518518518518517,0.171875,0.0514018691588785,0.2,0.0,0.16,0.13440860215053763,0.12698412698412698,0.18518518518518517,0.12663755458515283,0.13757542543781992,0.1420942702070951
recall,0.1111111111111111,0.16666666666666666,0.25,0.16176470588235295,0.11764705882352941,0.0,0.07692307692307693,0.22935779816513763,0.06722689075630252,0.0847457627118644,0.12663755458515283,0.12654430710400416,0.12663755458515283
f1-score,0.1313868613138686,0.17543859649122806,0.2037037037037037,0.07801418439716312,0.14814814814814817,0.0,0.1038961038961039,0.1694915254237288,0.08791208791208792,0.11627906976744184,0.12663755458515283,0.1214270281053474,0.12357970934510788
support,81.0,90.0,88.0,68.0,68.0,71.0,104.0,109.0,119.0,118.0,0.12663755458515283,916.0,916.0
