,1,2,3,4,5,6,7,8,9,10,accuracy,macro avg,weighted avg
precision,0.08823529411764706,0.25,0.22033898305084745,0.09134615384615384,0.16666666666666666,0.047619047619047616,0.025974025974025976,0.15668202764976957,0.14782608695652175,0.3076923076923077,0.13537117903930132,0.15023805935729878,0.1568137007406879
recall,0.037037037037037035,0.07777777777777778,0.29545454545454547,0.27941176470588236,0.07352941176470588,0.04225352112676056,0.019230769230769232,0.3119266055045872,0.14285714285714285,0.06779661016949153,0.13537117903930132,0.13472751856287,0.13537117903930132
f1-score,0.05217391304347826,0.11864406779661017,0.2524271844660194,0.13768115942028986,0.10204081632653061,0.04477611940298507,0.022099447513812157,0.2085889570552147,0.1452991452991453,0.1111111111111111,0.13537117903930132,0.11948419214351966,0.1223079611154873
support,81.0,90.0,88.0,68.0,68.0,71.0,104.0,109.0,119.0,118.0,0.13537117903930132,916.0,916.0
