,1,2,3,4,5,6,7,8,9,10,accuracy,macro avg,weighted avg
precision,0.13636363636363635,0.2727272727272727,0.18487394957983194,0.12698412698412698,0.0,0.1497005988023952,0.11538461538461539,0.12643678160919541,0.07051282051282051,0.01818181818181818,0.12367021276595745,0.12011656201457126,0.12972106149838364
recall,0.08823529411764706,0.03571428571428571,0.2972972972972973,0.10810810810810811,0.0,0.2403846153846154,0.0410958904109589,0.16176470588235295,0.18032786885245902,0.023809523809523808,0.12367021276595745,0.11767375895772483,0.12367021276595745
f1-score,0.10714285714285714,0.0631578947368421,0.22797927461139897,0.11678832116788321,0.0,0.18450184501845018,0.06060606060606061,0.14193548387096774,0.10138248847926268,0.020618556701030927,0.12367021276595745,0.10241127823347536,0.10912366364654044
support,102.0,84.0,74.0,74.0,70.0,104.0,73.0,68.0,61.0,42.0,0.12367021276595745,752.0,752.0
