,1,2,3,4,5,6,7,8,9,10,accuracy,macro avg,weighted avg
precision,0.18478260869565216,0.25,0.09302325581395349,0.16346153846153846,0.13333333333333333,0.09375,0.09859154929577464,0.09782608695652174,0.0990990990990991,0.015873015873015872,0.11702127659574468,0.12297404875288889,0.130946945372371
recall,0.16666666666666666,0.07142857142857142,0.10810810810810811,0.22972972972972974,0.08571428571428572,0.057692307692307696,0.0958904109589041,0.1323529411764706,0.18032786885245902,0.023809523809523808,0.11702127659574468,0.11517204141370267,0.11702127659574468
f1-score,0.17525773195876287,0.11111111111111112,0.1,0.1910112359550562,0.10434782608695652,0.07142857142857142,0.09722222222222222,0.1125,0.12790697674418602,0.019047619047619046,0.11702127659574468,0.11098332945544853,0.11546133046818785
support,102.0,84.0,74.0,74.0,70.0,104.0,73.0,68.0,61.0,42.0,0.11702127659574468,752.0,752.0
