,1,2,3,4,5,6,7,8,9,10,accuracy,macro avg,weighted avg
precision,0.022222222222222223,0.19607843137254902,0.10377358490566038,0.08098591549295775,0.10810810810810811,0.0,0.08860759493670886,0.18497109826589594,0.08888888888888889,0.21153846153846154,0.11244541484716157,0.10851743057314527,0.1161068599604985
recall,0.012345679012345678,0.1111111111111111,0.125,0.3382352941176471,0.058823529411764705,0.0,0.0673076923076923,0.29357798165137616,0.03361344537815126,0.09322033898305085,0.11244541484716157,0.11332350719731392,0.11244541484716157
f1-score,0.015873015873015872,0.14184397163120566,0.1134020618556701,0.1306818181818182,0.07619047619047618,0.0,0.07650273224043716,0.22695035460992904,0.048780487804878044,0.12941176470588237,0.11244541484716157,0.09596366830933127,0.10029225795054597
support,81.0,90.0,88.0,68.0,68.0,71.0,104.0,109.0,119.0,118.0,0.11244541484716157,916.0,916.0
