,1,2,3,4,5,6,7,8,9,10,accuracy,macro avg,weighted avg
precision,0.12,0.1095890410958904,0.11029411764705882,0.11940298507462686,0.12962962962962962,0.11801242236024845,0.11666666666666667,0.07017543859649122,0.12903225806451613,0.0,0.11360634081902246,0.10228025591351282,0.10134108675326847
recall,0.10526315789473684,0.1111111111111111,0.17857142857142858,0.1927710843373494,0.11290322580645161,0.2375,0.0958904109589041,0.04597701149425287,0.04819277108433735,0.0,0.11360634081902246,0.11281802012585718,0.11360634081902246
f1-score,0.11214953271028036,0.1103448275862069,0.13636363636363638,0.14746543778801843,0.12068965517241378,0.15767634854771784,0.10526315789473684,0.05555555555555556,0.07017543859649124,0.0,0.11360634081902246,0.10156835902150574,0.10101783290529569
support,57.0,72.0,84.0,83.0,62.0,80.0,73.0,87.0,83.0,76.0,0.11360634081902246,757.0,757.0
