,1,2,3,4,5,6,7,8,9,10,accuracy,macro avg,weighted avg
precision,0.0,0.20535714285714285,0.0,0.0,0.4166666666666667,0.06666666666666667,0.09230769230769231,0.11206896551724138,0.11206896551724138,0.06462585034013606,0.10638297872340426,0.10697619498727873,0.1027388880378609
recall,0.0,0.27380952380952384,0.0,0.0,0.07142857142857142,0.009615384615384616,0.0821917808219178,0.19117647058823528,0.21311475409836064,0.4523809523809524,0.10638297872340426,0.12937174377429458,0.10638297872340426
f1-score,0.0,0.23469387755102042,0.0,0.0,0.1219512195121951,0.01680672268907563,0.08695652173913043,0.14130434782608697,0.14689265536723164,0.1130952380952381,0.10638297872340426,0.08617005827799783,0.07934274462278564
support,102.0,84.0,74.0,74.0,70.0,104.0,73.0,68.0,61.0,42.0,0.10638297872340426,752.0,752.0
