,1,2,3,4,5,6,7,8,9,10,accuracy,macro avg,weighted avg
precision,0.4117647058823529,0.11428571428571428,0.09259259259259259,0.045454545454545456,0.09523809523809523,0.16,0.14285714285714285,0.057971014492753624,0.045454545454545456,0.06147540983606557,0.08377659574468085,0.12270937660938079,0.13942480024212178
recall,0.06862745098039216,0.09523809523809523,0.06756756756756757,0.02702702702702703,0.11428571428571428,0.038461538461538464,0.0684931506849315,0.058823529411764705,0.08196721311475409,0.35714285714285715,0.08377659574468085,0.09776341439146422,0.08377659574468085
f1-score,0.11764705882352942,0.1038961038961039,0.078125,0.03389830508474577,0.1038961038961039,0.062015503875969,0.09259259259259259,0.05839416058394161,0.058479532163742694,0.1048951048951049,0.08377659574468085,0.08138394658118338,0.0817051130663856
support,102.0,84.0,74.0,74.0,70.0,104.0,73.0,68.0,61.0,42.0,0.08377659574468085,752.0,752.0
