,1,2,3,4,5,6,7,8,9,10,accuracy,macro avg,weighted avg
precision,0.05263157894736842,0.13513513513513514,0.13846153846153847,0.375,0.09259259259259259,0.3076923076923077,0.030303030303030304,0.1232876712328767,0.07216494845360824,0.09876543209876543,0.11436170212765957,0.14260342349172228,0.14939268695664007
recall,0.0196078431372549,0.11904761904761904,0.24324324324324326,0.12162162162162163,0.14285714285714285,0.038461538461538464,0.0136986301369863,0.1323529411764706,0.11475409836065574,0.38095238095238093,0.11436170212765957,0.1326597058994914,0.11436170212765957
f1-score,0.02857142857142857,0.12658227848101267,0.17647058823529413,0.18367346938775514,0.11235955056179775,0.06837606837606838,0.018867924528301886,0.1276595744680851,0.08860759493670886,0.15686274509803919,0.11436170212765957,0.10880312226444917,0.10269367707564642
support,102.0,84.0,74.0,74.0,70.0,104.0,73.0,68.0,61.0,42.0,0.11436170212765957,752.0,752.0
