,1,2,3,4,5,6,7,8,9,10,accuracy,macro avg,weighted avg
precision,0.027777777777777776,0.19607843137254902,0.2028985507246377,0.25925925925925924,0.20512820512820512,0.0,0.04838709677419355,0.17142857142857143,0.1774193548387097,0.16666666666666666,0.16116248348745046,0.145504391397057,0.14903559152784027
recall,0.017543859649122806,0.1388888888888889,0.16666666666666666,0.08433734939759036,0.25806451612903225,0.0,0.0410958904109589,0.20689655172413793,0.26506024096385544,0.40789473684210525,0.16116248348745046,0.15864487006723588,0.16116248348745046
f1-score,0.021505376344086023,0.16260162601626016,0.1830065359477124,0.1272727272727273,0.2285714285714286,0.0,0.044444444444444446,0.1875,0.21256038647342995,0.23664122137404575,0.16116248348745046,0.14041037464441347,0.14296555723331972
support,57.0,72.0,84.0,83.0,62.0,80.0,73.0,87.0,83.0,76.0,0.16116248348745046,757.0,757.0
