,1,2,3,4,5,6,7,8,9,10,accuracy,macro avg,weighted avg
precision,0.10869565217391304,0.11904761904761904,0.12195121951219512,0.11818181818181818,0.0449438202247191,0.10050251256281408,0.17272727272727273,0.07142857142857142,0.0,0.0,0.1096433289299868,0.08574784858589227,0.0851653481846648
recall,0.08771929824561403,0.1388888888888889,0.11904761904761904,0.1566265060240964,0.06451612903225806,0.25,0.2602739726027397,0.022988505747126436,0.0,0.0,0.1096433289299868,0.11000609195883426,0.1096433289299868
f1-score,0.0970873786407767,0.12820512820512822,0.12048192771084337,0.13471502590673576,0.052980132450331126,0.14336917562724016,0.2076502732240437,0.034782608695652174,0.0,0.0,0.1096433289299868,0.09192716504607512,0.09115645714034358
support,57.0,72.0,84.0,83.0,62.0,80.0,73.0,87.0,83.0,76.0,0.1096433289299868,757.0,757.0
