,1,2,3,4,5,6,7,8,9,10,accuracy,macro avg,weighted avg
precision,0.056451612903225805,0.17293233082706766,0.14356435643564355,0.06896551724137931,0.0784313725490196,0.17676767676767677,0.15217391304347827,0.12698412698412698,0.2,0.5,0.1331877729257642,0.1676270906751618,0.18319978617901503
recall,0.08641975308641975,0.25555555555555554,0.32954545454545453,0.08823529411764706,0.058823529411764705,0.49295774647887325,0.0673076923076923,0.07339449541284404,0.01680672268907563,0.00847457627118644,0.1331877729257642,0.1477520819876513,0.1331877729257642
f1-score,0.06829268292682926,0.20627802690582958,0.2,0.07741935483870968,0.06722689075630252,0.26022304832713755,0.09333333333333334,0.09302325581395349,0.031007751937984496,0.016666666666666666,0.1331877729257642,0.11134710115067467,0.10426997987768542
support,81.0,90.0,88.0,68.0,68.0,71.0,104.0,109.0,119.0,118.0,0.1331877729257642,916.0,916.0
