,1,2,3,4,5,6,7,8,9,10,accuracy,macro avg,weighted avg
precision,0.08,0.08196721311475409,0.1693121693121693,0.14084507042253522,0.12,0.11875,0.1388888888888889,0.1111111111111111,0.35,0.0,0.1334214002642008,0.13108744528494584,0.13496639097372587
recall,0.10526315789473684,0.06944444444444445,0.38095238095238093,0.12048192771084337,0.1935483870967742,0.2375,0.0684931506849315,0.05747126436781609,0.08433734939759036,0.0,0.1334214002642008,0.13174920625495173,0.1334214002642008
f1-score,0.0909090909090909,0.07518796992481203,0.2344322344322344,0.12987012987012989,0.14814814814814814,0.15833333333333335,0.09174311926605504,0.07575757575757576,0.13592233009708737,0.0,0.1334214002642008,0.11403039317384667,0.11557257930670321
support,57.0,72.0,84.0,83.0,62.0,80.0,73.0,87.0,83.0,76.0,0.1334214002642008,757.0,757.0
