,1,2,3,4,5,6,7,8,9,10,accuracy,macro avg,weighted avg
precision,0.10714285714285714,0.10833333333333334,0.10526315789473684,0.08024691358024691,0.05,0.14705882352941177,0.13513513513513514,0.07017543859649122,0.0,0.0,0.10039630118890357,0.08033556592122124,0.07958332345122032
recall,0.10526315789473684,0.18055555555555555,0.09523809523809523,0.1566265060240964,0.03225806451612903,0.25,0.136986301369863,0.04597701149425287,0.0,0.0,0.10039630118890357,0.1002904692092729,0.10039630118890357
f1-score,0.10619469026548672,0.13541666666666666,0.1,0.10612244897959183,0.0392156862745098,0.18518518518518517,0.1360544217687075,0.05555555555555556,0.0,0.0,0.10039630118890357,0.08637446546957032,0.08589531584771766
support,57.0,72.0,84.0,83.0,62.0,80.0,73.0,87.0,83.0,76.0,0.10039630118890357,757.0,757.0
