,1,2,3,4,5,6,7,8,9,10,accuracy,macro avg,weighted avg
precision,0.0,0.0,0.2727272727272727,0.1527777777777778,0.14,0.02564102564102564,0.1,0.18627450980392157,0.09183673469387756,0.11864406779661017,0.12681638044914134,0.10879013884404853,0.11422220475694042
recall,0.0,0.0,0.07142857142857142,0.13253012048192772,0.22580645161290322,0.0125,0.1095890410958904,0.21839080459770116,0.10843373493975904,0.3684210526315789,0.12681638044914134,0.12470997767883321,0.12681638044914134
f1-score,0.0,0.0,0.11320754716981131,0.14193548387096777,0.1728395061728395,0.01680672268907563,0.10457516339869281,0.20105820105820107,0.0994475138121547,0.1794871794871795,0.12681638044914134,0.10293573176589221,0.1061715799590477
support,57.0,72.0,84.0,83.0,62.0,80.0,73.0,87.0,83.0,76.0,0.12681638044914134,757.0,757.0
