,1,2,3,4,5,6,7,8,9,10,accuracy,macro avg,weighted avg
precision,0.09375,0.1111111111111111,0.07142857142857142,0.10096153846153846,0.09375,0.11522633744855967,0.08108108108108109,0.0,0.0,0.1111111111111111,0.09716157205240175,0.07784197506419728,0.07297430393394125
recall,0.18518518518518517,0.06666666666666667,0.03409090909090909,0.3088235294117647,0.04411764705882353,0.39436619718309857,0.11538461538461539,0.0,0.0,0.00847457627118644,0.09716157205240175,0.11571093262522496,0.09716157205240175
f1-score,0.12448132780082989,0.08333333333333334,0.04615384615384615,0.15217391304347827,0.06,0.178343949044586,0.09523809523809523,0.0,0.0,0.015748031496062992,0.09716157205240175,0.07554724961102319,0.06604563548452527
support,81.0,90.0,88.0,68.0,68.0,71.0,104.0,109.0,119.0,118.0,0.09716157205240175,916.0,916.0
