,1,2,3,4,5,6,7,8,9,10,accuracy,macro avg,weighted avg
precision,0.06976744186046512,0.09375,0.09090909090909091,0.09482758620689655,0.22727272727272727,0.047619047619047616,0.1044776119402985,0.1092436974789916,0.13227513227513227,0.17391304347826086,0.10698689956331878,0.1144055379040911,0.11616610374065624
recall,0.037037037037037035,0.03333333333333333,0.06818181818181818,0.16176470588235295,0.07352941176470588,0.08450704225352113,0.1346153846153846,0.11926605504587157,0.21008403361344538,0.1016949152542373,0.10698689956331878,0.10240137369817075,0.10698689956331878
f1-score,0.04838709677419355,0.049180327868852465,0.07792207792207792,0.11956521739130435,0.11111111111111112,0.06091370558375634,0.11764705882352941,0.11403508771929825,0.16233766233766236,0.12834224598930483,0.10698689956331878,0.09894415915210905,0.10299265956619057
support,81.0,90.0,88.0,68.0,68.0,71.0,104.0,109.0,119.0,118.0,0.10698689956331878,916.0,916.0
