,1,2,3,4,5,6,7,8,9,10,accuracy,macro avg,weighted avg
precision,0.21875,0.2,0.17777777777777778,0.13513513513513514,0.1896551724137931,0.07142857142857142,0.07534246575342465,0.12162162162162163,0.10843373493975904,0.11764705882352941,0.12549537648612946,0.1415791537893612,0.13806269947841446
recall,0.24561403508771928,0.08333333333333333,0.09523809523809523,0.060240963855421686,0.1774193548387097,0.075,0.1506849315068493,0.10344827586206896,0.10843373493975904,0.21052631578947367,0.12549537648612946,0.13099390404514302,0.12549537648612946
f1-score,0.23140495867768596,0.11764705882352941,0.12403100775193798,0.08333333333333333,0.18333333333333332,0.07317073170731707,0.10045662100456619,0.11180124223602485,0.10843373493975904,0.1509433962264151,0.12549537648612946,0.12845554180339022,0.12384148866853202
support,57.0,72.0,84.0,83.0,62.0,80.0,73.0,87.0,83.0,76.0,0.12549537648612946,757.0,757.0
