,1,2,3,4,5,6,7,8,9,10,accuracy,macro avg,weighted avg
precision,0.0,0.08,0.045454545454545456,0.09302325581395349,0.11428571428571428,0.2,0.02631578947368421,0.08108108108108109,0.07920792079207921,0.06222222222222222,0.07313829787234043,0.078159052912328,0.08064752651677068
recall,0.0,0.11904761904761904,0.02702702702702703,0.10810810810810811,0.11428571428571428,0.009615384615384616,0.0136986301369863,0.04411764705882353,0.13114754098360656,0.3333333333333333,0.07313829787234043,0.09003810045966028,0.07313829787234043
f1-score,0.0,0.09569377990430622,0.03389830508474577,0.1,0.11428571428571428,0.01834862385321101,0.018018018018018018,0.05714285714285715,0.09876543209876545,0.1048689138576779,0.07313829787234043,0.06410216442452958,0.057826096156972887
support,102.0,84.0,74.0,74.0,70.0,104.0,73.0,68.0,61.0,42.0,0.07313829787234043,752.0,752.0
