,1,2,3,4,5,6,7,8,9,10,accuracy,macro avg,weighted avg
precision,0.18055555555555555,0.090625,0.18181818181818182,0.09731543624161074,0.17857142857142858,0.08,0.12,0.09375,0.0,0.0,0.10480349344978165,0.10226356021867766,0.09379946158000728
recall,0.16049382716049382,0.32222222222222224,0.06818181818181818,0.4264705882352941,0.07352941176470588,0.11267605633802817,0.028846153846153848,0.027522935779816515,0.0,0.0,0.10480349344978165,0.12199430135285327,0.10480349344978165
f1-score,0.16993464052287582,0.14146341463414633,0.09917355371900825,0.15846994535519127,0.10416666666666667,0.09356725146198831,0.046511627906976744,0.0425531914893617,0.0,0.0,0.10480349344978165,0.08558402917562151,0.07554777027582135
support,81.0,90.0,88.0,68.0,68.0,71.0,104.0,109.0,119.0,118.0,0.10480349344978165,916.0,916.0
