,1,2,3,4,5,6,7,8,9,10,accuracy,macro avg,weighted avg
precision,0.14285714285714285,0.21794871794871795,0.17647058823529413,0.14,0.10294117647058823,0.15384615384615385,0.1320754716981132,0.07792207792207792,0.056179775280898875,0.05855855855855856,0.1077127659574468,0.12587996628175455,0.13341816920974955
recall,0.029411764705882353,0.20238095238095238,0.16216216216216217,0.0945945945945946,0.1,0.038461538461538464,0.0958904109589041,0.08823529411764706,0.08196721311475409,0.30952380952380953,0.1077127659574468,0.12026277400202448,0.1077127659574468
f1-score,0.04878048780487805,0.20987654320987656,0.16901408450704225,0.11290322580645162,0.10144927536231883,0.06153846153846154,0.1111111111111111,0.08275862068965519,0.06666666666666667,0.09848484848484848,0.1077127659574468,0.10625833251813102,0.10493390591133779
support,102.0,84.0,74.0,74.0,70.0,104.0,73.0,68.0,61.0,42.0,0.1077127659574468,752.0,752.0
