,1,2,3,4,5,6,7,8,9,10,accuracy,macro avg,weighted avg
precision,0.16666666666666666,0.14814814814814814,0.09615384615384616,0.07608695652173914,0.0684931506849315,0.1782178217821782,0.1590909090909091,0.08235294117647059,0.09433962264150944,0.039473684210526314,0.10904255319148937,0.11090237470769253,0.11987458236348411
recall,0.1568627450980392,0.047619047619047616,0.06756756756756757,0.0945945945945946,0.07142857142857142,0.17307692307692307,0.0958904109589041,0.10294117647058823,0.16393442622950818,0.07142857142857142,0.10904255319148937,0.10453440344723156,0.10904255319148937
f1-score,0.16161616161616163,0.07207207207207207,0.07936507936507936,0.08433734939759037,0.06993006993006994,0.17560975609756097,0.11965811965811964,0.0915032679738562,0.11976047904191617,0.05084745762711865,0.10904255319148937,0.10246998127795451,0.10932134201562789
support,102.0,84.0,74.0,74.0,70.0,104.0,73.0,68.0,61.0,42.0,0.10904255319148937,752.0,752.0
