,1,2,3,4,5,6,7,8,9,10,accuracy,macro avg,weighted avg
precision,0.2,0.1511627906976744,0.23255813953488372,0.04,0.1206896551724138,0.0,0.09090909090909091,0.09090909090909091,0.087248322147651,0.06209150326797386,0.09441489361702128,0.10755685926387785,0.10965881012326922
recall,0.00980392156862745,0.15476190476190477,0.13513513513513514,0.013513513513513514,0.1,0.0,0.0273972602739726,0.07352941176470588,0.21311475409836064,0.4523809523809524,0.09441489361702128,0.11796368534971724,0.09441489361702128
f1-score,0.018691588785046728,0.15294117647058825,0.17094017094017092,0.0202020202020202,0.10937500000000001,0.0,0.042105263157894736,0.0813008130081301,0.1238095238095238,0.10919540229885058,0.09441489361702128,0.08285609586722253,0.0761902930427369
support,102.0,84.0,74.0,74.0,70.0,104.0,73.0,68.0,61.0,42.0,0.09441489361702128,752.0,752.0
