,1,2,3,4,5,6,7,8,9,10,accuracy,macro avg,weighted avg
precision,0.0625,0.1,0.1125,0.10526315789473684,0.058823529411764705,0.05789473684210526,0.04081632653061224,0.1717171717171717,0.1717171717171717,0.15714285714285714,0.10480349344978165,0.10383749512564196,0.11044780710282483
recall,0.04938271604938271,0.06666666666666667,0.20454545454545456,0.08823529411764706,0.058823529411764705,0.15492957746478872,0.019230769230769232,0.1559633027522936,0.14285714285714285,0.09322033898305085,0.10480349344978165,0.10338547920789609,0.10480349344978165
f1-score,0.05517241379310345,0.08,0.14516129032258066,0.09599999999999999,0.058823529411764705,0.0842911877394636,0.0261437908496732,0.16346153846153846,0.15596330275229356,0.1170212765957447,0.10480349344978165,0.09820383299261623,0.10246750982710144
support,81.0,90.0,88.0,68.0,68.0,71.0,104.0,109.0,119.0,118.0,0.10480349344978165,916.0,916.0
