,1,2,3,4,5,6,7,8,9,10,accuracy,macro avg,weighted avg
precision,0.07262569832402235,0.13333333333333333,0.11666666666666667,0.058823529411764705,0.09523809523809523,0.11875,0.04411764705882353,0.13924050632911392,0.15,0.0,0.1037117903930131,0.09287954763618197,0.09243694234835591
recall,0.16049382716049382,0.2,0.23863636363636365,0.04411764705882353,0.058823529411764705,0.2676056338028169,0.028846153846153848,0.10091743119266056,0.025210084033613446,0.0,0.1037117903930131,0.11246506701426903,0.1037117903930131
f1-score,0.1,0.16,0.15671641791044777,0.0504201680672269,0.07272727272727271,0.16450216450216446,0.034883720930232565,0.11702127659574468,0.04316546762589928,0.0,0.1037117903930131,0.08994364883589884,0.08500506681546006
support,81.0,90.0,88.0,68.0,68.0,71.0,104.0,109.0,119.0,118.0,0.1037117903930131,916.0,916.0
