,1,2,3,4,5,6,7,8,9,10,accuracy,macro avg,weighted avg
precision,0.11320754716981132,0.1,0.09767441860465116,0.08450704225352113,0.0,0.1590909090909091,0.058823529411764705,0.08641975308641975,0.09090909090909091,0.02040816326530612,0.09973404255319149,0.08110404537914742,0.08849376425507025
recall,0.11764705882352941,0.011904761904761904,0.28378378378378377,0.08108108108108109,0.0,0.20192307692307693,0.0136986301369863,0.10294117647058823,0.08196721311475409,0.023809523809523808,0.09973404255319149,0.09187563060480855,0.09973404255319149
f1-score,0.11538461538461538,0.02127659574468085,0.1453287197231834,0.08275862068965517,0.0,0.17796610169491522,0.022222222222222223,0.09395973154362416,0.08620689655172413,0.021978021978021976,0.09973404255319149,0.07670815255326426,0.08395822361506111
support,102.0,84.0,74.0,74.0,70.0,104.0,73.0,68.0,61.0,42.0,0.09973404255319149,752.0,752.0
