,1,2,3,4,5,6,7,8,9,10,accuracy,macro avg,weighted avg
precision,0.0975609756097561,0.1509433962264151,0.08333333333333333,0.09722222222222222,0.15306122448979592,0.0,0.07017543859649122,0.12857142857142856,0.1568627450980392,0.12698412698412698,0.12417437252311757,0.10647148911316084,0.10563680752715827
recall,0.14035087719298245,0.2222222222222222,0.03571428571428571,0.08433734939759036,0.24193548387096775,0.0,0.0547945205479452,0.10344827586206896,0.1927710843373494,0.21052631578947367,0.12417437252311757,0.12861004149348856,0.12417437252311757
f1-score,0.11510791366906475,0.1797752808988764,0.05,0.0903225806451613,0.1875,0.0,0.06153846153846154,0.11464968152866242,0.17297297297297295,0.15841584158415842,0.12417437252311757,0.11302827328373577,0.11055473738422496
support,57.0,72.0,84.0,83.0,62.0,80.0,73.0,87.0,83.0,76.0,0.12417437252311757,757.0,757.0
