,1,2,3,4,5,6,7,8,9,10,accuracy,macro avg,weighted avg
precision,0.06329113924050633,0.06422018348623854,0.08,0.056910569105691054,0.08620689655172414,0.17142857142857143,0.10526315789473684,0.058823529411764705,0.08823529411764706,0.078125,0.08244680851063829,0.08525043412368802,0.08802186354239522
recall,0.049019607843137254,0.08333333333333333,0.08108108108108109,0.0945945945945946,0.07142857142857142,0.11538461538461539,0.0547945205479452,0.029411764705882353,0.14754098360655737,0.11904761904761904,0.08244680851063829,0.08456366915733371,0.08244680851063829
f1-score,0.05524861878453039,0.07253886010362695,0.08053691275167785,0.07106598984771573,0.078125,0.13793103448275865,0.07207207207207207,0.03921568627450981,0.11042944785276074,0.09433962264150944,0.08244680851063829,0.08115032448111617,0.08163192040050335
support,102.0,84.0,74.0,74.0,70.0,104.0,73.0,68.0,61.0,42.0,0.08244680851063829,752.0,752.0
