,1,2,3,4,5,6,7,8,9,10,accuracy,macro avg,weighted avg
precision,0.0,0.10638297872340426,0.11688311688311688,0.09523809523809523,0.11403508771929824,0.0,0.024390243902439025,0.13,0.16666666666666666,0.21428571428571427,0.12813738441215325,0.09678819034187344,0.09995010443005414
recall,0.0,0.1388888888888889,0.10714285714285714,0.04819277108433735,0.20967741935483872,0.0,0.0136986301369863,0.14942528735632185,0.3493975903614458,0.23684210526315788,0.12813738441215325,0.1253265549588834,0.12813738441215325
f1-score,0.0,0.12048192771084339,0.11180124223602485,0.064,0.14772727272727273,0.0,0.017543859649122806,0.13903743315508021,0.2256809338521401,0.225,0.12813738441215325,0.10512726693304841,0.10798622192959483
support,57.0,72.0,84.0,83.0,62.0,80.0,73.0,87.0,83.0,76.0,0.12813738441215325,757.0,757.0
