,1,2,3,4,5,6,7,8,9,10,accuracy,macro avg,weighted avg
precision,0.16666666666666666,0.11956521739130435,0.19858156028368795,0.1896551724137931,0.17857142857142858,0.0967741935483871,0.14583333333333334,0.15966386554621848,0.2112676056338028,0.1388888888888889,0.16116248348745046,0.16054679322775112,0.161125028455302
recall,0.05263157894736842,0.1527777777777778,0.3333333333333333,0.13253012048192772,0.08064516129032258,0.075,0.1917808219178082,0.21839080459770116,0.18072289156626506,0.13157894736842105,0.16116248348745046,0.15493914372809253,0.16116248348745046
f1-score,0.08,0.13414634146341464,0.24888888888888888,0.15602836879432622,0.1111111111111111,0.08450704225352113,0.16568047337278105,0.18446601941747573,0.19480519480519481,0.13513513513513511,0.16116248348745046,0.14947685752418488,0.1536424436139591
support,57.0,72.0,84.0,83.0,62.0,80.0,73.0,87.0,83.0,76.0,0.16116248348745046,757.0,757.0
