,1,2,3,4,5,6,7,8,9,10,accuracy,macro avg,weighted avg
precision,0.09876543209876543,0.0,0.14444444444444443,0.10975609756097561,0.2653061224489796,0.05405405405405406,0.09174311926605505,0.11949685534591195,0.10059171597633136,0.22857142857142856,0.1222707423580786,0.1212729269766946,0.12179199161420529
recall,0.09876543209876543,0.0,0.29545454545454547,0.1323529411764706,0.19117647058823528,0.028169014084507043,0.09615384615384616,0.1743119266055046,0.14285714285714285,0.06779661016949153,0.1222707423580786,0.12270379291885089,0.1222707423580786
f1-score,0.09876543209876543,0.0,0.19402985074626863,0.12,0.22222222222222224,0.037037037037037035,0.09389671361502348,0.1417910447761194,0.11805555555555555,0.10457516339869281,0.1222707423580786,0.11303730194496846,0.11199162674140689
support,81.0,90.0,88.0,68.0,68.0,71.0,104.0,109.0,119.0,118.0,0.1222707423580786,916.0,916.0
