,1,2,3,4,5,6,7,8,9,10,accuracy,macro avg,weighted avg
precision,0.08898305084745763,0.10309278350515463,0.11864406779661017,0.036585365853658534,0.08108108108108109,0.10588235294117647,0.13513513513513514,0.08571428571428572,0.0,0.07142857142857142,0.09497816593886463,0.08265466943031308,0.08108199091274905
recall,0.25925925925925924,0.3333333333333333,0.07954545454545454,0.04411764705882353,0.04411764705882353,0.1267605633802817,0.09615384615384616,0.027522935779816515,0.0,0.00847457627118644,0.09497816593886463,0.10192852628408249,0.09497816593886463
f1-score,0.13249211356466878,0.1574803149606299,0.09523809523809523,0.04,0.05714285714285715,0.11538461538461538,0.11235955056179776,0.04166666666666667,0.0,0.015151515151515148,0.09497816593886463,0.07669157286708461,0.0721604832064865
support,81.0,90.0,88.0,68.0,68.0,71.0,104.0,109.0,119.0,118.0,0.09497816593886463,916.0,916.0
