,1,2,3,4,5,6,7,8,9,10,accuracy,macro avg,weighted avg
precision,0.14035087719298245,0.17142857142857143,0.11320754716981132,0.02631578947368421,0.0547945205479452,0.10714285714285714,0.06666666666666667,0.046511627906976744,0.03937007874015748,0.10810810810810811,0.08244680851063829,0.08738966443777609,0.09174276951402582
recall,0.0784313725490196,0.07142857142857142,0.08108108108108109,0.013513513513513514,0.05714285714285714,0.11538461538461539,0.0547945205479452,0.058823529411764705,0.08196721311475409,0.2857142857142857,0.08244680851063829,0.08982815598884078,0.08244680851063829
f1-score,0.10062893081761007,0.10084033613445378,0.09448818897637797,0.01785714285714286,0.055944055944055944,0.11111111111111112,0.06015037593984962,0.05194805194805195,0.05319148936170213,0.1568627450980392,0.08244680851063829,0.08030224281883946,0.08015464671179308
support,102.0,84.0,74.0,74.0,70.0,104.0,73.0,68.0,61.0,42.0,0.08244680851063829,752.0,752.0
