,1,2,3,4,5,6,7,8,9,10,accuracy,macro avg,weighted avg
precision,0.30434782608695654,0.19642857142857142,0.10679611650485436,0.10344827586206896,0.05,0.2413793103448276,0.1016949152542373,0.11235955056179775,0.07352941176470588,0.05405405405405406,0.1393548387096774,0.13440380318620737,0.15356630276947802
recall,0.25225225225225223,0.11224489795918367,0.14864864864864866,0.12162162162162163,0.04285714285714286,0.20192307692307693,0.0821917808219178,0.14705882352941177,0.08196721311475409,0.09523809523809523,0.1393548387096774,0.12860035529661049,0.1393548387096774
f1-score,0.27586206896551724,0.14285714285714285,0.12429378531073446,0.11180124223602485,0.046153846153846156,0.2198952879581152,0.09090909090909091,0.12738853503184716,0.07751937984496124,0.06896551724137931,0.1393548387096774,0.12856458965086592,0.143374991980975
support,111.0,98.0,74.0,74.0,70.0,104.0,73.0,68.0,61.0,42.0,0.1393548387096774,775.0,775.0
