,1,2,3,4,5,6,7,8,9,10,accuracy,macro avg,weighted avg
precision,0.07246376811594203,0.1,0.14457831325301204,0.15730337078651685,0.0967741935483871,0.046511627906976744,0.11363636363636363,0.11475409836065574,0.08333333333333333,0.14634146341463414,0.11360634081902246,0.10756965323558217,0.10907503578957889
recall,0.08771929824561403,0.06944444444444445,0.14285714285714285,0.1686746987951807,0.04838709677419355,0.025,0.136986301369863,0.08045977011494253,0.12048192771084337,0.23684210526315788,0.11360634081902246,0.11168527855753825,0.11360634081902246
f1-score,0.07936507936507937,0.0819672131147541,0.1437125748502994,0.1627906976744186,0.06451612903225806,0.032520325203252036,0.12422360248447203,0.0945945945945946,0.09852216748768473,0.1809045226130653,0.11360634081902246,0.10631169064198782,0.10810395694834989
support,57.0,72.0,84.0,83.0,62.0,80.0,73.0,87.0,83.0,76.0,0.11360634081902246,757.0,757.0
