,1,2,3,4,5,6,7,8,9,10,accuracy,macro avg,weighted avg
precision,0.056179775280898875,0.09803921568627451,0.12244897959183673,0.09448818897637795,0.09375,0.05128205128205128,0.08536585365853659,0.1652892561983471,0.13333333333333333,0.15789473684210525,0.10807860262008734,0.10580713908497616,0.11133585941611487
recall,0.06172839506172839,0.1111111111111111,0.13636363636363635,0.17647058823529413,0.08823529411764706,0.056338028169014086,0.0673076923076923,0.1834862385321101,0.06722689075630252,0.1271186440677966,0.10807860262008734,0.10753865187223326,0.10807860262008734
f1-score,0.058823529411764705,0.10416666666666667,0.12903225806451613,0.12307692307692308,0.0909090909090909,0.05369127516778524,0.07526881720430108,0.1739130434782609,0.08938547486033518,0.14084507042253522,0.10807860262008734,0.10391121492621791,0.1068763565792673
support,81.0,90.0,88.0,68.0,68.0,71.0,104.0,109.0,119.0,118.0,0.10807860262008734,916.0,916.0
