,1,2,3,4,5,6,7,8,9,10,accuracy,macro avg,weighted avg
precision,0.30303030303030304,0.17777777777777778,0.15463917525773196,0.08536585365853659,0.06944444444444445,0.1686746987951807,0.08823529411764706,0.08536585365853659,0.11842105263157894,0.057692307692307696,0.12516129032258064,0.13086467610640448,0.14595490766086658
recall,0.18018018018018017,0.08163265306122448,0.20270270270270271,0.0945945945945946,0.07142857142857142,0.1346153846153846,0.0821917808219178,0.10294117647058823,0.14754098360655737,0.14285714285714285,0.12516129032258064,0.12406851703388641,0.12516129032258064
f1-score,0.22598870056497175,0.11188811188811187,0.17543859649122806,0.08974358974358976,0.07042253521126761,0.1497326203208556,0.0851063829787234,0.09333333333333334,0.13138686131386862,0.0821917808219178,0.12516129032258064,0.1215232512667868,0.129291765736853
support,111.0,98.0,74.0,74.0,70.0,104.0,73.0,68.0,61.0,42.0,0.12516129032258064,775.0,775.0
