,1,2,3,4,5,6,7,8,9,10,accuracy,macro avg,weighted avg
precision,0.10588235294117647,0.08333333333333333,0.14925373134328357,0.18823529411764706,0.09615384615384616,0.11206896551724138,0.11666666666666667,0.0967741935483871,0.17857142857142858,0.11428571428571428,0.11889035667107001,0.12412255264787246,0.12624353636418037
recall,0.15789473684210525,0.09722222222222222,0.11904761904761904,0.1927710843373494,0.16129032258064516,0.1625,0.0958904109589041,0.10344827586206896,0.060240963855421686,0.05263157894736842,0.11889035667107001,0.1202937214653704,0.11889035667107001
f1-score,0.1267605633802817,0.08974358974358974,0.1324503311258278,0.1904761904761905,0.12048192771084337,0.1326530612244898,0.10526315789473684,0.09999999999999999,0.09009009009009009,0.07207207207207207,0.11889035667107001,0.11599909837181217,0.11630585481586536
support,57.0,72.0,84.0,83.0,62.0,80.0,73.0,87.0,83.0,76.0,0.11889035667107001,757.0,757.0
