,1,2,3,4,5,6,7,8,9,10,accuracy,macro avg,weighted avg
precision,0.11458333333333333,0.10679611650485436,0.13178294573643412,0.06796116504854369,0.0851063829787234,0.1111111111111111,0.10256410256410256,0.11290322580645161,0.15053763440860216,0.1308411214953271,0.11353711790393013,0.11141871389874833,0.11475287224413566
recall,0.13580246913580246,0.12222222222222222,0.19318181818181818,0.10294117647058823,0.058823529411764705,0.056338028169014086,0.07692307692307693,0.12844036697247707,0.11764705882352941,0.11864406779661017,0.11353711790393013,0.11109638141069034,0.11353711790393013
f1-score,0.12429378531073447,0.11398963730569947,0.1566820276497696,0.08187134502923976,0.06956521739130435,0.07476635514018691,0.08791208791208792,0.12017167381974249,0.1320754716981132,0.12444444444444444,0.11353711790393013,0.10857720457013224,0.11175106443901904
support,81.0,90.0,88.0,68.0,68.0,71.0,104.0,109.0,119.0,118.0,0.11353711790393013,916.0,916.0
