,1,2,3,4,5,6,7,8,9,10,accuracy,macro avg,weighted avg
precision,0.04477611940298507,0.11627906976744186,0.11711711711711711,0.125,0.14457831325301204,0.0875,0.10227272727272728,0.1111111111111111,0.13333333333333333,0.13675213675213677,0.1146288209606987,0.11187199280098645,0.1132019728265461
recall,0.037037037037037035,0.1111111111111111,0.14772727272727273,0.19117647058823528,0.17647058823529413,0.09859154929577464,0.08653846153846154,0.09174311926605505,0.10084033613445378,0.13559322033898305,0.1146288209606987,0.11768291662726785,0.1146288209606987
f1-score,0.04054054054054054,0.11363636363636365,0.1306532663316583,0.1511627906976744,0.15894039735099338,0.09271523178807946,0.09375000000000001,0.10050251256281408,0.11483253588516747,0.13617021276595745,0.1146288209606987,0.11329038515592489,0.11257235036961806
support,81.0,90.0,88.0,68.0,68.0,71.0,104.0,109.0,119.0,118.0,0.1146288209606987,916.0,916.0
