,1,2,3,4,5,6,7,8,9,10,accuracy,macro avg,weighted avg
precision,0.12337662337662338,0.12598425196850394,0.11206896551724138,0.07228915662650602,0.056179775280898875,0.10619469026548672,0.19230769230769232,0.125,0.1891891891891892,0.1794871794871795,0.12008733624454149,0.12820775240193213,0.13623129826172803
recall,0.2345679012345679,0.17777777777777778,0.14772727272727273,0.08823529411764706,0.07352941176470588,0.16901408450704225,0.14423076923076922,0.09174311926605505,0.058823529411764705,0.059322033898305086,0.12008733624454149,0.12449711939359079,0.12008733624454149
f1-score,0.16170212765957445,0.14746543778801843,0.12745098039215685,0.07947019867549669,0.06369426751592358,0.13043478260869565,0.16483516483516483,0.10582010582010583,0.08974358974358974,0.089171974522293,0.12008733624454149,0.1159788629561019,0.11622328617080502
support,81.0,90.0,88.0,68.0,68.0,71.0,104.0,109.0,119.0,118.0,0.12008733624454149,916.0,916.0
