,1,2,3,4,5,6,7,8,9,10,accuracy,macro avg,weighted avg
precision,0.04918032786885246,0.11842105263157894,0.125,0.19607843137254902,0.12727272727272726,0.17857142857142858,0.08536585365853659,0.06976744186046512,0.061224489795918366,0.03305785123966942,0.09032258064516129,0.10439396042717256,0.10890789670532568
recall,0.02702702702702703,0.09183673469387756,0.06756756756756757,0.13513513513513514,0.1,0.09615384615384616,0.0958904109589041,0.08823529411764706,0.14754098360655737,0.09523809523809523,0.09032258064516129,0.09446250944986573,0.09032258064516129
f1-score,0.03488372093023256,0.10344827586206896,0.08771929824561404,0.15999999999999998,0.11199999999999999,0.125,0.09032258064516129,0.07792207792207792,0.08653846153846154,0.049079754601226995,0.09032258064516129,0.09269141697448433,0.09343702923975454
support,111.0,98.0,74.0,74.0,70.0,104.0,73.0,68.0,61.0,42.0,0.09032258064516129,775.0,775.0
