,1,2,3,4,5,6,7,8,9,10,accuracy,macro avg,weighted avg
precision,0.1111111111111111,0.05555555555555555,0.13725490196078433,0.17543859649122806,0.12244897959183673,0.18055555555555555,0.09259259259259259,0.12903225806451613,0.10576923076923077,0.12173913043478261,0.1215323645970938,0.12314979121271936,0.12480385147121699
recall,0.10526315789473684,0.041666666666666664,0.08333333333333333,0.12048192771084337,0.0967741935483871,0.1625,0.136986301369863,0.13793103448275862,0.13253012048192772,0.18421052631578946,0.1215323645970938,0.12016772618043059,0.1215323645970938
f1-score,0.10810810810810811,0.04761904761904762,0.10370370370370371,0.14285714285714288,0.1081081081081081,0.17105263157894737,0.11049723756906077,0.13333333333333333,0.11764705882352942,0.14659685863874347,0.1215323645970938,0.11895232303397248,0.12036759084470929
support,57.0,72.0,84.0,83.0,62.0,80.0,73.0,87.0,83.0,76.0,0.1215323645970938,757.0,757.0
