,1,2,3,4,5,6,7,8,9,10,accuracy,macro avg,weighted avg
precision,0.14545454545454545,0.15873015873015872,0.13725490196078433,0.07894736842105263,0.08823529411764706,0.11392405063291139,0.12962962962962962,0.0898876404494382,0.08571428571428572,0.04938271604938271,0.10451612903225807,0.10771605911598359,0.11432582965096047
recall,0.07207207207207207,0.10204081632653061,0.1891891891891892,0.12162162162162163,0.08571428571428572,0.08653846153846154,0.0958904109589041,0.11764705882352941,0.09836065573770492,0.09523809523809523,0.10451612903225807,0.10643126672203944,0.10451612903225807
f1-score,0.09638554216867469,0.12422360248447206,0.1590909090909091,0.09574468085106383,0.08695652173913045,0.09836065573770492,0.11023622047244094,0.1019108280254777,0.0916030534351145,0.06504065040650406,0.10451612903225807,0.10295526644114923,0.10495958783897216
support,111.0,98.0,74.0,74.0,70.0,104.0,73.0,68.0,61.0,42.0,0.10451612903225807,775.0,775.0
