,1,2,3,4,5,6,7,8,9,10,accuracy,macro avg,weighted avg
precision,0.08620689655172414,0.12244897959183673,0.09433962264150944,0.12631578947368421,0.08974358974358974,0.1,0.15730337078651685,0.08139534883720931,0.14285714285714285,0.11320754716981132,0.11026200873362445,0.11138182876530245,0.11319566104178354
recall,0.12345679012345678,0.2,0.11363636363636363,0.17647058823529413,0.10294117647058823,0.1267605633802817,0.1346153846153846,0.06422018348623854,0.06722689075630252,0.05084745762711865,0.11026200873362445,0.11601753983310288,0.11026200873362445
f1-score,0.10152284263959391,0.15189873417721522,0.10309278350515466,0.147239263803681,0.09589041095890412,0.11180124223602485,0.14507772020725385,0.0717948717948718,0.09142857142857143,0.07017543859649124,0.11026200873362445,0.1089921879347762,0.10645363869258191
support,81.0,90.0,88.0,68.0,68.0,71.0,104.0,109.0,119.0,118.0,0.11026200873362445,916.0,916.0
