,1,2,3,4,5,6,7,8,9,10,accuracy,macro avg,weighted avg
precision,0.08823529411764706,0.1076923076923077,0.12578616352201258,0.09016393442622951,0.0594059405940594,0.11666666666666667,0.07777777777777778,0.13793103448275862,0.13043478260869565,0.1388888888888889,0.10698689956331878,0.1072982790777044,0.11069501463681271
recall,0.07407407407407407,0.07777777777777778,0.22727272727272727,0.16176470588235295,0.08823529411764706,0.09859154929577464,0.0673076923076923,0.11009174311926606,0.10084033613445378,0.0847457627118644,0.10698689956331878,0.10907016626936303,0.10698689956331878
f1-score,0.08053691275167785,0.09032258064516129,0.16194331983805668,0.11578947368421053,0.0710059171597633,0.10687022900763357,0.07216494845360825,0.12244897959183675,0.1137440758293839,0.10526315789473684,0.10698689956331878,0.10400895948560689,0.10480578410872567
support,81.0,90.0,88.0,68.0,68.0,71.0,104.0,109.0,119.0,118.0,0.10698689956331878,916.0,916.0
