,1,2,3,4,5,6,7,8,9,10,accuracy,macro avg,weighted avg
precision,0.10526315789473684,0.09701492537313433,0.09782608695652174,0.060240963855421686,0.09375,0.08737864077669903,0.125,0.15463917525773196,0.041666666666666664,0.125,0.10043668122270742,0.09877796167809122,0.100551994758701
recall,0.12345679012345678,0.14444444444444443,0.10227272727272728,0.07352941176470588,0.17647058823529413,0.1267605633802817,0.10576923076923077,0.13761467889908258,0.01680672268907563,0.05084745762711865,0.10043668122270742,0.10579726152054178,0.10043668122270742
f1-score,0.11363636363636363,0.11607142857142858,0.1,0.06622516556291391,0.12244897959183672,0.10344827586206895,0.11458333333333333,0.14563106796116504,0.02395209580838323,0.07228915662650602,0.10043668122270742,0.09782858669539993,0.09584772537146609
support,81.0,90.0,88.0,68.0,68.0,71.0,104.0,109.0,119.0,118.0,0.10043668122270742,916.0,916.0
