,1,2,3,4,5,6,7,8,9,10,accuracy,macro avg,weighted avg
precision,0.07865168539325842,0.10526315789473684,0.12903225806451613,0.16666666666666666,0.12903225806451613,0.12658227848101267,0.07042253521126761,0.08333333333333333,0.13157894736842105,0.12658227848101267,0.11228533685601057,0.11471453989587414,0.1159747286547278
recall,0.12280701754385964,0.1388888888888889,0.09523809523809523,0.12048192771084337,0.12903225806451613,0.125,0.0684931506849315,0.08045977011494253,0.12048192771084337,0.13157894736842105,0.11228533685601057,0.11324619833253417,0.11228533685601057
f1-score,0.09589041095890412,0.11976047904191615,0.1095890410958904,0.13986013986013984,0.12903225806451613,0.12578616352201258,0.06944444444444443,0.08187134502923976,0.12578616352201255,0.12903225806451615,0.11228533685601057,0.11260527036035921,0.11281932193540486
support,57.0,72.0,84.0,83.0,62.0,80.0,73.0,87.0,83.0,76.0,0.11228533685601057,757.0,757.0
