,1,2,3,4,5,6,7,8,9,10,accuracy,macro avg,weighted avg
precision,0.1044776119402985,0.14285714285714285,0.038834951456310676,0.11842105263157894,0.10526315789473684,0.1,0.1320754716981132,0.15625,0.1282051282051282,0.0,0.10303830911492734,0.10263845166833092,0.10268774414996569
recall,0.12280701754385964,0.1527777777777778,0.047619047619047616,0.10843373493975904,0.1935483870967742,0.1625,0.0958904109589041,0.11494252873563218,0.060240963855421686,0.0,0.10303830911492734,0.10587598685271764,0.10303830911492734
f1-score,0.11290322580645161,0.1476510067114094,0.0427807486631016,0.11320754716981131,0.13636363636363635,0.12380952380952381,0.1111111111111111,0.13245033112582782,0.0819672131147541,0.0,0.10303830911492734,0.10022443438756272,0.09888116462863165
support,57.0,72.0,84.0,83.0,62.0,80.0,73.0,87.0,83.0,76.0,0.10303830911492734,757.0,757.0
