,1,2,3,4,5,6,7,8,9,10,accuracy,macro avg,weighted avg
precision,0.11904761904761904,0.14634146341463414,0.10666666666666667,0.12643678160919541,0.13924050632911392,0.12,0.07692307692307693,0.056074766355140186,0.07042253521126761,0.05319148936170213,0.09548387096774194,0.10143449049184161,0.10708454925546398
recall,0.04504504504504504,0.061224489795918366,0.10810810810810811,0.14864864864864866,0.15714285714285714,0.08653846153846154,0.1095890410958904,0.08823529411764706,0.08196721311475409,0.11904761904761904,0.09548387096774194,0.10055467776549494,0.09548387096774194
f1-score,0.065359477124183,0.08633093525179857,0.10738255033557047,0.1366459627329193,0.1476510067114094,0.1005586592178771,0.0903954802259887,0.06857142857142857,0.07575757575757576,0.07352941176470588,0.09548387096774194,0.09521824876934568,0.09488811512989778
support,111.0,98.0,74.0,74.0,70.0,104.0,73.0,68.0,61.0,42.0,0.09548387096774194,775.0,775.0
