,1,2,3,4,5,6,7,8,9,10,accuracy,macro avg,weighted avg
precision,0.13114754098360656,0.09375,0.175,0.2,0.08108108108108109,0.16,0.10638297872340426,0.16216216216216217,0.17037037037037037,0.07894736842105263,0.130779392338177,0.13588415017416772,0.13919054578434606
recall,0.14035087719298245,0.08333333333333333,0.08333333333333333,0.12048192771084337,0.04838709677419355,0.1,0.136986301369863,0.13793103448275862,0.27710843373493976,0.15789473684210525,0.130779392338177,0.12858070747743527,0.130779392338177
f1-score,0.13559322033898302,0.08823529411764706,0.11290322580645161,0.15037593984962405,0.060606060606060594,0.12307692307692307,0.11976047904191617,0.14906832298136646,0.2110091743119266,0.10526315789473684,0.130779392338177,0.12558917980256354,0.1279732877835028
support,57.0,72.0,84.0,83.0,62.0,80.0,73.0,87.0,83.0,76.0,0.130779392338177,757.0,757.0
