,1,2,3,4,5,6,7,8,9,10,accuracy,macro avg,weighted avg
precision,0.0625,0.12857142857142856,0.10416666666666667,0.08928571428571429,0.10416666666666667,0.10606060606060606,0.09523809523809523,0.15217391304347827,0.11904761904761904,0.058823529411764705,0.10303830911492734,0.10200342389920394,0.10365467762807003
recall,0.05263157894736842,0.125,0.05952380952380952,0.060240963855421686,0.08064516129032258,0.0875,0.1095890410958904,0.16091954022988506,0.18072289156626506,0.09210526315789473,0.10303830911492734,0.10088782496668576,0.10303830911492734
f1-score,0.05714285714285714,0.1267605633802817,0.07575757575757576,0.07194244604316546,0.0909090909090909,0.0958904109589041,0.10191082802547771,0.15642458100558657,0.14354066985645933,0.07179487179487179,0.10303830911492734,0.09920738948742704,0.10098424592689628
support,57.0,72.0,84.0,83.0,62.0,80.0,73.0,87.0,83.0,76.0,0.10303830911492734,757.0,757.0
