,1,2,3,4,5,6,7,8,9,10,accuracy,macro avg,weighted avg
precision,0.1044776119402985,0.12643678160919541,0.050505050505050504,0.07476635514018691,0.1095890410958904,0.07954545454545454,0.07865168539325842,0.15748031496062992,0.14102564102564102,0.12871287128712872,0.10589519650655022,0.10511908075027346,0.10893628305541131
recall,0.08641975308641975,0.12222222222222222,0.056818181818181816,0.11764705882352941,0.11764705882352941,0.09859154929577464,0.0673076923076923,0.1834862385321101,0.09243697478991597,0.11016949152542373,0.10589519650655022,0.10527462212247993,0.10589519650655022
f1-score,0.09459459459459459,0.12429378531073446,0.053475935828877004,0.09142857142857143,0.11347517730496454,0.08805031446540881,0.07253886010362692,0.16949152542372883,0.1116751269035533,0.11872146118721462,0.10589519650655022,0.10377453525512745,0.10595698982267655
support,81.0,90.0,88.0,68.0,68.0,71.0,104.0,109.0,119.0,118.0,0.10589519650655022,916.0,916.0
