,1,2,3,4,5,6,7,8,9,10,accuracy,macro avg,weighted avg
precision,0.136986301369863,0.15942028985507245,0.12903225806451613,0.1282051282051282,0.12121212121212122,0.23333333333333334,0.12,0.07462686567164178,0.0847457627118644,0.0718232044198895,0.10709677419354839,0.125938526484343,0.13501476460651798
recall,0.09009009009009009,0.11224489795918367,0.05405405405405406,0.06756756756756757,0.05714285714285714,0.0673076923076923,0.1232876712328767,0.07352941176470588,0.2459016393442623,0.30952380952380953,0.10709677419354839,0.12006496909870992,0.10709677419354839
f1-score,0.10869565217391304,0.13173652694610777,0.0761904761904762,0.08849557522123894,0.07766990291262137,0.1044776119402985,0.12162162162162161,0.07407407407407407,0.12605042016806722,0.11659192825112107,0.10709677419354839,0.10256037894995396,0.10318204092177932
support,111.0,98.0,74.0,74.0,70.0,104.0,73.0,68.0,61.0,42.0,0.10709677419354839,775.0,775.0
