,1,2,3,4,5,6,7,8,9,10,accuracy,macro avg,weighted avg
precision,0.2,0.14084507042253522,0.10638297872340426,0.13114754098360656,0.125,0.23684210526315788,0.1375,0.08,0.038461538461538464,0.09655172413793103,0.12258064516129032,0.12927309579921734,0.14043932976392598
recall,0.10810810810810811,0.10204081632653061,0.06756756756756757,0.10810810810810811,0.1,0.17307692307692307,0.1506849315068493,0.08823529411764706,0.06557377049180328,0.3333333333333333,0.12258064516129032,0.12967288526368703,0.12258064516129032
f1-score,0.14035087719298245,0.11834319526627218,0.08264462809917356,0.11851851851851852,0.11111111111111112,0.19999999999999998,0.14379084967320263,0.08391608391608392,0.04848484848484849,0.1497326203208556,0.12258064516129032,0.11968927325830485,0.12398684216192503
support,111.0,98.0,74.0,74.0,70.0,104.0,73.0,68.0,61.0,42.0,0.12258064516129032,775.0,775.0
