,1,2,3,4,5,6,7,8,9,10,accuracy,macro avg,weighted avg
precision,0.15492957746478872,0.1625,0.04878048780487805,0.15789473684210525,0.05660377358490566,0.05263157894736842,0.1,0.13043478260869565,0.06870229007633588,0.07801418439716312,0.10064516129032258,0.10104914117262406,0.10514722418150538
recall,0.0990990990990991,0.1326530612244898,0.02702702702702703,0.08108108108108109,0.04285714285714286,0.019230769230769232,0.1232876712328767,0.17647058823529413,0.14754098360655737,0.2619047619047619,0.10064516129032258,0.11111521854990991,0.10064516129032258
f1-score,0.12087912087912088,0.14606741573033707,0.034782608695652174,0.10714285714285714,0.04878048780487805,0.028169014084507043,0.11042944785276074,0.15,0.09375000000000001,0.12021857923497267,0.10064516129032258,0.09602195314250858,0.0949782777592977
support,111.0,98.0,74.0,74.0,70.0,104.0,73.0,68.0,61.0,42.0,0.10064516129032258,775.0,775.0
