,1,2,3,4,5,6,7,8,9,10,accuracy,macro avg,weighted avg
precision,0.17857142857142858,0.17708333333333334,0.18518518518518517,0.10465116279069768,0.13793103448275862,0.08196721311475409,0.09523809523809523,0.0625,0.11392405063291139,0.043478260869565216,0.11483870967741935,0.11805297642187293,0.12487881621103018
recall,0.09009009009009009,0.17346938775510204,0.20270270270270271,0.12162162162162163,0.11428571428571428,0.04807692307692308,0.0821917808219178,0.07352941176470588,0.14754098360655737,0.11904761904761904,0.11483870967741935,0.11725562347729541,0.11483870967741935
f1-score,0.11976047904191617,0.1752577319587629,0.19354838709677422,0.1125,0.125,0.06060606060606061,0.08823529411764706,0.06756756756756756,0.1285714285714286,0.06369426751592357,0.11483870967741935,0.11347412164760806,0.11577170231937008
support,111.0,98.0,74.0,74.0,70.0,104.0,73.0,68.0,61.0,42.0,0.11483870967741935,775.0,775.0
