,1,2,3,4,5,6,7,8,9,10,accuracy,macro avg,weighted avg
precision,0.12380952380952381,0.09523809523809523,0.12121212121212122,0.125,0.15384615384615385,0.07407407407407407,0.10256410256410256,0.12121212121212122,0.0935672514619883,0.025,0.09548387096774194,0.10355234434181801,0.10613681030658959
recall,0.11711711711711711,0.08163265306122448,0.10810810810810811,0.05405405405405406,0.05714285714285714,0.019230769230769232,0.1095890410958904,0.11764705882352941,0.26229508196721313,0.07142857142857142,0.09548387096774194,0.09982453120293344,0.09548387096774194
f1-score,0.12037037037037038,0.0879120879120879,0.11428571428571428,0.07547169811320754,0.08333333333333333,0.03053435114503817,0.10596026490066225,0.11940298507462688,0.13793103448275862,0.03703703703703704,0.09548387096774194,0.09122388766548364,0.09142103364936781
support,111.0,98.0,74.0,74.0,70.0,104.0,73.0,68.0,61.0,42.0,0.09548387096774194,775.0,775.0
