,1,2,3,4,5,6,7,8,9,10,accuracy,macro avg,weighted avg
precision,0.17647058823529413,0.16279069767441862,0.10144927536231885,0.07352941176470588,0.08602150537634409,0.10752688172043011,0.06493506493506493,0.12307692307692308,0.1326530612244898,0.059322033898305086,0.10193548387096774,0.10877754432682947,0.11533845194424842
recall,0.08108108108108109,0.07142857142857142,0.0945945945945946,0.06756756756756757,0.11428571428571428,0.09615384615384616,0.0684931506849315,0.11764705882352941,0.21311475409836064,0.16666666666666666,0.10193548387096774,0.10910330053848634,0.10193548387096774
f1-score,0.11111111111111113,0.09929078014184396,0.0979020979020979,0.07042253521126761,0.09815950920245398,0.10152284263959391,0.06666666666666667,0.12030075187969926,0.16352201257861634,0.0875,0.10193548387096774,0.10163983073333507,0.10147916706850896
support,111.0,98.0,74.0,74.0,70.0,104.0,73.0,68.0,61.0,42.0,0.10193548387096774,775.0,775.0
