,1,2,3,4,5,6,7,8,9,10,accuracy,macro avg,weighted avg
precision,0.045454545454545456,0.125,0.2073170731707317,0.19444444444444445,0.03571428571428571,0.1188118811881188,0.12643678160919541,0.10869565217391304,0.08108108108108109,0.1388888888888889,0.11624834874504623,0.11818446337252045,0.12263587901897179
recall,0.05263157894736842,0.125,0.20238095238095238,0.1686746987951807,0.06451612903225806,0.15,0.1506849315068493,0.11494252873563218,0.03614457831325301,0.06578947368421052,0.11624834874504623,0.11307648713957046,0.11624834874504623
f1-score,0.04878048780487805,0.125,0.2048192771084337,0.1806451612903226,0.04597701149425287,0.1325966850828729,0.1375,0.11173184357541899,0.05,0.08928571428571429,0.11624834874504623,0.11263361806418933,0.11642146587203768
support,57.0,72.0,84.0,83.0,62.0,80.0,73.0,87.0,83.0,76.0,0.11624834874504623,757.0,757.0
