,1,2,3,4,5,6,7,8,9,10,accuracy,macro avg,weighted avg
precision,0.10526315789473684,0.10101010101010101,0.06976744186046512,0.1016949152542373,0.07547169811320754,0.15,0.10666666666666667,0.13846153846153847,0.1048951048951049,0.040983606557377046,0.09548387096774194,0.0994214230713435,0.10384051338810414
recall,0.07207207207207207,0.10204081632653061,0.04054054054054054,0.08108108108108109,0.05714285714285714,0.057692307692307696,0.1095890410958904,0.1323529411764706,0.2459016393442623,0.11904761904761904,0.09548387096774194,0.10174609155196315,0.09548387096774194
f1-score,0.0855614973262032,0.10152284263959391,0.05128205128205128,0.09022556390977443,0.06504065040650406,0.08333333333333334,0.1081081081081081,0.13533834586466165,0.14705882352941177,0.06097560975609756,0.09548387096774194,0.09284468261557392,0.09259884355734826
support,111.0,98.0,74.0,74.0,70.0,104.0,73.0,68.0,61.0,42.0,0.09548387096774194,775.0,775.0
