,1,2,3,4,5,6,7,8,9,10,accuracy,macro avg,weighted avg
precision,0.07042253521126761,0.07936507936507936,0.23809523809523808,0.1694915254237288,0.15384615384615385,0.12,0.07446808510638298,0.12222222222222222,0.11627906976744186,0.10833333333333334,0.11624834874504623,0.12525232423708482,0.1279902616117428
recall,0.08771929824561403,0.06944444444444445,0.11904761904761904,0.12048192771084337,0.0967741935483871,0.075,0.0958904109589041,0.12643678160919541,0.18072289156626506,0.17105263157894737,0.11624834874504623,0.11425701987102199,0.11624834874504623
f1-score,0.078125,0.07407407407407407,0.15873015873015875,0.1408450704225352,0.11881188118811879,0.0923076923076923,0.08383233532934131,0.12429378531073446,0.14150943396226415,0.1326530612244898,0.11624834874504623,0.11451824925494089,0.1166725495416391
support,57.0,72.0,84.0,83.0,62.0,80.0,73.0,87.0,83.0,76.0,0.11624834874504623,757.0,757.0
