,1,2,3,4,5,6,7,8,9,10,accuracy,macro avg,weighted avg
precision,0.12264150943396226,0.11842105263157894,0.1643835616438356,0.10185185185185185,0.056338028169014086,0.1262135922330097,0.07462686567164178,0.13186813186813187,0.10344827586206896,0.030303030303030304,0.1096433289299868,0.10300958996681253,0.10459494808488035
recall,0.22807017543859648,0.125,0.14285714285714285,0.13253012048192772,0.06451612903225806,0.1625,0.0684931506849315,0.13793103448275862,0.03614457831325301,0.013157894736842105,0.1096433289299868,0.11112002260277105,0.1096433289299868
f1-score,0.15950920245398773,0.12162162162162163,0.15286624203821655,0.11518324607329844,0.06015037593984962,0.14207650273224043,0.07142857142857142,0.1348314606741573,0.05357142857142857,0.01834862385321101,0.1096433289299868,0.10295872753865827,0.10321102424833281
support,57.0,72.0,84.0,83.0,62.0,80.0,73.0,87.0,83.0,76.0,0.1096433289299868,757.0,757.0
