,1,2,3,4,5,6,7,8,9,10,accuracy,macro avg,weighted avg
precision,0.1,0.10344827586206896,0.11363636363636363,0.1038961038961039,0.07547169811320754,0.11711711711711711,0.1276595744680851,0.12280701754385964,0.07142857142857142,0.23404255319148937,0.11228533685601057,0.11695072752568667,0.11768148826538838
recall,0.14035087719298245,0.16666666666666666,0.11904761904761904,0.0963855421686747,0.12903225806451613,0.1625,0.0821917808219178,0.08045977011494253,0.024096385542168676,0.14473684210526316,0.11228533685601057,0.1145467741724751,0.11228533685601057
f1-score,0.11678832116788322,0.1276595744680851,0.11627906976744186,0.1,0.09523809523809525,0.13612565445026178,0.1,0.09722222222222221,0.03603603603603604,0.17886178861788618,0.11228533685601057,0.11042107619679116,0.10971400270647703
support,57.0,72.0,84.0,83.0,62.0,80.0,73.0,87.0,83.0,76.0,0.11228533685601057,757.0,757.0
