,1,2,3,4,5,6,7,8,9,10,accuracy,macro avg,weighted avg
precision,0.09154929577464789,0.1111111111111111,0.11702127659574468,0.09523809523809523,0.056338028169014086,0.052083333333333336,0.07407407407407407,0.05714285714285714,0.125,0.18421052631578946,0.09716157205240175,0.0963768597754667,0.10072333580137598
recall,0.16049382716049382,0.17777777777777778,0.125,0.14705882352941177,0.058823529411764705,0.07042253521126761,0.038461538461538464,0.03669724770642202,0.06722689075630252,0.11864406779661017,0.09716157205240175,0.10006062378115888,0.09716157205240175
f1-score,0.1165919282511211,0.13675213675213677,0.12087912087912088,0.11560693641618498,0.05755395683453238,0.05988023952095809,0.05063291139240507,0.0446927374301676,0.08743169398907104,0.1443298969072165,0.09716157205240175,0.09343515583729144,0.09387343828043881
support,81.0,90.0,88.0,68.0,68.0,71.0,104.0,109.0,119.0,118.0,0.09716157205240175,916.0,916.0
