,1,2,3,4,5,6,7,8,9,10,accuracy,macro avg,weighted avg
precision,0.08108108108108109,0.07692307692307693,0.15602836879432624,0.07692307692307693,0.07407407407407407,0.045454545454545456,0.060240963855421686,0.2631578947368421,0.16129032258064516,0.10526315789473684,0.1168122270742358,0.11004365623178265,0.11711800406722658
recall,0.07407407407407407,0.06666666666666667,0.25,0.10294117647058823,0.08823529411764706,0.04225352112676056,0.04807692307692308,0.22935779816513763,0.12605042016806722,0.1016949152542373,0.1168122270742358,0.11293507891201018,0.1168122270742358
f1-score,0.07741935483870968,0.07142857142857144,0.19213973799126638,0.0880503144654088,0.08053691275167785,0.0437956204379562,0.05347593582887701,0.24509803921568626,0.14150943396226415,0.10344827586206898,0.1168122270742358,0.10969021967824868,0.11518008669163946
support,81.0,90.0,88.0,68.0,68.0,71.0,104.0,109.0,119.0,118.0,0.1168122270742358,916.0,916.0
