,1,2,3,4,5,6,7,8,9,10,accuracy,macro avg,weighted avg
precision,0.10843373493975904,0.11363636363636363,0.078125,0.08955223880597014,0.15555555555555556,0.09090909090909091,0.08602150537634409,0.09722222222222222,0.14285714285714285,0.09090909090909091,0.10451612903225807,0.10532219452115392,0.10496413776232874
recall,0.08108108108108109,0.10204081632653061,0.06756756756756757,0.08108108108108109,0.1,0.038461538461538464,0.1095890410958904,0.10294117647058823,0.22950819672131148,0.2619047619047619,0.10451612903225807,0.11741752607103509,0.10451612903225807
f1-score,0.09278350515463918,0.1075268817204301,0.07246376811594203,0.08510638297872342,0.12173913043478263,0.05405405405405406,0.0963855421686747,0.09999999999999999,0.17610062893081763,0.13496932515337426,0.10451612903225807,0.10411292187114381,0.09920922582369496
support,111.0,98.0,74.0,74.0,70.0,104.0,73.0,68.0,61.0,42.0,0.10451612903225807,775.0,775.0
