,1,2,3,4,5,6,7,8,9,10,accuracy,macro avg,weighted avg
precision,0.11475409836065574,0.14925373134328357,0.07368421052631578,0.05454545454545454,0.0594059405940594,0.12658227848101267,0.13829787234042554,0.07317073170731707,0.05194805194805195,0.0625,0.09032258064516129,0.09041423698465763,0.09682803124435464
recall,0.06306306306306306,0.10204081632653061,0.0945945945945946,0.04054054054054054,0.08571428571428572,0.09615384615384616,0.1780821917808219,0.08823529411764706,0.06557377049180328,0.09523809523809523,0.09032258064516129,0.09092364980212282,0.09032258064516129
f1-score,0.08139534883720931,0.12121212121212122,0.08284023668639054,0.04651162790697675,0.07017543859649122,0.10928961748633882,0.15568862275449102,0.08,0.057971014492753624,0.07547169811320754,0.09032258064516129,0.088055572608598,0.0906779653752922
support,111.0,98.0,74.0,74.0,70.0,104.0,73.0,68.0,61.0,42.0,0.09032258064516129,775.0,775.0
