,1,2,3,4,5,6,7,8,9,10,accuracy,macro avg,weighted avg
precision,0.08333333333333333,0.04054054054054054,0.16363636363636364,0.0851063829787234,0.058823529411764705,0.09803921568627451,0.09433962264150944,0.1375,0.15,0.12396694214876033,0.10700132100396301,0.10352859303772699,0.10659072574131422
recall,0.10526315789473684,0.041666666666666664,0.10714285714285714,0.04819277108433735,0.04838709677419355,0.0625,0.136986301369863,0.12643678160919541,0.18072289156626506,0.19736842105263158,0.10700132100396301,0.10546669451607467,0.10700132100396301
f1-score,0.0930232558139535,0.04109589041095891,0.12949640287769784,0.061538461538461535,0.05309734513274336,0.07633587786259542,0.111731843575419,0.1317365269461078,0.1639344262295082,0.15228426395939088,0.10700132100396301,0.10142742943468364,0.10362376397743844
support,57.0,72.0,84.0,83.0,62.0,80.0,73.0,87.0,83.0,76.0,0.10700132100396301,757.0,757.0
