,1,2,3,4,5,6,7,8,9,10,accuracy,macro avg,weighted avg
precision,0.057971014492753624,0.11764705882352941,0.1891891891891892,0.21621621621621623,0.1,0.12698412698412698,0.09433962264150944,0.16666666666666666,0.08333333333333333,0.1,0.11624834874504623,0.1252347228347325,0.1292932142370488
recall,0.07017543859649122,0.1388888888888889,0.08333333333333333,0.0963855421686747,0.08064516129032258,0.1,0.136986301369863,0.19540229885057472,0.10843373493975904,0.13157894736842105,0.11624834874504623,0.11418296468063285,0.11624834874504623
f1-score,0.06349206349206349,0.12738853503184716,0.11570247933884296,0.13333333333333336,0.08928571428571427,0.11188811188811189,0.111731843575419,0.17989417989417988,0.09424083769633508,0.11363636363636363,0.11624834874504623,0.11405934621722107,0.11668300093288245
support,57.0,72.0,84.0,83.0,62.0,80.0,73.0,87.0,83.0,76.0,0.11624834874504623,757.0,757.0
