,1,2,3,4,5,6,7,8,9,10,accuracy,macro avg,weighted avg
precision,0.050505050505050504,0.05319148936170213,0.0945945945945946,0.1643835616438356,0.0967741935483871,0.0989010989010989,0.08,0.0847457627118644,0.14035087719298245,0.04477611940298507,0.08850726552179657,0.09082227478625007,0.09309832737764763
recall,0.08771929824561403,0.06944444444444445,0.08333333333333333,0.14457831325301204,0.14516129032258066,0.1125,0.0547945205479452,0.05747126436781609,0.0963855421686747,0.039473684210526314,0.08850726552179657,0.08908616908939468,0.08850726552179657
f1-score,0.0641025641025641,0.06024096385542169,0.08860759493670885,0.15384615384615383,0.11612903225806452,0.10526315789473685,0.06504065040650406,0.06849315068493152,0.11428571428571428,0.04195804195804195,0.08850726552179657,0.08779670242288418,0.08877927871957607
support,57.0,72.0,84.0,83.0,62.0,80.0,73.0,87.0,83.0,76.0,0.08850726552179657,757.0,757.0
