,1,2,3,4,5,6,7,8,9,10,accuracy,macro avg,weighted avg
precision,0.11949685534591195,0.10191082802547771,0.14772727272727273,0.08433734939759036,0.10576923076923077,0.09345794392523364,0.21428571428571427,0.12359550561797752,0.06451612903225806,0.14285714285714285,0.11790393013100436,0.11979539719838098,0.12194996494039595
recall,0.2345679012345679,0.17777777777777778,0.14772727272727273,0.10294117647058823,0.16176470588235295,0.14084507042253522,0.14423076923076922,0.10091743119266056,0.01680672268907563,0.03389830508474576,0.11790393013100436,0.12614771327123458,0.11790393013100436
f1-score,0.15833333333333333,0.12955465587044535,0.14772727272727273,0.09271523178807947,0.12790697674418605,0.11235955056179776,0.17241379310344826,0.1111111111111111,0.026666666666666665,0.0547945205479452,0.11790393013100436,0.11335831124542858,0.10932968302432573
support,81.0,90.0,88.0,68.0,68.0,71.0,104.0,109.0,119.0,118.0,0.11790393013100436,916.0,916.0
