,1,2,3,4,5,6,7,8,9,10,accuracy,macro avg,weighted avg
precision,0.11450381679389313,0.12931034482758622,0.1590909090909091,0.03571428571428571,0.08208955223880597,0.10638297872340426,0.14634146341463414,0.15853658536585366,0.16666666666666666,0.05555555555555555,0.11135371179039301,0.11541921583915944,0.11939463051730231
recall,0.18518518518518517,0.16666666666666666,0.1590909090909091,0.058823529411764705,0.16176470588235295,0.2112676056338028,0.11538461538461539,0.11926605504587157,0.01680672268907563,0.00847457627118644,0.11135371179039301,0.12027305712614304,0.11135371179039301
f1-score,0.14150943396226415,0.14563106796116507,0.1590909090909091,0.044444444444444446,0.10891089108910892,0.14150943396226415,0.12903225806451613,0.1361256544502618,0.030534351145038167,0.014705882352941175,0.11135371179039301,0.1051494326522913,0.10116847813618499
support,81.0,90.0,88.0,68.0,68.0,71.0,104.0,109.0,119.0,118.0,0.11135371179039301,916.0,916.0
