,1,2,3,4,5,6,7,8,9,10,accuracy,macro avg,weighted avg
precision,0.0375,0.0684931506849315,0.1386861313868613,0.10679611650485436,0.09523809523809523,0.06666666666666667,0.08791208791208792,0.16279069767441862,0.13580246913580246,0.10101010101010101,0.10698689956331878,0.10008955162138192,0.10354219627867109
recall,0.037037037037037035,0.05555555555555555,0.2159090909090909,0.16176470588235295,0.08823529411764706,0.056338028169014086,0.07692307692307693,0.1926605504587156,0.09243697478991597,0.0847457627118644,0.10698689956331878,0.10616060765542704,0.10698689956331878
f1-score,0.03726708074534161,0.06134969325153374,0.1688888888888889,0.12865497076023394,0.09160305343511449,0.06106870229007634,0.08205128205128205,0.17647058823529413,0.11,0.09216589861751152,0.10698689956331878,0.10095201582752766,0.10311130474995502
support,81.0,90.0,88.0,68.0,68.0,71.0,104.0,109.0,119.0,118.0,0.10698689956331878,916.0,916.0
