,1,2,3,4,5,6,7,8,9,10,accuracy,macro avg,weighted avg
precision,0.13580246913580246,0.07741935483870968,0.0975609756097561,0.0989010989010989,0.08571428571428572,0.036585365853658534,0.08823529411764706,0.13333333333333333,0.1794871794871795,0.0967741935483871,0.10152838427947598,0.10298135505398583,0.10719721401512117
recall,0.2716049382716049,0.13333333333333333,0.09090909090909091,0.1323529411764706,0.08823529411764706,0.04225352112676056,0.057692307692307696,0.12844036697247707,0.058823529411764705,0.05084745762711865,0.10152838427947598,0.10544927806385755,0.10152838427947598
f1-score,0.1810699588477366,0.09795918367346938,0.09411764705882353,0.11320754716981132,0.08695652173913045,0.039215686274509796,0.06976744186046513,0.13084112149532712,0.08860759493670887,0.06666666666666668,0.10152838427947598,0.0968409369722649,0.0961673397493097
support,81.0,90.0,88.0,68.0,68.0,71.0,104.0,109.0,119.0,118.0,0.10152838427947598,916.0,916.0
