,1,2,3,4,5,6,7,8,9,10,accuracy,macro avg,weighted avg
precision,0.25,0.0,0.06666666666666667,0.0,0.0,0.0,0.6,0.0,0.0,0.3333333333333333,0.18,0.125,0.125
recall,0.6,0.0,0.2,0.0,0.0,0.0,0.6,0.0,0.0,0.4,0.18,0.18,0.18
f1-score,0.35294117647058826,0.0,0.1,0.0,0.0,0.0,0.6,0.0,0.0,0.3636363636363636,0.18,0.1416577540106952,0.14165775401069516
support,5.0,5.0,5.0,5.0,5.0,5.0,5.0,5.0,5.0,5.0,0.18,50.0,50.0
