,1,2,3,4,5,6,7,8,9,10,accuracy,macro avg,weighted avg
precision,0.125,0.0,0.0,0.0,0.0,0.0,0.3333333333333333,0.0,0.0,0.0,0.1,0.04583333333333333,0.04583333333333333
recall,0.6,0.0,0.0,0.0,0.0,0.0,0.4,0.0,0.0,0.0,0.1,0.1,0.1
f1-score,0.20689655172413793,0.0,0.0,0.0,0.0,0.0,0.3636363636363636,0.0,0.0,0.0,0.1,0.057053291536050155,0.057053291536050155
support,5.0,5.0,5.0,5.0,5.0,5.0,5.0,5.0,5.0,5.0,0.1,50.0,50.0
