,1,2,3,4,5,6,7,8,9,10,accuracy,macro avg,weighted avg
precision,0.0,0.25,0.045454545454545456,0.0,0.0,0.0,0.0,0.6666666666666666,0.0,0.0,0.08,0.09621212121212122,0.09621212121212121
recall,0.0,0.2,0.2,0.0,0.0,0.0,0.0,0.4,0.0,0.0,0.08,0.08,0.08
f1-score,0.0,0.22222222222222224,0.07407407407407407,0.0,0.0,0.0,0.0,0.5,0.0,0.0,0.08,0.07962962962962963,0.07962962962962963
support,5.0,5.0,5.0,5.0,5.0,5.0,5.0,5.0,5.0,5.0,0.08,50.0,50.0
