,1,2,3,4,5,6,7,8,9,10,accuracy,macro avg,weighted avg
precision,0.0,0.0,0.0,0.18181818181818182,0.14285714285714285,0.5,0.3333333333333333,0.0,0.0,0.2857142857142857,0.18,0.14437229437229435,0.14437229437229437
recall,0.0,0.0,0.0,0.4,0.2,0.2,0.6,0.0,0.0,0.4,0.18,0.18,0.18
f1-score,0.0,0.0,0.0,0.25000000000000006,0.16666666666666666,0.28571428571428575,0.42857142857142855,0.0,0.0,0.3333333333333333,0.18,0.1464285714285714,0.14642857142857144
support,5.0,5.0,5.0,5.0,5.0,5.0,5.0,5.0,5.0,5.0,0.18,50.0,50.0
