,1,2,3,4,5,6,7,8,9,10,accuracy,macro avg,weighted avg
precision,0.0,0.0,0.09523809523809523,0.0,0.0,1.0,0.0,1.0,0.0,0.25,0.1,0.23452380952380952,0.23452380952380952
recall,0.0,0.0,0.4,0.0,0.0,0.2,0.0,0.2,0.0,0.2,0.1,0.1,0.1
f1-score,0.0,0.0,0.15384615384615385,0.0,0.0,0.33333333333333337,0.0,0.33333333333333337,0.0,0.22222222222222224,0.1,0.10427350427350428,0.10427350427350429
support,5.0,5.0,5.0,5.0,5.0,5.0,5.0,5.0,5.0,5.0,0.1,50.0,50.0
