,1,2,3,4,5,6,7,8,9,10,accuracy,macro avg,weighted avg
precision,0.0,0.0,0.0,0.0,0.0,0.5,0.14285714285714285,0.0,0.3333333333333333,0.5,0.14,0.1476190476190476,0.14761904761904762
recall,0.0,0.0,0.0,0.0,0.0,0.2,0.6,0.0,0.2,0.4,0.14,0.13999999999999999,0.14
f1-score,0.0,0.0,0.0,0.0,0.0,0.28571428571428575,0.23076923076923073,0.0,0.25,0.4444444444444445,0.14,0.12109279609279608,0.1210927960927961
support,5.0,5.0,5.0,5.0,5.0,5.0,5.0,5.0,5.0,5.0,0.14,50.0,50.0
