,1,2,3,4,5,6,7,8,9,10,accuracy,macro avg,weighted avg
precision,0.0,0.0,0.0,0.0,1.0,0.2,0.0,0.0,0.0,0.0,0.04,0.12,0.12
recall,0.0,0.0,0.0,0.0,0.2,0.2,0.0,0.0,0.0,0.0,0.04,0.04,0.04
f1-score,0.0,0.0,0.0,0.0,0.33333333333333337,0.20000000000000004,0.0,0.0,0.0,0.0,0.04,0.053333333333333344,0.05333333333333334
support,5.0,5.0,5.0,5.0,5.0,5.0,5.0,5.0,5.0,5.0,0.04,50.0,50.0
