,1,2,3,4,5,6,7,8,9,10,accuracy,macro avg,weighted avg
precision,0.0,0.0,0.0,0.11764705882352941,0.0,1.0,0.0,0.0,0.0,0.0,0.1,0.11176470588235295,0.11176470588235293
recall,0.0,0.0,0.0,0.8,0.0,0.2,0.0,0.0,0.0,0.0,0.1,0.1,0.1
f1-score,0.0,0.0,0.0,0.20512820512820512,0.0,0.33333333333333337,0.0,0.0,0.0,0.0,0.1,0.053846153846153856,0.05384615384615385
support,5.0,5.0,5.0,5.0,5.0,5.0,5.0,5.0,5.0,5.0,0.1,50.0,50.0
