,1,2,3,4,5,6,7,8,9,10,accuracy,macro avg,weighted avg
precision,0.0,0.0,0.0625,0.0,0.07407407407407407,0.0,0.0,0.0,0.0,0.0,0.06,0.013657407407407406,0.013657407407407406
recall,0.0,0.0,0.2,0.0,0.4,0.0,0.0,0.0,0.0,0.0,0.06,0.06000000000000001,0.06
f1-score,0.0,0.0,0.09523809523809523,0.0,0.125,0.0,0.0,0.0,0.0,0.0,0.06,0.022023809523809522,0.022023809523809525
support,5.0,5.0,5.0,5.0,5.0,5.0,5.0,5.0,5.0,5.0,0.06,50.0,50.0
