,1,2,3,4,5,6,7,8,9,10,accuracy,macro avg,weighted avg
precision,0.045454545454545456,0.0,0.0,0.0,0.0,0.0,0.0,0.125,0.0,0.0,0.06,0.017045454545454548,0.017045454545454544
recall,0.2,0.0,0.0,0.0,0.0,0.0,0.0,0.4,0.0,0.0,0.06,0.06000000000000001,0.06
f1-score,0.07407407407407407,0.0,0.0,0.0,0.0,0.0,0.0,0.19047619047619047,0.0,0.0,0.06,0.026455026455026454,0.026455026455026457
support,5.0,5.0,5.0,5.0,5.0,5.0,5.0,5.0,5.0,5.0,0.06,50.0,50.0
