,1,2,3,4,5,6,7,8,9,10,accuracy,macro avg,weighted avg
precision,0.0,0.0,0.0,0.0,0.0,0.0,0.16666666666666666,0.14285714285714285,0.16666666666666666,1.0,0.12,0.14761904761904762,0.14761904761904762
recall,0.0,0.0,0.0,0.0,0.0,0.0,0.6,0.2,0.2,0.2,0.12,0.12,0.12
f1-score,0.0,0.0,0.0,0.0,0.0,0.0,0.2608695652173913,0.16666666666666666,0.1818181818181818,0.33333333333333337,0.12,0.09426877470355731,0.09426877470355732
support,5.0,5.0,5.0,5.0,5.0,5.0,5.0,5.0,5.0,5.0,0.12,50.0,50.0
