,1,2,3,4,5,6,7,8,9,10,accuracy,macro avg,weighted avg
precision,0.0,0.1111111111111111,0.0,0.1111111111111111,0.0,0.2,0.0,0.0,0.0,0.25,0.12,0.06722222222222222,0.06722222222222222
recall,0.0,0.4,0.0,0.2,0.0,0.4,0.0,0.0,0.0,0.2,0.12,0.12,0.12
f1-score,0.0,0.1739130434782609,0.0,0.14285714285714285,0.0,0.26666666666666666,0.0,0.0,0.0,0.22222222222222224,0.12,0.08056590752242926,0.08056590752242926
support,5.0,5.0,5.0,5.0,5.0,5.0,5.0,5.0,5.0,5.0,0.12,50.0,50.0
