,1,2,3,4,5,6,7,8,9,10,accuracy,macro avg,weighted avg
precision,0.0,0.0,0.04,0.0,0.0,0.0,0.0,1.0,0.5,0.10526315789473684,0.1,0.1645263157894737,0.1645263157894737
recall,0.0,0.0,0.2,0.0,0.0,0.0,0.0,0.2,0.2,0.4,0.1,0.1,0.1
f1-score,0.0,0.0,0.06666666666666667,0.0,0.0,0.0,0.0,0.33333333333333337,0.28571428571428575,0.16666666666666666,0.1,0.08523809523809524,0.08523809523809525
support,5.0,5.0,5.0,5.0,5.0,5.0,5.0,5.0,5.0,5.0,0.1,50.0,50.0
