,1,2,3,4,5,6,7,8,9,10,accuracy,macro avg,weighted avg
precision,0.0,0.0,0.05555555555555555,0.0,0.06451612903225806,0.0,0.0,0.0,0.0,0.0,0.06,0.012007168458781362,0.012007168458781364
recall,0.0,0.0,0.2,0.0,0.4,0.0,0.0,0.0,0.0,0.0,0.06,0.06000000000000001,0.06
f1-score,0.0,0.0,0.08695652173913045,0.0,0.1111111111111111,0.0,0.0,0.0,0.0,0.0,0.06,0.019806763285024155,0.019806763285024155
support,5.0,5.0,5.0,5.0,5.0,5.0,5.0,5.0,5.0,5.0,0.06,50.0,50.0
