,1,2,3,4,5,6,7,8,9,10,accuracy,macro avg,weighted avg
precision,0.0,0.0,0.0,0.0,0.0,0.5,0.15789473684210525,0.2,0.16666666666666666,1.0,0.14,0.2024561403508772,0.2024561403508772
recall,0.0,0.0,0.0,0.0,0.0,0.2,0.6,0.2,0.2,0.2,0.14,0.13999999999999999,0.14
f1-score,0.0,0.0,0.0,0.0,0.0,0.28571428571428575,0.25,0.20000000000000004,0.1818181818181818,0.33333333333333337,0.14,0.12508658008658008,0.1250865800865801
support,5.0,5.0,5.0,5.0,5.0,5.0,5.0,5.0,5.0,5.0,0.14,50.0,50.0
