,1,2,3,4,5,6,7,8,9,10,accuracy,macro avg,weighted avg
precision,0.043478260869565216,0.0,0.0,0.0,0.0,0.0,0.0,0.1111111111111111,0.0,0.0,0.04,0.015458937198067632,0.015458937198067632
recall,0.2,0.0,0.0,0.0,0.0,0.0,0.0,0.2,0.0,0.0,0.04,0.04,0.04
f1-score,0.07142857142857142,0.0,0.0,0.0,0.0,0.0,0.0,0.14285714285714285,0.0,0.0,0.04,0.02142857142857143,0.021428571428571422
support,5.0,5.0,5.0,5.0,5.0,5.0,5.0,5.0,5.0,5.0,0.04,50.0,50.0
