,1,2,3,4,5,6,7,8,9,10,accuracy,macro avg,weighted avg
precision,0.0,0.0,0.0,0.16,0.0,0.25,0.0,0.0,0.0,0.16666666666666666,0.14,0.057666666666666665,0.05766666666666666
recall,0.0,0.0,0.0,0.8,0.0,0.4,0.0,0.0,0.0,0.2,0.14,0.14,0.14
f1-score,0.0,0.0,0.0,0.26666666666666666,0.0,0.3076923076923077,0.0,0.0,0.0,0.1818181818181818,0.14,0.0756177156177156,0.07561771561771562
support,5.0,5.0,5.0,5.0,5.0,5.0,5.0,5.0,5.0,5.0,0.14,50.0,50.0
