,1,2,3,4,5,6,7,8,9,10,accuracy,macro avg,weighted avg
precision,0.0,0.0,0.0625,0.0,0.058823529411764705,0.0,0.0,0.0,1.0,0.0,0.06,0.11213235294117647,0.11213235294117646
recall,0.0,0.0,0.2,0.0,0.2,0.0,0.0,0.0,0.2,0.0,0.06,0.06000000000000001,0.06
f1-score,0.0,0.0,0.09523809523809523,0.0,0.0909090909090909,0.0,0.0,0.0,0.33333333333333337,0.0,0.06,0.051948051948051945,0.051948051948051945
support,5.0,5.0,5.0,5.0,5.0,5.0,5.0,5.0,5.0,5.0,0.06,50.0,50.0
