,1,2,3,4,5,6,7,8,9,10,accuracy,macro avg,weighted avg
precision,0.0,0.0,0.11764705882352941,0.0,0.06896551724137931,0.0,0.0,0.0,0.0,0.0,0.08,0.018661257606490872,0.018661257606490872
recall,0.0,0.0,0.4,0.0,0.4,0.0,0.0,0.0,0.0,0.0,0.08,0.08,0.08
f1-score,0.0,0.0,0.1818181818181818,0.0,0.1176470588235294,0.0,0.0,0.0,0.0,0.0,0.08,0.029946524064171122,0.02994652406417112
support,5.0,5.0,5.0,5.0,5.0,5.0,5.0,5.0,5.0,5.0,0.08,50.0,50.0
