,1,2,3,4,5,6,7,8,9,10,accuracy,macro avg,weighted avg
precision,0.0,0.0,0.047619047619047616,0.0,0.0,0.5,0.0,0.125,0.5,0.0,0.08,0.11726190476190476,0.11726190476190476
recall,0.0,0.0,0.2,0.0,0.0,0.2,0.0,0.2,0.2,0.0,0.08,0.08,0.08
f1-score,0.0,0.0,0.07692307692307693,0.0,0.0,0.28571428571428575,0.0,0.15384615384615385,0.28571428571428575,0.0,0.08,0.08021978021978023,0.08021978021978021
support,5.0,5.0,5.0,5.0,5.0,5.0,5.0,5.0,5.0,5.0,0.08,50.0,50.0
