,1,2,3,4,5,6,7,8,9,10,accuracy,macro avg,weighted avg
precision,0.0,0.0,0.05555555555555555,0.0,0.07407407407407407,0.0,0.0,0.0,0.0,0.0,0.06,0.012962962962962963,0.012962962962962963
recall,0.0,0.0,0.2,0.0,0.4,0.0,0.0,0.0,0.0,0.0,0.06,0.06000000000000001,0.06
f1-score,0.0,0.0,0.08695652173913045,0.0,0.125,0.0,0.0,0.0,0.0,0.0,0.06,0.021195652173913043,0.021195652173913046
support,5.0,5.0,5.0,5.0,5.0,5.0,5.0,5.0,5.0,5.0,0.06,50.0,50.0
