,1,2,3,4,5,6,7,8,9,10,accuracy,macro avg,weighted avg
precision,0.0,0.0,0.14285714285714285,0.0,0.0,0.25,0.0,0.09090909090909091,0.0,0.0,0.08,0.04837662337662338,0.04837662337662337
recall,0.0,0.0,0.2,0.0,0.0,0.4,0.0,0.2,0.0,0.0,0.08,0.08,0.08
f1-score,0.0,0.0,0.16666666666666666,0.0,0.0,0.3076923076923077,0.0,0.12500000000000003,0.0,0.0,0.08,0.05993589743589743,0.059935897435897445
support,5.0,5.0,5.0,5.0,5.0,5.0,5.0,5.0,5.0,5.0,0.08,50.0,50.0
