,1,2,3,4,5,6,7,8,9,10,accuracy,macro avg,weighted avg
precision,0.043478260869565216,0.0,0.0,0.0,0.0,0.5,0.0,0.06666666666666667,0.0,0.0,0.06,0.06101449275362318,0.061014492753623195
recall,0.2,0.0,0.0,0.0,0.0,0.2,0.0,0.2,0.0,0.0,0.06,0.06000000000000001,0.06
f1-score,0.07142857142857142,0.0,0.0,0.0,0.0,0.28571428571428575,0.0,0.1,0.0,0.0,0.06,0.04571428571428572,0.04571428571428572
support,5.0,5.0,5.0,5.0,5.0,5.0,5.0,5.0,5.0,5.0,0.06,50.0,50.0
