,1,2,3,4,5,6,7,8,9,10,accuracy,macro avg,weighted avg
precision,0.0,0.0,0.0,0.14285714285714285,0.0,0.25,0.0,0.0,0.0,0.25,0.14,0.06428571428571428,0.0642857142857143
recall,0.0,0.0,0.0,0.8,0.0,0.4,0.0,0.0,0.0,0.2,0.14,0.14,0.14
f1-score,0.0,0.0,0.0,0.24242424242424243,0.0,0.3076923076923077,0.0,0.0,0.0,0.22222222222222224,0.14,0.07723387723387723,0.07723387723387724
support,5.0,5.0,5.0,5.0,5.0,5.0,5.0,5.0,5.0,5.0,0.14,50.0,50.0
