,1,2,3,4,5,6,7,8,9,10,accuracy,macro avg,weighted avg
precision,0.05263157894736842,0.0,0.0,0.0,0.0,0.0,0.0,0.25,0.0,0.10526315789473684,0.08,0.04078947368421053,0.04078947368421052
recall,0.2,0.0,0.0,0.0,0.0,0.0,0.0,0.2,0.0,0.4,0.08,0.08,0.08
f1-score,0.08333333333333333,0.0,0.0,0.0,0.0,0.0,0.0,0.22222222222222224,0.0,0.16666666666666666,0.08,0.04722222222222222,0.047222222222222214
support,5.0,5.0,5.0,5.0,5.0,5.0,5.0,5.0,5.0,5.0,0.08,50.0,50.0
