,1,2,3,4,5,6,7,8,9,10,accuracy,macro avg,weighted avg
precision,0.05,0.0,0.0,0.0,0.0,0.0,0.0,0.0,0.0,0.10526315789473684,0.06,0.015526315789473683,0.015526315789473683
recall,0.2,0.0,0.0,0.0,0.0,0.0,0.0,0.0,0.0,0.4,0.06,0.06000000000000001,0.06
f1-score,0.08000000000000002,0.0,0.0,0.0,0.0,0.0,0.0,0.0,0.0,0.16666666666666666,0.06,0.024666666666666667,0.024666666666666667
support,5.0,5.0,5.0,5.0,5.0,5.0,5.0,5.0,5.0,5.0,0.06,50.0,50.0
