,1,2,3,4,5,6,7,8,9,10,accuracy,macro avg,weighted avg
precision,0.16666666666666666,0.0,0.0,0.11764705882352941,0.0,1.0,0.0,0.0,0.0,0.16666666666666666,0.14,0.14509803921568626,0.1450980392156863
recall,0.2,0.0,0.0,0.8,0.0,0.2,0.0,0.0,0.0,0.2,0.14,0.13999999999999999,0.14
f1-score,0.1818181818181818,0.0,0.0,0.20512820512820512,0.0,0.33333333333333337,0.0,0.0,0.0,0.1818181818181818,0.14,0.09020979020979021,0.09020979020979021
support,5.0,5.0,5.0,5.0,5.0,5.0,5.0,5.0,5.0,5.0,0.14,50.0,50.0
