,1,2,3,4,5,6,7,8,9,10,accuracy,macro avg,weighted avg
precision,0.0,0.0,0.16666666666666666,0.0,0.0,0.25,0.0,0.0,0.0,0.0,0.06,0.041666666666666664,0.04166666666666666
recall,0.0,0.0,0.2,0.0,0.0,0.4,0.0,0.0,0.0,0.0,0.06,0.06000000000000001,0.06
f1-score,0.0,0.0,0.1818181818181818,0.0,0.0,0.3076923076923077,0.0,0.0,0.0,0.0,0.06,0.048951048951048945,0.04895104895104895
support,5.0,5.0,5.0,5.0,5.0,5.0,5.0,5.0,5.0,5.0,0.06,50.0,50.0
