,1,2,3,4,5,6,7,8,9,10,accuracy,macro avg,weighted avg
precision,0.0,0.0,0.0,0.0,0.0625,0.0,0.0,0.0,0.0,0.0,0.04,0.00625,0.00625
recall,0.0,0.0,0.0,0.0,0.4,0.0,0.0,0.0,0.0,0.0,0.04,0.04,0.04
f1-score,0.0,0.0,0.0,0.0,0.10810810810810811,0.0,0.0,0.0,0.0,0.0,0.04,0.010810810810810811,0.010810810810810811
support,5.0,5.0,5.0,5.0,5.0,5.0,5.0,5.0,5.0,5.0,0.04,50.0,50.0
