,1,2,3,4,5,6,7,8,9,10,accuracy,macro avg,weighted avg
precision,0.0,0.0,0.0,0.0,0.0,0.5,0.15789473684210525,0.0,0.16666666666666666,0.3333333333333333,0.12,0.11578947368421053,0.11578947368421051
recall,0.0,0.0,0.0,0.0,0.0,0.2,0.6,0.0,0.2,0.2,0.12,0.12,0.12
f1-score,0.0,0.0,0.0,0.0,0.0,0.28571428571428575,0.25,0.0,0.1818181818181818,0.25,0.12,0.09675324675324676,0.09675324675324676
support,5.0,5.0,5.0,5.0,5.0,5.0,5.0,5.0,5.0,5.0,0.12,50.0,50.0
