,1,2,3,4,5,6,7,8,9,10,accuracy,macro avg,weighted avg
precision,0.0,0.0,0.0,0.1875,0.0,0.0,0.0,0.16666666666666666,0.0,1.0,0.10204081632653061,0.13541666666666666,0.13818027210884354
recall,0.0,0.0,0.0,0.6,0.0,0.0,0.0,0.2,0.0,0.2,0.10204081632653061,0.1,0.10204081632653061
f1-score,0.0,0.0,0.0,0.2857142857142857,0.0,0.0,0.0,0.1818181818181818,0.0,0.33333333333333337,0.10204081632653061,0.08008658008658008,0.08172100008834703
support,5.0,5.0,5.0,5.0,5.0,4.0,5.0,5.0,5.0,5.0,0.10204081632653061,49.0,49.0
