,1,2,3,4,5,6,7,8,9,10,accuracy,macro avg,weighted avg
precision,0.0,0.0,0.21052631578947367,0.17647058823529413,0.0,0.0,0.0,0.16666666666666666,0.0,0.0,0.16,0.055366357069143446,0.055366357069143446
recall,0.0,0.0,0.8,0.6,0.0,0.0,0.0,0.2,0.0,0.0,0.16,0.15999999999999998,0.16
f1-score,0.0,0.0,0.3333333333333333,0.2727272727272727,0.0,0.0,0.0,0.1818181818181818,0.0,0.0,0.16,0.07878787878787877,0.0787878787878788
support,5.0,5.0,5.0,5.0,5.0,5.0,5.0,5.0,5.0,5.0,0.16,50.0,50.0
