,1,2,3,4,5,6,7,8,9,10,accuracy,macro avg,weighted avg
precision,0.0,0.0,0.05555555555555555,0.038461538461538464,0.0,0.0,0.0,0.0,0.0,1.0,0.06,0.10940170940170942,0.1094017094017094
recall,0.0,0.0,0.2,0.2,0.0,0.0,0.0,0.0,0.0,0.2,0.06,0.06000000000000001,0.06
f1-score,0.0,0.0,0.08695652173913045,0.06451612903225806,0.0,0.0,0.0,0.0,0.0,0.33333333333333337,0.06,0.048480598410472184,0.048480598410472184
support,5.0,5.0,5.0,5.0,5.0,5.0,5.0,5.0,5.0,5.0,0.06,50.0,50.0
