,1,2,3,4,5,6,7,8,9,10,accuracy,macro avg,weighted avg
precision,0.0,0.0,0.15384615384615385,0.08333333333333333,0.0,0.0,0.2,0.0,0.3333333333333333,0.4,0.16326530612244897,0.11705128205128204,0.11944008372579801
recall,0.0,0.0,0.4,0.2,0.0,0.0,0.2,0.0,0.4,0.4,0.16326530612244897,0.16,0.16326530612244897
f1-score,0.0,0.0,0.2222222222222222,0.11764705882352941,0.0,0.0,0.20000000000000004,0.0,0.3636363636363636,0.4000000000000001,0.16326530612244897,0.13035056446821153,0.1330107800696036
support,5.0,5.0,5.0,5.0,5.0,4.0,5.0,5.0,5.0,5.0,0.16326530612244897,49.0,49.0
