,1,2,3,4,5,6,7,8,9,10,accuracy,macro avg,weighted avg
precision,0.2,0.1111111111111111,0.0,0.0,0.0,0.0,0.125,0.0,0.25,0.2222222222222222,0.1568627450980392,0.09083333333333334,0.08905228758169934
recall,0.6,0.2,0.0,0.0,0.0,0.0,0.2,0.0,0.2,0.4,0.1568627450980392,0.16,0.1568627450980392
f1-score,0.3,0.14285714285714285,0.0,0.0,0.0,0.0,0.15384615384615385,0.0,0.22222222222222224,0.2857142857142857,0.1568627450980392,0.11046398046398047,0.10829802006272594
support,5.0,5.0,5.0,5.0,5.0,6.0,5.0,5.0,5.0,5.0,0.1568627450980392,51.0,51.0
