,1,2,3,4,5,6,7,8,9,10,accuracy,macro avg,weighted avg
precision,0.3333333333333333,0.0,0.16666666666666666,0.0,0.0,0.2,0.2857142857142857,0.2,0.5,0.0,0.18,0.16857142857142857,0.16857142857142857
recall,0.4,0.0,0.2,0.0,0.0,0.4,0.4,0.2,0.2,0.0,0.18,0.18,0.18
f1-score,0.3636363636363636,0.0,0.1818181818181818,0.0,0.0,0.26666666666666666,0.3333333333333333,0.20000000000000004,0.28571428571428575,0.0,0.18,0.16311688311688313,0.1631168831168831
support,5.0,5.0,5.0,5.0,5.0,5.0,5.0,5.0,5.0,5.0,0.18,50.0,50.0
