,1,2,3,4,5,6,7,8,9,10,accuracy,macro avg,weighted avg
precision,0.0,0.0,0.14285714285714285,0.0,0.07692307692307693,0.0,0.11764705882352941,0.0,0.0,0.0,0.10204081632653061,0.033742727860374924,0.03443135495956624
recall,0.0,0.0,0.4,0.0,0.2,0.0,0.4,0.0,0.0,0.0,0.10204081632653061,0.1,0.10204081632653061
f1-score,0.0,0.0,0.21052631578947364,0.0,0.1111111111111111,0.0,0.1818181818181818,0.0,0.0,0.0,0.10204081632653061,0.05034556087187666,0.05137302129783332
support,5.0,5.0,5.0,5.0,5.0,4.0,5.0,5.0,5.0,5.0,0.10204081632653061,49.0,49.0
