,1,2,3,4,5,6,7,8,9,10,accuracy,macro avg,weighted avg
precision,0.0,0.0,0.0,0.0,0.1111111111111111,0.0,0.25,0.0,0.125,0.0,0.058823529411764705,0.04861111111111111,0.04765795206971677
recall,0.0,0.0,0.0,0.0,0.2,0.0,0.2,0.0,0.2,0.0,0.058823529411764705,0.06000000000000001,0.058823529411764705
f1-score,0.0,0.0,0.0,0.0,0.14285714285714285,0.0,0.22222222222222224,0.0,0.15384615384615385,0.0,0.058823529411764705,0.051892551892551896,0.05087505087505088
support,5.0,5.0,5.0,5.0,5.0,6.0,5.0,5.0,5.0,5.0,0.058823529411764705,51.0,51.0
