,1,2,3,4,5,6,7,8,9,10,accuracy,macro avg,weighted avg
precision,0.0,0.0,0.0,0.1111111111111111,0.0,0.25,0.0,0.0,0.2,0.0,0.08,0.05611111111111111,0.056111111111111105
recall,0.0,0.0,0.0,0.2,0.0,0.2,0.0,0.0,0.4,0.0,0.08,0.08,0.08
f1-score,0.0,0.0,0.0,0.14285714285714285,0.0,0.22222222222222224,0.0,0.0,0.26666666666666666,0.0,0.08,0.06317460317460317,0.06317460317460317
support,5.0,5.0,5.0,5.0,5.0,5.0,5.0,5.0,5.0,5.0,0.08,50.0,50.0
