,1,2,3,4,5,6,7,8,9,10,accuracy,macro avg,weighted avg
precision,0.0,0.0,0.0,0.0,0.0,0.0,0.0,0.3333333333333333,0.0,0.2,0.061224489795918366,0.05333333333333333,0.05442176870748299
recall,0.0,0.0,0.0,0.0,0.0,0.0,0.0,0.4,0.0,0.2,0.061224489795918366,0.06000000000000001,0.061224489795918366
f1-score,0.0,0.0,0.0,0.0,0.0,0.0,0.0,0.3636363636363636,0.0,0.20000000000000004,0.061224489795918366,0.05636363636363636,0.0575139146567718
support,5.0,5.0,5.0,5.0,5.0,4.0,5.0,5.0,5.0,5.0,0.061224489795918366,49.0,49.0
