,1,2,3,4,5,6,7,8,9,10,accuracy,macro avg,weighted avg
precision,0.14285714285714285,0.0,0.0,0.1,0.0,0.0,0.0,0.0,0.0,0.0,0.061224489795918366,0.024285714285714285,0.024781341107871717
recall,0.4,0.0,0.0,0.2,0.0,0.0,0.0,0.0,0.0,0.0,0.061224489795918366,0.06000000000000001,0.061224489795918366
f1-score,0.21052631578947364,0.0,0.0,0.13333333333333333,0.0,0.0,0.0,0.0,0.0,0.0,0.061224489795918366,0.0343859649122807,0.035087719298245605
support,5.0,5.0,5.0,5.0,5.0,4.0,5.0,5.0,5.0,5.0,0.061224489795918366,49.0,49.0
