,1,2,3,4,5,6,7,8,9,10,accuracy,macro avg,weighted avg
precision,0.25,0.3333333333333333,0.3333333333333333,0.0,0.0,0.2,0.25,1.0,0.1,0.1111111111111111,0.1836734693877551,0.2577777777777778,0.2589569160997732
recall,0.2,0.2,0.4,0.0,0.0,0.25,0.2,0.2,0.2,0.2,0.1836734693877551,0.185,0.1836734693877551
f1-score,0.22222222222222224,0.25,0.3636363636363636,0.0,0.0,0.22222222222222224,0.22222222222222224,0.33333333333333337,0.13333333333333333,0.14285714285714285,0.1836734693877551,0.18898268398268397,0.1883043260594281
support,5.0,5.0,5.0,5.0,5.0,4.0,5.0,5.0,5.0,5.0,0.1836734693877551,49.0,49.0
