,1,2,3,4,5,6,7,8,9,10,accuracy,macro avg,weighted avg
precision,0.0,0.0,0.0,0.16666666666666666,0.0,0.0,0.0,1.0,0.0,0.1,0.0784313725490196,0.12666666666666668,0.1241830065359477
recall,0.0,0.0,0.0,0.4,0.0,0.0,0.0,0.2,0.0,0.2,0.0784313725490196,0.08,0.0784313725490196
f1-score,0.0,0.0,0.0,0.23529411764705882,0.0,0.0,0.0,0.33333333333333337,0.0,0.13333333333333333,0.0784313725490196,0.07019607843137254,0.06881968473663976
support,5.0,5.0,5.0,5.0,5.0,6.0,5.0,5.0,5.0,5.0,0.0784313725490196,51.0,51.0
