,1,2,3,4,5,6,7,8,9,10,accuracy,macro avg,weighted avg
precision,0.0,0.1111111111111111,0.125,0.0,0.0,0.0,0.0,0.0,0.25,0.23529411764705882,0.14,0.07214052287581699,0.072140522875817
recall,0.0,0.2,0.2,0.0,0.0,0.0,0.0,0.0,0.2,0.8,0.14,0.14,0.14
f1-score,0.0,0.14285714285714285,0.15384615384615385,0.0,0.0,0.0,0.0,0.0,0.22222222222222224,0.3636363636363636,0.14,0.08825618825618826,0.08825618825618825
support,5.0,5.0,5.0,5.0,5.0,5.0,5.0,5.0,5.0,5.0,0.14,50.0,50.0
