,1,2,3,4,5,6,7,8,9,10,accuracy,macro avg,weighted avg
precision,0.0,0.0,0.0625,0.0,0.0,0.0,0.2222222222222222,0.0,0.0,0.0,0.061224489795918366,0.02847222222222222,0.02905328798185941
recall,0.0,0.0,0.2,0.0,0.0,0.0,0.4,0.0,0.0,0.0,0.061224489795918366,0.06000000000000001,0.061224489795918366
f1-score,0.0,0.0,0.09523809523809523,0.0,0.0,0.0,0.2857142857142857,0.0,0.0,0.0,0.061224489795918366,0.03809523809523809,0.038872691933916424
support,5.0,5.0,5.0,5.0,5.0,4.0,5.0,5.0,5.0,5.0,0.061224489795918366,49.0,49.0
