,1,2,3,4,5,6,7,8,9,10,accuracy,macro avg,weighted avg
precision,0.0,0.0,0.25,0.0,0.0,0.0,0.1,0.0,0.0,0.2,0.061224489795918366,0.05500000000000001,0.05612244897959184
recall,0.0,0.0,0.2,0.0,0.0,0.0,0.2,0.0,0.0,0.2,0.061224489795918366,0.06000000000000001,0.061224489795918366
f1-score,0.0,0.0,0.22222222222222224,0.0,0.0,0.0,0.13333333333333333,0.0,0.0,0.20000000000000004,0.061224489795918366,0.05555555555555556,0.056689342403628114
support,5.0,5.0,5.0,5.0,5.0,4.0,5.0,5.0,5.0,5.0,0.061224489795918366,49.0,49.0
