,1,2,3,4,5,6,7,8,9,10,accuracy,macro avg,weighted avg
precision,0.0,0.14285714285714285,0.0,0.18181818181818182,0.1,0.0,0.0,0.0,0.0,0.0,0.0784313725490196,0.042467532467532466,0.041634835752482814
recall,0.0,0.2,0.0,0.4,0.2,0.0,0.0,0.0,0.0,0.0,0.0784313725490196,0.08,0.0784313725490196
f1-score,0.0,0.16666666666666666,0.0,0.25000000000000006,0.13333333333333333,0.0,0.0,0.0,0.0,0.0,0.0784313725490196,0.05500000000000001,0.05392156862745098
support,5.0,5.0,5.0,5.0,5.0,6.0,5.0,5.0,5.0,5.0,0.0784313725490196,51.0,51.0
