,1,2,3,4,5,6,7,8,9,10,accuracy,macro avg,weighted avg
precision,0.06896551724137931,0.0,0.0,0.0,0.09090909090909091,0.0,0.0,0.0,0.0,0.0,0.06,0.01598746081504702,0.015987460815047025
recall,0.4,0.0,0.0,0.0,0.2,0.0,0.0,0.0,0.0,0.0,0.06,0.06000000000000001,0.06
f1-score,0.1176470588235294,0.0,0.0,0.0,0.12500000000000003,0.0,0.0,0.0,0.0,0.0,0.06,0.024264705882352945,0.024264705882352945
support,5.0,5.0,5.0,5.0,5.0,5.0,5.0,5.0,5.0,5.0,0.06,50.0,50.0
