,1,2,3,4,5,6,7,8,9,10,accuracy,macro avg,weighted avg
precision,0.3333333333333333,0.0,0.0,0.3333333333333333,0.0,0.25,0.0,0.3333333333333333,0.0,0.1111111111111111,0.14285714285714285,0.13611111111111113,0.13378684807256236
recall,0.4,0.0,0.0,0.2,0.0,0.5,0.0,0.2,0.0,0.2,0.14285714285714285,0.15,0.14285714285714285
f1-score,0.3636363636363636,0.0,0.0,0.25,0.0,0.3333333333333333,0.0,0.25,0.0,0.14285714285714285,0.14285714285714285,0.13398268398268395,0.12991430338369112
support,5.0,5.0,5.0,5.0,5.0,4.0,5.0,5.0,5.0,5.0,0.14285714285714285,49.0,49.0
