,1,2,3,4,5,6,7,8,9,10,accuracy,macro avg,weighted avg
precision,0.0,0.0,0.1,0.0,0.25,0.0,0.0,0.0,0.0,0.3333333333333333,0.058823529411764705,0.06833333333333333,0.06699346405228758
recall,0.0,0.0,0.2,0.0,0.2,0.0,0.0,0.0,0.0,0.2,0.058823529411764705,0.06000000000000001,0.058823529411764705
f1-score,0.0,0.0,0.13333333333333333,0.0,0.22222222222222224,0.0,0.0,0.0,0.0,0.25,0.058823529411764705,0.060555555555555564,0.0593681917211329
support,5.0,5.0,5.0,5.0,5.0,6.0,5.0,5.0,5.0,5.0,0.058823529411764705,51.0,51.0
