,1,2,3,4,5,6,7,8,9,10,accuracy,macro avg,weighted avg
precision,0.0,0.0,0.0,0.0,0.0,0.0,0.0,0.0,0.0,0.11764705882352941,0.0392156862745098,0.011764705882352941,0.011534025374855825
recall,0.0,0.0,0.0,0.0,0.0,0.0,0.0,0.0,0.0,0.4,0.0392156862745098,0.04,0.0392156862745098
f1-score,0.0,0.0,0.0,0.0,0.0,0.0,0.0,0.0,0.0,0.1818181818181818,0.0392156862745098,0.01818181818181818,0.017825311942959
support,5.0,5.0,5.0,5.0,5.0,6.0,5.0,5.0,5.0,5.0,0.0392156862745098,51.0,51.0
