,1,2,3,4,5,6,7,8,9,10,accuracy,macro avg,weighted avg
precision,0.0,0.16666666666666666,0.2857142857142857,0.25,0.0,0.0,0.3333333333333333,0.2222222222222222,0.0,0.2,0.22,0.14579365079365078,0.14579365079365078
recall,0.0,0.2,0.4,0.6,0.0,0.0,0.4,0.4,0.0,0.2,0.22,0.22000000000000003,0.22
f1-score,0.0,0.1818181818181818,0.3333333333333333,0.35294117647058826,0.0,0.0,0.3636363636363636,0.2857142857142857,0.0,0.20000000000000004,0.22,0.17174433409727527,0.17174433409727527
support,5.0,5.0,5.0,5.0,5.0,5.0,5.0,5.0,5.0,5.0,0.22,50.0,50.0
