,1,2,3,4,5,6,7,8,9,10,accuracy,macro avg,weighted avg
precision,0.6666666666666666,0.0,0.25,0.0,0.4444444444444444,0.5,0.5,0.5,0.4166666666666667,0.42857142857142855,0.4117647058823529,0.3706349206349206,0.37317149081854956
recall,0.4,0.0,0.2,0.0,0.8,0.3333333333333333,0.6,0.2,1.0,0.6,0.4117647058823529,0.4133333333333333,0.4117647058823529
f1-score,0.5,0.0,0.22222222222222224,0.0,0.5714285714285714,0.4,0.5454545454545454,0.28571428571428575,0.5882352941176471,0.5,0.4117647058823529,0.3613054918937272,0.3620642077389482
support,5.0,5.0,5.0,5.0,5.0,6.0,5.0,5.0,5.0,5.0,0.4117647058823529,51.0,51.0
