,1,2,3,4,5,6,7,8,9,10,accuracy,macro avg,weighted avg
precision,1.0,0.0,0.17647058823529413,0.6666666666666666,0.5,0.0,0.0,0.0,0.0,0.5,0.24489795918367346,0.28431372549019607,0.2901160464185674
recall,0.2,0.0,0.6,0.8,0.4,0.0,0.0,0.0,0.0,0.4,0.24489795918367346,0.24,0.24489795918367346
f1-score,0.33333333333333337,0.0,0.2727272727272727,0.7272727272727272,0.4444444444444445,0.0,0.0,0.0,0.0,0.4444444444444445,0.24489795918367346,0.22222222222222224,0.22675736961451246
support,5.0,5.0,5.0,5.0,5.0,4.0,5.0,5.0,5.0,5.0,0.24489795918367346,49.0,49.0
