,1,2,3,4,5,6,7,8,9,10,accuracy,macro avg,weighted avg
precision,0.5,0.5,0.15789473684210525,0.6666666666666666,0.6666666666666666,0.5,0.0,0.5,0.3333333333333333,0.6666666666666666,0.35294117647058826,0.4491228070175438,0.4501203990368077
recall,0.2,0.2,0.6,0.4,0.4,0.16666666666666666,0.0,0.2,0.6,0.8,0.35294117647058826,0.35666666666666663,0.35294117647058826
f1-score,0.28571428571428575,0.28571428571428575,0.25,0.5,0.5,0.25,0.0,0.28571428571428575,0.42857142857142855,0.7272727272727272,0.35294117647058826,0.35129870129870133,0.3493124522536287
support,5.0,5.0,5.0,5.0,5.0,6.0,5.0,5.0,5.0,5.0,0.35294117647058826,51.0,51.0
