,1,2,3,4,5,6,7,8,9,10,accuracy,macro avg,weighted avg
precision,0.0,0.0,0.17647058823529413,0.6666666666666666,0.0,0.0,0.17647058823529413,0.0,0.6666666666666666,1.0,0.21568627450980393,0.26862745098039215,0.263360246059208
recall,0.0,0.0,0.6,0.4,0.0,0.0,0.6,0.0,0.4,0.2,0.21568627450980393,0.22000000000000003,0.21568627450980393
f1-score,0.0,0.0,0.2727272727272727,0.5,0.0,0.0,0.2727272727272727,0.0,0.5,0.33333333333333337,0.21568627450980393,0.1878787878787879,0.18419489007724302
support,5.0,5.0,5.0,5.0,5.0,6.0,5.0,5.0,5.0,5.0,0.21568627450980393,51.0,51.0
