,1,2,3,4,5,6,7,8,9,10,accuracy,macro avg,weighted avg
precision,1.0,0.0,0.23076923076923078,1.0,0.0,0.5,0.0,0.25,0.0,0.14285714285714285,0.1836734693877551,0.31236263736263736,0.30853330343126256
recall,0.2,0.0,0.6,0.2,0.0,0.25,0.0,0.4,0.0,0.2,0.1836734693877551,0.185,0.1836734693877551
f1-score,0.33333333333333337,0.0,0.33333333333333337,0.33333333333333337,0.0,0.3333333333333333,0.0,0.3076923076923077,0.0,0.16666666666666666,0.1836734693877551,0.18076923076923077,0.1776556776556777
support,5.0,5.0,5.0,5.0,5.0,4.0,5.0,5.0,5.0,5.0,0.1836734693877551,49.0,49.0
