,1,2,3,4,5,6,7,8,9,10,accuracy,macro avg,weighted avg
precision,0.125,0.0,0.2,0.6,0.5,1.0,0.2,0.3333333333333333,0.6666666666666666,0.16666666666666666,0.29411764705882354,0.3791666666666666,0.39133986928104575
recall,0.2,0.0,0.2,0.6,0.6,0.3333333333333333,0.2,0.2,0.4,0.2,0.29411764705882354,0.29333333333333333,0.29411764705882354
f1-score,0.15384615384615385,0.0,0.20000000000000004,0.6,0.5454545454545454,0.5,0.20000000000000004,0.25,0.5,0.1818181818181818,0.29411764705882354,0.3131118881118881,0.31677636089400796
support,5.0,5.0,5.0,5.0,5.0,6.0,5.0,5.0,5.0,5.0,0.29411764705882354,51.0,51.0
