,1,2,3,4,5,6,7,8,9,10,accuracy,macro avg,weighted avg
precision,0.0,0.1724137931034483,0.0,0.0,0.0,0.2857142857142857,0.0,0.0,0.0,0.25,0.16,0.0708128078817734,0.0708128078817734
recall,0.0,1.0,0.0,0.0,0.0,0.4,0.0,0.0,0.0,0.2,0.16,0.15999999999999998,0.16
f1-score,0.0,0.29411764705882354,0.0,0.0,0.0,0.3333333333333333,0.0,0.0,0.0,0.22222222222222224,0.16,0.08496732026143791,0.08496732026143791
support,5.0,5.0,5.0,5.0,5.0,5.0,5.0,5.0,5.0,5.0,0.16,50.0,50.0
