,1,2,3,4,5,6,7,8,9,10,accuracy,macro avg,weighted avg
precision,0.0,0.0,0.0,0.1,0.1,0.5,0.25,0.0,0.0,0.125,0.1,0.1075,0.1075
recall,0.0,0.0,0.0,0.2,0.2,0.2,0.2,0.0,0.0,0.2,0.1,0.1,0.1
f1-score,0.0,0.0,0.0,0.13333333333333333,0.13333333333333333,0.28571428571428575,0.22222222222222224,0.0,0.0,0.15384615384615385,0.1,0.09284493284493285,0.09284493284493285
support,5.0,5.0,5.0,5.0,5.0,5.0,5.0,5.0,5.0,5.0,0.1,50.0,50.0
