,1,2,3,4,5,6,7,8,9,10,accuracy,macro avg,weighted avg
precision,0.14285714285714285,0.2,0.0,0.0,0.0,0.0,0.0,0.11764705882352941,0.0,0.2,0.12,0.06605042016806724,0.06605042016806723
recall,0.4,0.2,0.0,0.0,0.0,0.0,0.0,0.4,0.0,0.2,0.12,0.12,0.12
f1-score,0.21052631578947364,0.20000000000000004,0.0,0.0,0.0,0.0,0.0,0.1818181818181818,0.0,0.20000000000000004,0.12,0.07923444976076556,0.07923444976076555
support,5.0,5.0,5.0,5.0,5.0,5.0,5.0,5.0,5.0,5.0,0.12,50.0,50.0
