,1,2,3,4,5,6,7,8,9,10,accuracy,macro avg,weighted avg
precision,0.0,0.0,0.047619047619047616,0.0,0.0,0.0,0.14285714285714285,0.3333333333333333,0.0,0.0,0.06,0.052380952380952375,0.052380952380952375
recall,0.0,0.0,0.2,0.0,0.0,0.0,0.2,0.2,0.0,0.0,0.06,0.06000000000000001,0.06
f1-score,0.0,0.0,0.07692307692307693,0.0,0.0,0.0,0.16666666666666666,0.25,0.0,0.0,0.06,0.04935897435897436,0.04935897435897435
support,5.0,5.0,5.0,5.0,5.0,5.0,5.0,5.0,5.0,5.0,0.06,50.0,50.0
