,1,2,3,4,5,6,7,8,9,10,accuracy,macro avg,weighted avg
precision,0.3333333333333333,0.3333333333333333,0.0,0.125,0.3333333333333333,0.0,0.0,0.4166666666666667,0.0,0.0,0.18,0.15416666666666665,0.15416666666666667
recall,0.2,0.2,0.0,0.2,0.2,0.0,0.0,1.0,0.0,0.0,0.18,0.18,0.18
f1-score,0.25,0.25,0.0,0.15384615384615385,0.25,0.0,0.0,0.5882352941176471,0.0,0.0,0.18,0.1492081447963801,0.1492081447963801
support,5.0,5.0,5.0,5.0,5.0,5.0,5.0,5.0,5.0,5.0,0.18,50.0,50.0
