,1,2,3,4,5,6,7,8,9,10,accuracy,macro avg,weighted avg
precision,0.0,0.0,0.058823529411764705,0.0,0.0,0.2,0.0,0.2,0.0,0.0,0.06,0.04588235294117647,0.045882352941176464
recall,0.0,0.0,0.2,0.0,0.0,0.2,0.0,0.2,0.0,0.0,0.06,0.06000000000000001,0.06
f1-score,0.0,0.0,0.0909090909090909,0.0,0.0,0.20000000000000004,0.0,0.20000000000000004,0.0,0.0,0.06,0.049090909090909095,0.0490909090909091
support,5.0,5.0,5.0,5.0,5.0,5.0,5.0,5.0,5.0,5.0,0.06,50.0,50.0
