,1,2,3,4,5,6,7,8,9,10,accuracy,macro avg,weighted avg
precision,0.5,0.0,0.125,0.0,0.047619047619047616,0.0,0.0,0.0,0.0,0.0,0.08,0.06726190476190477,0.06726190476190476
recall,0.2,0.0,0.4,0.0,0.2,0.0,0.0,0.0,0.0,0.0,0.08,0.08,0.08
f1-score,0.28571428571428575,0.0,0.19047619047619047,0.0,0.07692307692307693,0.0,0.0,0.0,0.0,0.0,0.08,0.055311355311355316,0.055311355311355316
support,5.0,5.0,5.0,5.0,5.0,5.0,5.0,5.0,5.0,5.0,0.08,50.0,50.0
