,1,2,3,4,5,6,7,8,9,10,accuracy,macro avg,weighted avg
precision,0.0,0.0,0.07142857142857142,0.0,0.0625,0.0,0.0,0.0,0.0,1.0,0.08,0.11339285714285714,0.11339285714285713
recall,0.0,0.0,0.2,0.0,0.4,0.0,0.0,0.0,0.0,0.2,0.08,0.08,0.08
f1-score,0.0,0.0,0.10526315789473682,0.0,0.10810810810810811,0.0,0.0,0.0,0.0,0.33333333333333337,0.08,0.05467045993361783,0.054670459933617827
support,5.0,5.0,5.0,5.0,5.0,5.0,5.0,5.0,5.0,5.0,0.08,50.0,50.0
