,1,2,3,4,5,6,7,8,9,10,accuracy,macro avg,weighted avg
precision,0.045454545454545456,0.0,0.0,0.0,0.0,0.2,0.0,0.06666666666666667,0.0,0.0,0.06,0.031212121212121212,0.031212121212121212
recall,0.2,0.0,0.0,0.0,0.0,0.2,0.0,0.2,0.0,0.0,0.06,0.06000000000000001,0.06
f1-score,0.07407407407407407,0.0,0.0,0.0,0.0,0.20000000000000004,0.0,0.1,0.0,0.0,0.06,0.03740740740740741,0.03740740740740742
support,5.0,5.0,5.0,5.0,5.0,5.0,5.0,5.0,5.0,5.0,0.06,50.0,50.0
