,1,2,3,4,5,6,7,8,9,10,accuracy,macro avg,weighted avg
precision,0.0,0.0,0.16666666666666666,0.0,0.0,0.3333333333333333,0.0,0.0,0.0,0.0,0.04,0.05,0.05
recall,0.0,0.0,0.2,0.0,0.0,0.2,0.0,0.0,0.0,0.0,0.04,0.04,0.04
f1-score,0.0,0.0,0.1818181818181818,0.0,0.0,0.25,0.0,0.0,0.0,0.0,0.04,0.043181818181818175,0.04318181818181818
support,5.0,5.0,5.0,5.0,5.0,5.0,5.0,5.0,5.0,5.0,0.04,50.0,50.0
