,1,2,3,4,5,6,7,8,9,10,accuracy,macro avg,weighted avg
precision,0.0,0.0,0.0,0.15384615384615385,0.0,0.15384615384615385,0.0,0.0,0.0,0.0,0.12,0.03076923076923077,0.03076923076923077
recall,0.0,0.0,0.0,0.8,0.0,0.4,0.0,0.0,0.0,0.0,0.12,0.12000000000000002,0.12
f1-score,0.0,0.0,0.0,0.25806451612903225,0.0,0.2222222222222222,0.0,0.0,0.0,0.0,0.12,0.04802867383512545,0.048028673835125456
support,5.0,5.0,5.0,5.0,5.0,5.0,5.0,5.0,5.0,5.0,0.12,50.0,50.0
