train,test,time
1,2,363957.2435153
1,3,355315.69822009996
2,1,362190.35838450014
2,3,308165.2761561
3,1,359217.943735
3,2,316264.91981280013
