,1,2,3,4,5,6,7,8,9,10,accuracy,macro avg,weighted avg
precision,0.0,0.0,0.0,0.3333333333333333,0.0,0.5,0.2857142857142857,0.0,0.0,0.2,0.12,0.1319047619047619,0.13190476190476189
recall,0.0,0.0,0.0,0.4,0.0,0.2,0.4,0.0,0.0,0.2,0.12,0.12,0.12
f1-score,0.0,0.0,0.0,0.3636363636363636,0.0,0.28571428571428575,0.3333333333333333,0.0,0.0,0.20000000000000004,0.12,0.11826839826839826,0.11826839826839826
support,5.0,5.0,5.0,5.0,5.0,5.0,5.0,5.0,5.0,5.0,0.12,50.0,50.0
