,1,2,3,4,5,6,7,8,9,10,accuracy,macro avg,weighted avg
precision,0.0,0.0,0.05263157894736842,0.3333333333333333,0.0,0.25,0.0,0.0,0.0,0.0,0.08,0.06359649122807018,0.06359649122807016
recall,0.0,0.0,0.2,0.2,0.0,0.4,0.0,0.0,0.0,0.0,0.08,0.08,0.08
f1-score,0.0,0.0,0.08333333333333333,0.25,0.0,0.3076923076923077,0.0,0.0,0.0,0.0,0.08,0.0641025641025641,0.06410256410256411
support,5.0,5.0,5.0,5.0,5.0,5.0,5.0,5.0,5.0,5.0,0.08,50.0,50.0
