,1,2,3,4,5,6,7,8,9,10,accuracy,macro avg,weighted avg
precision,0.2,0.0,0.16666666666666666,0.0,0.05,0.0,0.0,0.0,0.0,0.0,0.06,0.04166666666666667,0.04166666666666666
recall,0.2,0.0,0.2,0.0,0.2,0.0,0.0,0.0,0.0,0.0,0.06,0.06000000000000001,0.06
f1-score,0.20000000000000004,0.0,0.1818181818181818,0.0,0.08000000000000002,0.0,0.0,0.0,0.0,0.0,0.06,0.046181818181818185,0.046181818181818185
support,5.0,5.0,5.0,5.0,5.0,5.0,5.0,5.0,5.0,5.0,0.06,50.0,50.0
