,1,2,3,4,5,6,7,8,9,10,accuracy,macro avg,weighted avg
precision,0.15789473684210525,0.16666666666666666,0.0,0.0,0.0,0.0,0.3333333333333333,0.0,0.0,0.16666666666666666,0.14,0.0824561403508772,0.08245614035087719
recall,0.6,0.2,0.0,0.0,0.0,0.0,0.4,0.0,0.0,0.2,0.14,0.14,0.14
f1-score,0.25,0.1818181818181818,0.0,0.0,0.0,0.0,0.3636363636363636,0.0,0.0,0.1818181818181818,0.14,0.09772727272727272,0.09772727272727272
support,5.0,5.0,5.0,5.0,5.0,5.0,5.0,5.0,5.0,5.0,0.14,50.0,50.0
