,1,2,3,4,5,6,7,8,9,10,accuracy,macro avg,weighted avg
precision,0.0,0.125,0.08333333333333333,0.0,0.0,0.0,0.5,0.4,0.0,0.0,0.14,0.11083333333333334,0.11083333333333333
recall,0.0,0.2,0.2,0.0,0.0,0.0,0.2,0.8,0.0,0.0,0.14,0.13999999999999999,0.14
f1-score,0.0,0.15384615384615385,0.11764705882352941,0.0,0.0,0.0,0.28571428571428575,0.5333333333333333,0.0,0.0,0.14,0.10905408317173024,0.10905408317173024
support,5.0,5.0,5.0,5.0,5.0,5.0,5.0,5.0,5.0,5.0,0.14,50.0,50.0
