,1,2,3,4,5,6,7,8,9,10,accuracy,macro avg,weighted avg
precision,0.13636363636363635,0.0,0.0,0.0,0.0,0.0,0.0,0.0,0.0,0.0,0.058823529411764705,0.013636363636363636,0.013368983957219251
recall,0.6,0.0,0.0,0.0,0.0,0.0,0.0,0.0,0.0,0.0,0.058823529411764705,0.06,0.058823529411764705
f1-score,0.22222222222222218,0.0,0.0,0.0,0.0,0.0,0.0,0.0,0.0,0.0,0.058823529411764705,0.02222222222222222,0.021786492374727667
support,5.0,5.0,5.0,5.0,5.0,6.0,5.0,5.0,5.0,5.0,0.058823529411764705,51.0,51.0
