,1,2,3,4,5,6,7,8,9,10,accuracy,macro avg,weighted avg
precision,0.2,0.07407407407407407,0.0,0.0,0.0,0.0,0.0,0.0,0.1,0.0,0.08163265306122448,0.03740740740740741,0.038170823885109596
recall,0.2,0.4,0.0,0.0,0.0,0.0,0.0,0.0,0.2,0.0,0.08163265306122448,0.08,0.08163265306122448
f1-score,0.20000000000000004,0.125,0.0,0.0,0.0,0.0,0.0,0.0,0.13333333333333333,0.0,0.08163265306122448,0.04583333333333334,0.0467687074829932
support,5.0,5.0,5.0,5.0,5.0,4.0,5.0,5.0,5.0,5.0,0.08163265306122448,49.0,49.0
