,1,2,3,4,5,6,7,8,9,10,accuracy,macro avg,weighted avg
precision,0.0,0.0,0.0,0.0,0.0,0.0,0.0,0.0,0.04,0.2222222222222222,0.058823529411764705,0.02622222222222222,0.02570806100217865
recall,0.0,0.0,0.0,0.0,0.0,0.0,0.0,0.0,0.2,0.4,0.058823529411764705,0.06000000000000001,0.058823529411764705
f1-score,0.0,0.0,0.0,0.0,0.0,0.0,0.0,0.0,0.06666666666666667,0.2857142857142857,0.058823529411764705,0.035238095238095235,0.03454715219421101
support,5.0,5.0,5.0,5.0,5.0,6.0,5.0,5.0,5.0,5.0,0.058823529411764705,51.0,51.0
