,1,2,3,4,5,6,7,8,9,10,accuracy,macro avg,weighted avg
precision,0.16666666666666666,1.0,0.0,0.25,0.23076923076923078,0.2,0.0,0.5,0.0,0.0,0.2,0.23474358974358975,0.23474358974358975
recall,0.4,0.4,0.0,0.2,0.6,0.2,0.0,0.2,0.0,0.0,0.2,0.2,0.2
f1-score,0.23529411764705882,0.5714285714285715,0.0,0.22222222222222224,0.33333333333333337,0.20000000000000004,0.0,0.28571428571428575,0.0,0.0,0.2,0.1847992530345472,0.1847992530345472
support,5.0,5.0,5.0,5.0,5.0,5.0,5.0,5.0,5.0,5.0,0.2,50.0,50.0
