,1,2,3,4,5,6,7,8,9,10,accuracy,macro avg,weighted avg
precision,0.0,0.0,0.0,0.5,0.0,0.0,0.2,0.16666666666666666,0.0,0.0,0.058823529411764705,0.08666666666666667,0.0849673202614379
recall,0.0,0.0,0.0,0.2,0.0,0.0,0.2,0.2,0.0,0.0,0.058823529411764705,0.06000000000000001,0.058823529411764705
f1-score,0.0,0.0,0.0,0.28571428571428575,0.0,0.0,0.20000000000000004,0.1818181818181818,0.0,0.0,0.058823529411764705,0.06675324675324676,0.06544435956200663
support,5.0,5.0,5.0,5.0,5.0,6.0,5.0,5.0,5.0,5.0,0.058823529411764705,51.0,51.0
