,1,2,3,4,5,6,7,8,9,10,accuracy,macro avg,weighted avg
precision,0.0,0.0,0.0,0.12,0.0,0.0,0.2857142857142857,0.18181818181818182,0.0,0.0,0.14285714285714285,0.05875324675324676,0.05995229260535383
recall,0.0,0.0,0.0,0.6,0.0,0.0,0.4,0.4,0.0,0.0,0.14285714285714285,0.13999999999999999,0.14285714285714285
f1-score,0.0,0.0,0.0,0.19999999999999998,0.0,0.0,0.3333333333333333,0.25000000000000006,0.0,0.0,0.14285714285714285,0.07833333333333334,0.07993197278911565
support,5.0,5.0,5.0,5.0,5.0,4.0,5.0,5.0,5.0,5.0,0.14285714285714285,49.0,49.0
