,1,2,3,4,5,6,7,8,9,10,accuracy,macro avg,weighted avg
precision,0.10526315789473684,0.1,0.0,0.0,0.0,0.0,0.0,0.5,0.5,0.0,0.12,0.12052631578947368,0.12052631578947368
recall,0.4,0.4,0.0,0.0,0.0,0.0,0.0,0.2,0.2,0.0,0.12,0.12,0.12
f1-score,0.16666666666666666,0.16000000000000003,0.0,0.0,0.0,0.0,0.0,0.28571428571428575,0.28571428571428575,0.0,0.12,0.08980952380952383,0.08980952380952381
support,5.0,5.0,5.0,5.0,5.0,5.0,5.0,5.0,5.0,5.0,0.12,50.0,50.0
