,1,2,3,4,5,6,7,8,9,10,accuracy,macro avg,weighted avg
precision,0.2,0.125,0.3333333333333333,0.4,0.4,0.0,0.0,0.3333333333333333,0.0,0.0,0.2,0.17916666666666667,0.17916666666666664
recall,0.2,0.2,0.6,0.4,0.4,0.0,0.0,0.2,0.0,0.0,0.2,0.2,0.2
f1-score,0.20000000000000004,0.15384615384615385,0.42857142857142855,0.4000000000000001,0.4000000000000001,0.0,0.0,0.25,0.0,0.0,0.2,0.18324175824175828,0.18324175824175826
support,5.0,5.0,5.0,5.0,5.0,5.0,5.0,5.0,5.0,5.0,0.2,50.0,50.0
