,1,2,3,4,5,6,7,8,9,10,accuracy,macro avg,weighted avg
precision,0.0,0.0,0.0,0.2222222222222222,0.16666666666666666,0.0,0.14285714285714285,0.16666666666666666,0.0,0.0,0.1,0.06984126984126984,0.06984126984126983
recall,0.0,0.0,0.0,0.4,0.2,0.0,0.2,0.2,0.0,0.0,0.1,0.1,0.1
f1-score,0.0,0.0,0.0,0.2857142857142857,0.1818181818181818,0.0,0.16666666666666666,0.1818181818181818,0.0,0.0,0.1,0.08160173160173159,0.08160173160173159
support,5.0,5.0,5.0,5.0,5.0,5.0,5.0,5.0,5.0,5.0,0.1,50.0,50.0
