,1,2,3,4,5,6,7,8,9,10,accuracy,macro avg,weighted avg
precision,0.1,0.15384615384615385,0.0,0.0,0.0,0.0,0.0,0.6666666666666666,0.0,0.0,0.12244897959183673,0.09205128205128205,0.09392987964416535
recall,0.4,0.4,0.0,0.0,0.0,0.0,0.0,0.4,0.0,0.0,0.12244897959183673,0.12000000000000002,0.12244897959183673
f1-score,0.16000000000000003,0.2222222222222222,0.0,0.0,0.0,0.0,0.0,0.5,0.0,0.0,0.12244897959183673,0.08822222222222223,0.09002267573696146
support,5.0,5.0,5.0,5.0,5.0,4.0,5.0,5.0,5.0,5.0,0.12244897959183673,49.0,49.0
