,1,2,3,4,5,6,7,8,9,10,accuracy,macro avg,weighted avg
precision,0.16666666666666666,0.0,0.0,0.0,0.375,0.16666666666666666,0.08333333333333333,0.0,0.0,0.5,0.14,0.12916666666666665,0.12916666666666665
recall,0.2,0.0,0.0,0.0,0.6,0.2,0.2,0.0,0.0,0.2,0.14,0.13999999999999999,0.14
f1-score,0.1818181818181818,0.0,0.0,0.0,0.4615384615384615,0.1818181818181818,0.11764705882352941,0.0,0.0,0.28571428571428575,0.14,0.12285361697126403,0.12285361697126403
support,5.0,5.0,5.0,5.0,5.0,5.0,5.0,5.0,5.0,5.0,0.14,50.0,50.0
