,1,2,3,4,5,6,7,8,9,10,accuracy,macro avg,weighted avg
precision,0.25,0.0,0.09090909090909091,0.25,0.1,0.0,0.0,0.1111111111111111,0.0,0.5,0.11764705882352941,0.1302020202020202,0.1276490394137453
recall,0.2,0.0,0.2,0.2,0.2,0.0,0.0,0.2,0.0,0.2,0.11764705882352941,0.12,0.11764705882352941
f1-score,0.22222222222222224,0.0,0.12500000000000003,0.22222222222222224,0.13333333333333333,0.0,0.0,0.14285714285714285,0.0,0.28571428571428575,0.11764705882352941,0.11313492063492066,0.11091658885776533
support,5.0,5.0,5.0,5.0,5.0,6.0,5.0,5.0,5.0,5.0,0.11764705882352941,51.0,51.0
