,1,2,3,4,5,6,7,8,9,10,accuracy,macro avg,weighted avg
precision,0.0,0.5,0.0,0.0,0.0,0.0,0.0,0.13513513513513514,0.0,0.0,0.12244897959183673,0.0635135135135135,0.06480970766685051
recall,0.0,0.2,0.0,0.0,0.0,0.0,0.0,1.0,0.0,0.0,0.12244897959183673,0.12,0.12244897959183673
f1-score,0.0,0.28571428571428575,0.0,0.0,0.0,0.0,0.0,0.2380952380952381,0.0,0.0,0.12244897959183673,0.05238095238095238,0.05344995140913509
support,5.0,5.0,5.0,5.0,5.0,4.0,5.0,5.0,5.0,5.0,0.12244897959183673,49.0,49.0
