,1,2,3,4,5,6,7,8,9,10,accuracy,macro avg,weighted avg
precision,0.09302325581395349,0.0,0.0,0.5,0.0,0.0,0.0,0.0,0.0,0.0,0.10204081632653061,0.059302325581395345,0.060512577123872806
recall,0.8,0.0,0.0,0.2,0.0,0.0,0.0,0.0,0.0,0.0,0.10204081632653061,0.1,0.10204081632653061
f1-score,0.16666666666666666,0.0,0.0,0.28571428571428575,0.0,0.0,0.0,0.0,0.0,0.0,0.10204081632653061,0.045238095238095244,0.04616132167152575
support,5.0,5.0,5.0,5.0,5.0,4.0,5.0,5.0,5.0,5.0,0.10204081632653061,49.0,49.0
