,1,2,3,4,5,6,7,8,9,10,accuracy,macro avg,weighted avg
precision,0.0,0.0,0.0,0.09090909090909091,0.0,0.0,0.0,1.0,0.16666666666666666,0.1111111111111111,0.0784313725490196,0.13686868686868686,0.13418498712616359
recall,0.0,0.0,0.0,0.2,0.0,0.0,0.0,0.2,0.2,0.2,0.0784313725490196,0.08,0.0784313725490196
f1-score,0.0,0.0,0.0,0.12500000000000003,0.0,0.0,0.0,0.33333333333333337,0.1818181818181818,0.14285714285714285,0.0784313725490196,0.07830086580086579,0.07676555470673119
support,5.0,5.0,5.0,5.0,5.0,6.0,5.0,5.0,5.0,5.0,0.0784313725490196,51.0,51.0
