,1,2,3,4,5,6,7,8,9,10,accuracy,macro avg,weighted avg
precision,0.0,0.14285714285714285,0.0,0.0,0.0,0.0,0.25,0.041666666666666664,0.0,0.25,0.08163265306122448,0.06845238095238096,0.06984936831875607
recall,0.0,0.2,0.0,0.0,0.0,0.0,0.2,0.2,0.0,0.2,0.08163265306122448,0.08,0.08163265306122448
f1-score,0.0,0.16666666666666666,0.0,0.0,0.0,0.0,0.22222222222222224,0.06896551724137931,0.0,0.22222222222222224,0.08163265306122448,0.06800766283524903,0.0693955743216827
support,5.0,5.0,5.0,5.0,5.0,4.0,5.0,5.0,5.0,5.0,0.08163265306122448,49.0,49.0
