,1,2,3,4,5,6,7,8,9,10,accuracy,macro avg,weighted avg
precision,0.0,0.16666666666666666,0.0,0.2,0.09090909090909091,0.0,0.0,0.0,0.14285714285714285,0.0,0.09803921568627451,0.06004329004329005,0.05886597063067652
recall,0.0,0.2,0.0,0.4,0.2,0.0,0.0,0.0,0.2,0.0,0.09803921568627451,0.1,0.09803921568627451
f1-score,0.0,0.1818181818181818,0.0,0.26666666666666666,0.12500000000000003,0.0,0.0,0.0,0.16666666666666666,0.0,0.09803921568627451,0.0740151515151515,0.07256387403446225
support,5.0,5.0,5.0,5.0,5.0,6.0,5.0,5.0,5.0,5.0,0.09803921568627451,51.0,51.0
