,1,2,3,4,5,6,7,8,9,10,accuracy,macro avg,weighted avg
precision,0.0,0.0,0.14285714285714285,0.0,1.0,0.2,0.0,0.25,0.07692307692307693,0.0,0.12,0.16697802197802197,0.16697802197802197
recall,0.0,0.0,0.4,0.0,0.2,0.2,0.0,0.2,0.2,0.0,0.12,0.12,0.12
f1-score,0.0,0.0,0.21052631578947364,0.0,0.33333333333333337,0.20000000000000004,0.0,0.22222222222222224,0.1111111111111111,0.0,0.12,0.10771929824561403,0.10771929824561405
support,5.0,5.0,5.0,5.0,5.0,5.0,5.0,5.0,5.0,5.0,0.12,50.0,50.0
