,1,2,3,4,5,6,7,8,9,10,accuracy,macro avg,weighted avg
precision,0.0,0.25,0.0,0.0,0.3333333333333333,0.0,0.25,0.3333333333333333,0.0,0.0,0.14,0.11666666666666665,0.11666666666666665
recall,0.0,0.4,0.0,0.0,0.2,0.0,0.6,0.2,0.0,0.0,0.14,0.13999999999999999,0.14
f1-score,0.0,0.3076923076923077,0.0,0.0,0.25,0.0,0.35294117647058826,0.25,0.0,0.0,0.14,0.1160633484162896,0.11606334841628958
support,5.0,5.0,5.0,5.0,5.0,5.0,5.0,5.0,5.0,5.0,0.14,50.0,50.0
