,1,2,3,4,5,6,7,8,9,10,accuracy,macro avg,weighted avg
precision,0.0,0.3333333333333333,0.16666666666666666,0.25,0.1,0.0,0.0,0.0,0.0,0.2,0.16,0.10500000000000001,0.105
recall,0.0,0.8,0.2,0.2,0.2,0.0,0.0,0.0,0.0,0.2,0.16,0.16,0.16
f1-score,0.0,0.47058823529411764,0.1818181818181818,0.22222222222222224,0.13333333333333333,0.0,0.0,0.0,0.0,0.20000000000000004,0.16,0.1207961972667855,0.12079619726678549
support,5.0,5.0,5.0,5.0,5.0,5.0,5.0,5.0,5.0,5.0,0.16,50.0,50.0
