,1,2,3,4,5,6,7,8,9,10,accuracy,macro avg,weighted avg
precision,0.2,0.0,0.0625,0.0,0.0,0.0,0.0,0.0,0.6666666666666666,1.0,0.1,0.19291666666666668,0.19291666666666665
recall,0.2,0.0,0.2,0.0,0.0,0.0,0.0,0.0,0.4,0.2,0.1,0.1,0.1
f1-score,0.20000000000000004,0.0,0.09523809523809523,0.0,0.0,0.0,0.0,0.0,0.5,0.33333333333333337,0.1,0.11285714285714285,0.11285714285714286
support,5.0,5.0,5.0,5.0,5.0,5.0,5.0,5.0,5.0,5.0,0.1,50.0,50.0
