,1,2,3,4,5,6,7,8,9,10,accuracy,macro avg,weighted avg
precision,0.0,0.0,0.04,0.0,0.3333333333333333,0.0,0.0,0.3333333333333333,0.0,0.125,0.1,0.08316666666666667,0.08316666666666667
recall,0.0,0.0,0.2,0.0,0.2,0.0,0.0,0.2,0.0,0.4,0.1,0.1,0.1
f1-score,0.0,0.0,0.06666666666666667,0.0,0.25,0.0,0.0,0.25,0.0,0.19047619047619047,0.1,0.0757142857142857,0.0757142857142857
support,5.0,5.0,5.0,5.0,5.0,5.0,5.0,5.0,5.0,5.0,0.1,50.0,50.0
