,1,2,3,4,5,6,7,8,9,10,accuracy,macro avg,weighted avg
precision,0.0,0.0,0.13333333333333333,0.0,0.0,0.0,0.0,0.0,0.0,0.0,0.04,0.013333333333333332,0.013333333333333332
recall,0.0,0.0,0.4,0.0,0.0,0.0,0.0,0.0,0.0,0.0,0.04,0.04,0.04
f1-score,0.0,0.0,0.2,0.0,0.0,0.0,0.0,0.0,0.0,0.0,0.04,0.02,0.02
support,5.0,5.0,5.0,5.0,5.0,5.0,5.0,5.0,5.0,5.0,0.04,50.0,50.0
