,1,2,3,4,5,6,7,8,9,10,accuracy,macro avg,weighted avg
precision,0.0,0.0,0.0,0.5,0.09090909090909091,0.5,0.3333333333333333,0.0,0.0,0.2857142857142857,0.16,0.17099567099567098,0.170995670995671
recall,0.0,0.0,0.0,0.4,0.2,0.2,0.4,0.0,0.0,0.4,0.16,0.16,0.16
f1-score,0.0,0.0,0.0,0.4444444444444445,0.12500000000000003,0.28571428571428575,0.3636363636363636,0.0,0.0,0.3333333333333333,0.16,0.1552128427128427,0.1552128427128427
support,5.0,5.0,5.0,5.0,5.0,5.0,5.0,5.0,5.0,5.0,0.16,50.0,50.0
