,1,2,3,4,5,6,7,8,9,10,accuracy,macro avg,weighted avg
precision,0.15,0.0,0.0,0.125,0.0,0.0,0.2,0.0,0.0,0.0,0.12,0.0475,0.0475
recall,0.6,0.0,0.0,0.2,0.0,0.0,0.4,0.0,0.0,0.0,0.12,0.12000000000000002,0.12
f1-score,0.24,0.0,0.0,0.15384615384615385,0.0,0.0,0.26666666666666666,0.0,0.0,0.0,0.12,0.06605128205128205,0.06605128205128205
support,5.0,5.0,5.0,5.0,5.0,5.0,5.0,5.0,5.0,5.0,0.12,50.0,50.0
