,1,2,3,4,5,6,7,8,9,10,accuracy,macro avg,weighted avg
precision,0.5,0.25,0.07142857142857142,0.25,0.0,0.0,0.0,0.375,0.0,0.0,0.16,0.14464285714285713,0.14464285714285716
recall,0.2,0.4,0.2,0.2,0.0,0.0,0.0,0.6,0.0,0.0,0.16,0.16,0.16
f1-score,0.28571428571428575,0.3076923076923077,0.10526315789473682,0.22222222222222224,0.0,0.0,0.0,0.4615384615384615,0.0,0.0,0.16,0.1382430435062014,0.1382430435062014
support,5.0,5.0,5.0,5.0,5.0,5.0,5.0,5.0,5.0,5.0,0.16,50.0,50.0
