,1,2,3,4,5,6,7,8,9,10,accuracy,macro avg,weighted avg
precision,0.0,0.0,0.11764705882352941,0.0,0.0,0.2,0.0,0.0,0.0,0.1,0.08,0.04176470588235294,0.04176470588235295
recall,0.0,0.0,0.4,0.0,0.0,0.2,0.0,0.0,0.0,0.2,0.08,0.08,0.08
f1-score,0.0,0.0,0.1818181818181818,0.0,0.0,0.20000000000000004,0.0,0.0,0.0,0.13333333333333333,0.08,0.051515151515151514,0.051515151515151514
support,5.0,5.0,5.0,5.0,5.0,5.0,5.0,5.0,5.0,5.0,0.08,50.0,50.0
