,1,2,3,4,5,6,7,8,9,10,accuracy,macro avg,weighted avg
precision,0.0,0.0,0.16666666666666666,0.0,0.0,0.16666666666666666,0.13333333333333333,0.0,0.0,0.0,0.12,0.04666666666666667,0.04666666666666666
recall,0.0,0.0,0.2,0.0,0.0,0.2,0.8,0.0,0.0,0.0,0.12,0.12,0.12
f1-score,0.0,0.0,0.1818181818181818,0.0,0.0,0.1818181818181818,0.2285714285714286,0.0,0.0,0.0,0.12,0.059220779220779216,0.059220779220779216
support,5.0,5.0,5.0,5.0,5.0,5.0,5.0,5.0,5.0,5.0,0.12,50.0,50.0
