,1,2,3,4,5,6,7,8,9,10,accuracy,macro avg,weighted avg
precision,0.0,0.19047619047619047,0.0,0.0,0.0,0.5,0.0,0.2222222222222222,0.0,0.0,0.14,0.09126984126984126,0.09126984126984126
recall,0.0,0.8,0.0,0.0,0.0,0.2,0.0,0.4,0.0,0.0,0.14,0.14,0.14
f1-score,0.0,0.3076923076923077,0.0,0.0,0.0,0.28571428571428575,0.0,0.2857142857142857,0.0,0.0,0.14,0.0879120879120879,0.08791208791208792
support,5.0,5.0,5.0,5.0,5.0,5.0,5.0,5.0,5.0,5.0,0.14,50.0,50.0
