,1,2,3,4,5,6,7,8,9,10,accuracy,macro avg,weighted avg
precision,0.0,0.0,0.0,0.0,0.0,1.0,0.15789473684210525,0.16666666666666666,0.16666666666666666,0.0,0.12,0.14912280701754385,0.14912280701754385
recall,0.0,0.0,0.0,0.0,0.0,0.2,0.6,0.2,0.2,0.0,0.12,0.12,0.12
f1-score,0.0,0.0,0.0,0.0,0.0,0.33333333333333337,0.25,0.1818181818181818,0.1818181818181818,0.0,0.12,0.0946969696969697,0.09469696969696971
support,5.0,5.0,5.0,5.0,5.0,5.0,5.0,5.0,5.0,5.0,0.12,50.0,50.0
