,1,2,3,4,5,6,7,8,9,10,accuracy,macro avg,weighted avg
precision,0.0,0.05263157894736842,0.0,0.06666666666666667,0.1111111111111111,0.0,0.0,0.0,0.0,0.0,0.06,0.02304093567251462,0.02304093567251462
recall,0.0,0.2,0.0,0.2,0.2,0.0,0.0,0.0,0.0,0.0,0.06,0.06000000000000001,0.06
f1-score,0.0,0.08333333333333333,0.0,0.1,0.14285714285714285,0.0,0.0,0.0,0.0,0.0,0.06,0.03261904761904762,0.03261904761904762
support,5.0,5.0,5.0,5.0,5.0,5.0,5.0,5.0,5.0,5.0,0.06,50.0,50.0
