,1,2,3,4,5,6,7,8,9,10,accuracy,macro avg,weighted avg
precision,0.14285714285714285,0.25,0.0,0.25,0.0,0.0,0.0,0.0,0.0,0.0,0.1,0.06428571428571428,0.0642857142857143
recall,0.6,0.2,0.0,0.2,0.0,0.0,0.0,0.0,0.0,0.0,0.1,0.1,0.1
f1-score,0.23076923076923073,0.22222222222222224,0.0,0.22222222222222224,0.0,0.0,0.0,0.0,0.0,0.0,0.1,0.06752136752136752,0.06752136752136752
support,5.0,5.0,5.0,5.0,5.0,5.0,5.0,5.0,5.0,5.0,0.1,50.0,50.0
