,1,2,3,4,5,6,7,8,9,10,accuracy,macro avg,weighted avg
precision,0.0,0.0,0.045454545454545456,0.0,0.0,0.0,0.3333333333333333,0.0,0.0,0.0,0.04,0.03787878787878788,0.03787878787878787
recall,0.0,0.0,0.2,0.0,0.0,0.0,0.2,0.0,0.0,0.0,0.04,0.04,0.04
f1-score,0.0,0.0,0.07407407407407407,0.0,0.0,0.0,0.25,0.0,0.0,0.0,0.04,0.032407407407407406,0.032407407407407406
support,5.0,5.0,5.0,5.0,5.0,5.0,5.0,5.0,5.0,5.0,0.04,50.0,50.0
