,1,2,3,4,5,6,7,8,9,10,accuracy,macro avg,weighted avg
precision,0.0,0.0,0.14285714285714285,0.0,0.0,0.25,0.0,0.5,0.0,0.25,0.1,0.11428571428571428,0.11428571428571428
recall,0.0,0.0,0.4,0.0,0.0,0.2,0.0,0.2,0.0,0.2,0.1,0.1,0.1
f1-score,0.0,0.0,0.21052631578947364,0.0,0.0,0.22222222222222224,0.0,0.28571428571428575,0.0,0.22222222222222224,0.1,0.09406850459482038,0.09406850459482038
support,5.0,5.0,5.0,5.0,5.0,5.0,5.0,5.0,5.0,5.0,0.1,50.0,50.0
