,1,2,3,4,5,6,7,8,9,10,accuracy,macro avg,weighted avg
precision,0.0,0.25,0.06666666666666667,0.25,0.0,0.0,0.3333333333333333,0.42857142857142855,0.0,0.0,0.14,0.13285714285714284,0.13285714285714284
recall,0.0,0.2,0.2,0.2,0.0,0.0,0.2,0.6,0.0,0.0,0.14,0.14,0.14
f1-score,0.0,0.22222222222222224,0.1,0.22222222222222224,0.0,0.0,0.25,0.5,0.0,0.0,0.14,0.12944444444444445,0.12944444444444445
support,5.0,5.0,5.0,5.0,5.0,5.0,5.0,5.0,5.0,5.0,0.14,50.0,50.0
