,1,2,3,4,5,6,7,8,9,10,accuracy,macro avg,weighted avg
precision,0.0,0.0,0.0,0.4,0.06666666666666667,0.5,0.25,0.0,0.0,0.14285714285714285,0.12,0.13595238095238096,0.13595238095238096
recall,0.0,0.0,0.0,0.4,0.2,0.2,0.2,0.0,0.0,0.2,0.12,0.12,0.12
f1-score,0.0,0.0,0.0,0.4000000000000001,0.1,0.28571428571428575,0.22222222222222224,0.0,0.0,0.16666666666666666,0.12,0.11746031746031749,0.11746031746031747
support,5.0,5.0,5.0,5.0,5.0,5.0,5.0,5.0,5.0,5.0,0.12,50.0,50.0
