,1,2,3,4,5,6,7,8,9,10,accuracy,macro avg,weighted avg
precision,0.13095238095238096,0.1267605633802817,0.0,0.0,0.0,0.0,0.0,0.0,0.0,0.0,0.12903225806451613,0.025771294433266267,0.0347848380606218
recall,0.4954954954954955,0.45918367346938777,0.0,0.0,0.0,0.0,0.0,0.0,0.0,0.0,0.12903225806451613,0.09546791689648833,0.12903225806451613
f1-score,0.20715630885122407,0.1986754966887417,0.0,0.0,0.0,0.0,0.0,0.0,0.0,0.0,0.12903225806451613,0.04058318055399658,0.05479296639739685
support,111.0,98.0,74.0,74.0,70.0,104.0,73.0,68.0,61.0,42.0,0.12903225806451613,775.0,775.0
