,1,2,3,4,5,6,7,8,9,10,accuracy,macro avg,weighted avg
precision,0.05806451612903226,0.10067114093959731,0.0,0.0,0.0,0.0,0.0,0.0,0.0,0.0,0.083223249669749,0.015873565706862956,0.01394715926949253
recall,0.3157894736842105,0.625,0.0,0.0,0.0,0.0,0.0,0.0,0.0,0.0,0.083223249669749,0.09407894736842105,0.083223249669749
f1-score,0.09809264305177112,0.17341040462427745,0.0,0.0,0.0,0.0,0.0,0.0,0.0,0.0,0.083223249669749,0.02715030476760486,0.023879563787184848
support,57.0,72.0,84.0,83.0,62.0,80.0,73.0,87.0,83.0,76.0,0.083223249669749,757.0,757.0
