,1,2,3,4,5,6,7,8,9,10,accuracy,macro avg,weighted avg
precision,0.087527352297593,0.09368191721132897,0.0,0.0,0.0,0.0,0.0,0.0,0.0,0.0,0.0906113537117904,0.018120926950892197,0.01694441930690463
recall,0.49382716049382713,0.4777777777777778,0.0,0.0,0.0,0.0,0.0,0.0,0.0,0.0,0.0906113537117904,0.0971604938271605,0.0906113537117904
f1-score,0.1486988847583643,0.15664845173041894,0.0,0.0,0.0,0.0,0.0,0.0,0.0,0.0,0.0906113537117904,0.03053473364887832,0.02854036061262578
support,81.0,90.0,88.0,68.0,68.0,71.0,104.0,109.0,119.0,118.0,0.0906113537117904,916.0,916.0
