,1,2,3,4,5,6,7,8,9,10,accuracy,macro avg,weighted avg
precision,0.09243697478991597,0.10038610038610038,0.07741935483870968,0.10497237569060773,0.039603960396039604,0.0,0.0,0.0,0.0,0.0,0.08296943231441048,0.04148187661013733,0.03620768348518635
recall,0.13580246913580246,0.28888888888888886,0.13636363636363635,0.27941176470588236,0.11764705882352941,0.0,0.0,0.0,0.0,0.0,0.08296943231441048,0.09581138179177395,0.08296943231441048
f1-score,0.11,0.14899713467048709,0.09876543209876544,0.15261044176706828,0.05925925925925926,0.0,0.0,0.0,0.0,0.0,0.08296943231441048,0.05696322677955799,0.04958323123889244
support,81.0,90.0,88.0,68.0,68.0,71.0,104.0,109.0,119.0,118.0,0.08296943231441048,916.0,916.0
