,1,2,3,4,5,6,7,8,9,10,accuracy,macro avg,weighted avg
precision,0.10596026490066225,0.12162162162162163,0.08387096774193549,0.06741573033707865,0.047619047619047616,0.0,0.0,0.0,0.0,0.0,0.0851528384279476,0.042648763222034564,0.03791674395764902
recall,0.19753086419753085,0.3,0.14772727272727273,0.17647058823529413,0.14705882352941177,0.0,0.0,0.0,0.0,0.0,0.0851528384279476,0.09687875486895095,0.0851528384279476
f1-score,0.13793103448275862,0.17307692307692307,0.10699588477366255,0.09756097560975609,0.07194244604316546,0.0,0.0,0.0,0.0,0.0,0.0851528384279476,0.05875072639862657,0.05206463690230076
support,81.0,90.0,88.0,68.0,68.0,71.0,104.0,109.0,119.0,118.0,0.0851528384279476,916.0,916.0
