,1,2,3,4,5,6,7,8,9,10,accuracy,macro avg,weighted avg
precision,0.08033240997229917,0.10101010101010101,0.0,0.0,0.0,0.0,0.0,0.0,0.0,0.0,0.09114927344782034,0.018134251098240017,0.015656109169284445
recall,0.5087719298245614,0.5555555555555556,0.0,0.0,0.0,0.0,0.0,0.0,0.0,0.0,0.09114927344782034,0.1064327485380117,0.09114927344782034
f1-score,0.13875598086124402,0.17094017094017094,0.0,0.0,0.0,0.0,0.0,0.0,0.0,0.0,0.09114927344782034,0.030969615180141498,0.026706450748722875
support,57.0,72.0,84.0,83.0,62.0,80.0,73.0,87.0,83.0,76.0,0.09114927344782034,757.0,757.0
