,1,2,3,4,5,6,7,8,9,10,accuracy,macro avg,weighted avg
precision,0.12698412698412698,0.15384615384615385,0.22580645161290322,0.30303030303030304,0.14705882352941177,0.1111111111111111,0.11764705882352941,0.1375,0.07471264367816093,0.052083333333333336,0.11096774193548387,0.14497800059490334,0.14817930422820424
recall,0.07207207207207207,0.10204081632653061,0.0945945945945946,0.13513513513513514,0.07142857142857142,0.019230769230769232,0.136986301369863,0.16176470588235295,0.21311475409836064,0.23809523809523808,0.11096774193548387,0.12444629582334879,0.11096774193548387
f1-score,0.09195402298850575,0.1226993865030675,0.13333333333333333,0.1869158878504673,0.09615384615384615,0.03278688524590165,0.12658227848101264,0.14864864864864866,0.11063829787234043,0.08547008547008547,0.11096774193548387,0.11351826725472088,0.11065519779373859
support,111.0,98.0,74.0,74.0,70.0,104.0,73.0,68.0,61.0,42.0,0.11096774193548387,775.0,775.0
