,1,2,3,4,5,6,7,8,9,10,accuracy,macro avg,weighted avg
precision,0.13702623906705538,0.11805555555555555,0.0,0.0,0.0,0.0,0.0,0.0,0.0,0.0,0.12645161290322582,0.025508179462261093,0.03455400900759689
recall,0.42342342342342343,0.5204081632653061,0.0,0.0,0.0,0.0,0.0,0.0,0.0,0.0,0.12645161290322582,0.09438315866887295,0.12645161290322582
f1-score,0.20704845814977973,0.19245283018867923,0.0,0.0,0.0,0.0,0.0,0.0,0.0,0.0,0.12645161290322582,0.039950128833845897,0.053990653178214346
support,111.0,98.0,74.0,74.0,70.0,104.0,73.0,68.0,61.0,42.0,0.12645161290322582,775.0,775.0
