,1,2,3,4,5,6,7,8,9,10,accuracy,macro avg,weighted avg
precision,0.16279069767441862,0.11014492753623188,0.0,0.0,0.0,0.0,0.0,0.0,0.0,0.0,0.1393548387096774,0.027293562521065053,0.03724383269730477
recall,0.6306306306306306,0.3877551020408163,0.0,0.0,0.0,0.0,0.0,0.0,0.0,0.0,0.1393548387096774,0.1018385732671447,0.1393548387096774
f1-score,0.2587800369685767,0.1715575620767494,0.0,0.0,0.0,0.0,0.0,0.0,0.0,0.0,0.1393548387096774,0.043033759904532606,0.05875770991875285
support,111.0,98.0,74.0,74.0,70.0,104.0,73.0,68.0,61.0,42.0,0.1393548387096774,775.0,775.0
