,1,2,3,4,5,6,7,8,9,10,accuracy,macro avg,weighted avg
precision,0.0776255707762557,0.09205020920502092,0.0,0.0,0.0,0.0,0.0,0.0,0.0,0.0,0.0851528384279476,0.016967577998127665,0.01590850443376484
recall,0.41975308641975306,0.4888888888888889,0.0,0.0,0.0,0.0,0.0,0.0,0.0,0.0,0.0851528384279476,0.0908641975308642,0.0851528384279476
f1-score,0.13102119460500963,0.15492957746478875,0.0,0.0,0.0,0.0,0.0,0.0,0.0,0.0,0.0851528384279476,0.028595077206979836,0.02680827372798774
support,81.0,90.0,88.0,68.0,68.0,71.0,104.0,109.0,119.0,118.0,0.0851528384279476,916.0,916.0
