,1,2,3,4,5,6,7,8,9,10,accuracy,macro avg,weighted avg
precision,0.10570824524312897,0.09932279909706546,0.0,0.0,0.0,0.0,0.0,0.0,0.0,0.0,0.10262008733624454,0.020503104434019443,0.01910635347535954
recall,0.6172839506172839,0.4888888888888889,0.0,0.0,0.0,0.0,0.0,0.0,0.0,0.0,0.10262008733624454,0.11061728395061728,0.10262008733624454
f1-score,0.1805054151624549,0.16510318949343336,0.0,0.0,0.0,0.0,0.0,0.0,0.0,0.0,0.10262008733624454,0.03456086046558883,0.032183652491886296
support,81.0,90.0,88.0,68.0,68.0,71.0,104.0,109.0,119.0,118.0,0.10262008733624454,916.0,916.0
