,1,2,3,4,5,6,7,8,9,10,accuracy,macro avg,weighted avg
precision,0.07142857142857142,0.07397260273972603,0.0,0.0,0.0,0.0,0.0,0.0,0.0,0.0,0.0726552179656539,0.014540117416829746,0.012414076576867696
recall,0.49122807017543857,0.375,0.0,0.0,0.0,0.0,0.0,0.0,0.0,0.0,0.0726552179656539,0.08662280701754385,0.0726552179656539
f1-score,0.12472160356347439,0.12356979405034324,0.0,0.0,0.0,0.0,0.0,0.0,0.0,0.0,0.0726552179656539,0.024829139761381763,0.021144196267823982
support,57.0,72.0,84.0,83.0,62.0,80.0,73.0,87.0,83.0,76.0,0.0726552179656539,757.0,757.0
