,1,2,3,4,5,6,7,8,9,10,accuracy,macro avg,weighted avg
precision,0.046153846153846156,0.16901408450704225,0.13157894736842105,0.18181818181818182,0.08333333333333333,0.16129032258064516,0.12790697674418605,0.11688311688311688,0.09433962264150944,0.11333333333333333,0.11624834874504623,0.12256517653636154,0.12544620732098596
recall,0.05263157894736842,0.16666666666666666,0.05952380952380952,0.0963855421686747,0.04838709677419355,0.0625,0.1506849315068493,0.10344827586206896,0.18072289156626506,0.2236842105263158,0.11624834874504623,0.11446350035422119,0.11624834874504623
f1-score,0.04918032786885246,0.16783216783216784,0.0819672131147541,0.12598425196850394,0.061224489795918366,0.09009009009009009,0.13836477987421383,0.10975609756097561,0.12396694214876033,0.15044247787610618,0.11624834874504623,0.10988088381303426,0.11176294993074459
support,57.0,72.0,84.0,83.0,62.0,80.0,73.0,87.0,83.0,76.0,0.11624834874504623,757.0,757.0
