,1,2,3,4,5,6,7,8,9,10,accuracy,macro avg,weighted avg
precision,0.15903614457831325,0.12222222222222222,0.0,0.0,0.0,0.0,0.0,0.0,0.0,0.0,0.14193548387096774,0.028125836680053546,0.038233277194800706
recall,0.5945945945945946,0.4489795918367347,0.0,0.0,0.0,0.0,0.0,0.0,0.0,0.0,0.14193548387096774,0.10435741864313293,0.14193548387096774
f1-score,0.2509505703422053,0.19213973799126638,0.0,0.0,0.0,0.0,0.0,0.0,0.0,0.0,0.14193548387096774,0.04430903083334717,0.060238977588553407
support,111.0,98.0,74.0,74.0,70.0,104.0,73.0,68.0,61.0,42.0,0.14193548387096774,775.0,775.0
