,1,2,3,4,5,6,7,8,9,10,accuracy,macro avg,weighted avg
precision,0.06837606837606838,0.10204081632653061,0.11428571428571428,0.037267080745341616,0.0784313725490196,0.0,0.0,0.0,0.0,0.0,0.08296943231441048,0.040040105228267446,0.03564058153821913
recall,0.09876543209876543,0.3333333333333333,0.18181818181818182,0.08823529411764706,0.23529411764705882,0.0,0.0,0.0,0.0,0.0,0.08296943231441048,0.09374463590149865,0.08296943231441048
f1-score,0.08080808080808081,0.15625,0.14035087719298245,0.05240174672489083,0.11764705882352941,0.0,0.0,0.0,0.0,0.0,0.08296943231441048,0.05474577635494835,0.048604967811931854
support,81.0,90.0,88.0,68.0,68.0,71.0,104.0,109.0,119.0,118.0,0.08296943231441048,916.0,916.0
