,1,2,3,4,5,6,7,8,9,10,accuracy,macro avg,weighted avg
precision,0.06569343065693431,0.10810810810810811,0.10679611650485436,0.10396039603960396,0.08333333333333333,0.0,0.0,0.0,0.0,0.0,0.09247027741083223,0.046789138464283404,0.04530325317779471
recall,0.15789473684210525,0.16666666666666666,0.13095238095238096,0.25301204819277107,0.27419354838709675,0.0,0.0,0.0,0.0,0.0,0.09247027741083223,0.09827193810410208,0.09247027741083223
f1-score,0.09278350515463918,0.13114754098360656,0.11764705882352942,0.14736842105263157,0.12781954887218044,0.0,0.0,0.0,0.0,0.0,0.09247027741083223,0.061676607488658705,0.059141382646306716
support,57.0,72.0,84.0,83.0,62.0,80.0,73.0,87.0,83.0,76.0,0.09247027741083223,757.0,757.0
