,1,2,3,4,5,6,7,8,9,10,accuracy,macro avg,weighted avg
precision,0.22123893805309736,0.14705882352941177,0.11616161616161616,0.08870967741935484,0.051470588235294115,0.0,0.0,0.0,0.0,0.0,0.12387096774193548,0.06246396433987743,0.07449381126611432
recall,0.22522522522522523,0.30612244897959184,0.3108108108108108,0.14864864864864866,0.1,0.0,0.0,0.0,0.0,0.0,0.12387096774193548,0.10908071336642766,0.12387096774193548
f1-score,0.2232142857142857,0.1986754966887417,0.1691176470588235,0.11111111111111112,0.06796116504854369,0.0,0.0,0.0,0.0,0.0,0.12387096774193548,0.07700797056215057,0.08998863748097498
support,111.0,98.0,74.0,74.0,70.0,104.0,73.0,68.0,61.0,42.0,0.12387096774193548,775.0,775.0
