,1,2,3,4,5,6,7,8,9,10,accuracy,macro avg,weighted avg
precision,0.06521739130434782,0.08,0.11347517730496454,0.09395973154362416,0.041666666666666664,0.058823529411764705,0.15476190476190477,0.18666666666666668,0.12781954887218044,0.11475409836065574,0.11026200873362445,0.10371447148927755,0.11032849852541018
recall,0.037037037037037035,0.044444444444444446,0.18181818181818182,0.20588235294117646,0.029411764705882353,0.056338028169014086,0.125,0.12844036697247707,0.14285714285714285,0.11864406779661017,0.11026200873362445,0.1069873386741966,0.11026200873362445
f1-score,0.047244094488188976,0.05714285714285715,0.13973799126637554,0.12903225806451613,0.034482758620689655,0.05755395683453238,0.13829787234042554,0.15217391304347827,0.1349206349206349,0.11666666666666667,0.11026200873362445,0.1007253003388365,0.1061834951583547
support,81.0,90.0,88.0,68.0,68.0,71.0,104.0,109.0,119.0,118.0,0.11026200873362445,916.0,916.0
