,1,2,3,4,5,6,7,8,9,10,accuracy,macro avg,weighted avg
precision,0.04326923076923077,0.09316770186335403,0.08888888888888889,0.11023622047244094,0.024691358024691357,0.0,0.0,0.0,0.0,0.0,0.07397622192866579,0.0360253400018606,0.03609188619738147
recall,0.15789473684210525,0.20833333333333334,0.19047619047619047,0.1686746987951807,0.03225806451612903,0.0,0.0,0.0,0.0,0.0,0.07397622192866579,0.07576370239629387,0.07397622192866579
f1-score,0.06792452830188679,0.12875536480686695,0.12121212121212122,0.13333333333333333,0.027972027972027972,0.0,0.0,0.0,0.0,0.0,0.07397622192866579,0.04791973756262362,0.04772105014802186
support,57.0,72.0,84.0,83.0,62.0,80.0,73.0,87.0,83.0,76.0,0.07397622192866579,757.0,757.0
