,1,2,3,4,5,6,7,8,9,10,accuracy,macro avg,weighted avg
precision,0.09523809523809523,0.1440677966101695,0.05511811023622047,0.08280254777070063,0.09716599190283401,0.0,0.0,0.0,0.0,0.0,0.09419354838709677,0.047439254175801984,0.05380363969669126
recall,0.10810810810810811,0.17346938775510204,0.0945945945945946,0.17567567567567569,0.34285714285714286,0.0,0.0,0.0,0.0,0.0,0.09419354838709677,0.08947049089906232,0.09419354838709677
f1-score,0.10126582278481013,0.15740740740740738,0.06965174129353235,0.11255411255411255,0.15141955835962145,0.0,0.0,0.0,0.0,0.0,0.09419354838709677,0.05922986423994838,0.06548262519346977
support,111.0,98.0,74.0,74.0,70.0,104.0,73.0,68.0,61.0,42.0,0.09419354838709677,775.0,775.0
