,1,2,3,4,5,6,7,8,9,10,accuracy,macro avg,weighted avg
precision,0.1278772378516624,0.1171875,0.0,0.0,0.0,0.0,0.0,0.0,0.0,0.0,0.12258064516129032,0.024506473785166242,0.033133868905205845
recall,0.45045045045045046,0.45918367346938777,0.0,0.0,0.0,0.0,0.0,0.0,0.0,0.0,0.12258064516129032,0.09096341239198383,0.12258064516129032
f1-score,0.199203187250996,0.18672199170124482,0.0,0.0,0.0,0.0,0.0,0.0,0.0,0.0,0.12258064516129032,0.03859251789522408,0.052142334156880715
support,111.0,98.0,74.0,74.0,70.0,104.0,73.0,68.0,61.0,42.0,0.12258064516129032,775.0,775.0
