,1,2,3,4,5,6,7,8,9,10,accuracy,macro avg,weighted avg
precision,0.06287425149700598,0.1016548463356974,0.0,0.0,0.0,0.0,0.0,0.0,0.0,0.0,0.0845442536327609,0.016452909783270336,0.014402881468295315
recall,0.3684210526315789,0.5972222222222222,0.0,0.0,0.0,0.0,0.0,0.0,0.0,0.0,0.0845442536327609,0.0965643274853801,0.0845442536327609
f1-score,0.10741687979539642,0.17373737373737372,0.0,0.0,0.0,0.0,0.0,0.0,0.0,0.0,0.0845442536327609,0.02811542535327701,0.024612751727118236
support,57.0,72.0,84.0,83.0,62.0,80.0,73.0,87.0,83.0,76.0,0.0845442536327609,757.0,757.0
