,1,2,3,4,5,6,7,8,9,10,accuracy,macro avg,weighted avg
precision,0.13445378151260504,0.14864864864864866,0.11666666666666667,0.08771929824561403,0.05776173285198556,0.0,0.0,0.0,0.0,0.0,0.09806451612903226,0.054525012792551994,0.06278686454014773
recall,0.14414414414414414,0.22448979591836735,0.0945945945945946,0.20270270270270271,0.22857142857142856,0.0,0.0,0.0,0.0,0.0,0.09806451612903226,0.08945026659312373,0.09806451612903226
f1-score,0.1391304347826087,0.17886178861788618,0.1044776119402985,0.12244897959183675,0.09221902017291066,0.0,0.0,0.0,0.0,0.0,0.09806451612903226,0.06371378351055407,0.07254171965277956
support,111.0,98.0,74.0,74.0,70.0,104.0,73.0,68.0,61.0,42.0,0.09806451612903226,775.0,775.0
