,1,2,3,4,5,6,7,8,9,10,accuracy,macro avg,weighted avg
precision,0.0783289817232376,0.08021390374331551,0.0,0.0,0.0,0.0,0.0,0.0,0.0,0.0,0.07926023778071334,0.01585428854665531,0.01352728273149704
recall,0.5263157894736842,0.4166666666666667,0.0,0.0,0.0,0.0,0.0,0.0,0.0,0.0,0.07926023778071334,0.09429824561403508,0.07926023778071334
f1-score,0.13636363636363635,0.13452914798206278,0.0,0.0,0.0,0.0,0.0,0.0,0.0,0.0,0.07926023778071334,0.027089278434569913,0.023063178239677403
support,57.0,72.0,84.0,83.0,62.0,80.0,73.0,87.0,83.0,76.0,0.07926023778071334,757.0,757.0
