,1,2,3,4,5,6,7,8,9,10,accuracy,macro avg,weighted avg
precision,0.06504065040650407,0.0707070707070707,0.1092436974789916,0.06944444444444445,0.06,0.0,0.0,0.0,0.0,0.0,0.0726552179656539,0.03744358630370108,0.03627290045073184
recall,0.14035087719298245,0.09722222222222222,0.15476190476190477,0.18072289156626506,0.1935483870967742,0.0,0.0,0.0,0.0,0.0,0.0726552179656539,0.07666062828401488,0.0726552179656539
f1-score,0.08888888888888889,0.08187134502923976,0.12807881773399016,0.10033444816053512,0.0916030534351145,0.0,0.0,0.0,0.0,0.0,0.0726552179656539,0.04907765532477684,0.04719573673544071
support,57.0,72.0,84.0,83.0,62.0,80.0,73.0,87.0,83.0,76.0,0.0726552179656539,757.0,757.0
