,1,2,3,4,5,6,7,8,9,10,accuracy,macro avg,weighted avg
precision,0.06451612903225806,0.09610389610389611,0.0,0.0,0.0,0.0,0.0,0.0,0.0,0.0,0.08058124174372523,0.016062002513615416,0.013998546729615891
recall,0.42105263157894735,0.5138888888888888,0.0,0.0,0.0,0.0,0.0,0.0,0.0,0.0,0.08058124174372523,0.09349415204678362,0.08058124174372523
f1-score,0.11188811188811187,0.16192560175054704,0.0,0.0,0.0,0.0,0.0,0.0,0.0,0.0,0.08058124174372523,0.02738137136386589,0.023825978472472604
support,57.0,72.0,84.0,83.0,62.0,80.0,73.0,87.0,83.0,76.0,0.08058124174372523,757.0,757.0
