,1,2,3,4,5,6,7,8,9,10,accuracy,macro avg,weighted avg
precision,0.12376237623762376,0.1293800539083558,0.0,0.0,0.0,0.0,0.0,0.0,0.0,0.0,0.12645161290322582,0.02531424301459796,0.03408628263921949
recall,0.45045045045045046,0.4897959183673469,0.0,0.0,0.0,0.0,0.0,0.0,0.0,0.0,0.12645161290322582,0.09402463688177973,0.12645161290322582
f1-score,0.19417475728155342,0.2046908315565032,0.0,0.0,0.0,0.0,0.0,0.0,0.0,0.0,0.12645161290322582,0.03988655888380566,0.05369432200101902
support,111.0,98.0,74.0,74.0,70.0,104.0,73.0,68.0,61.0,42.0,0.12645161290322582,775.0,775.0
