,1,2,3,4,5,6,7,8,9,10,accuracy,macro avg,weighted avg
precision,0.21323529411764705,0.1417624521072797,0.08333333333333333,0.08333333333333333,0.08666666666666667,0.0,0.0,0.0,0.0,0.0,0.12645161290322582,0.060833107955826006,0.07220882316589965
recall,0.26126126126126126,0.37755102040816324,0.0945945945945946,0.16216216216216217,0.18571428571428572,0.0,0.0,0.0,0.0,0.0,0.12645161290322582,0.1081283324140467,0.12645161290322582
f1-score,0.23481781376518218,0.2061281337047354,0.08860759493670885,0.11009174311926606,0.1181818181818182,0.0,0.0,0.0,0.0,0.0,0.12645161290322582,0.07578271037077107,0.08934427447724994
support,111.0,98.0,74.0,74.0,70.0,104.0,73.0,68.0,61.0,42.0,0.12645161290322582,775.0,775.0
