,1,2,3,4,5,6,7,8,9,10,accuracy,macro avg,weighted avg
precision,0.062111801242236024,0.13043478260869565,0.1377551020408163,0.10365853658536585,0.10204081632653061,0.0,0.0,0.0,0.0,0.0,0.1083223249669749,0.053600103880364444,0.0520915386246927
recall,0.17543859649122806,0.25,0.32142857142857145,0.20481927710843373,0.16129032258064516,0.0,0.0,0.0,0.0,0.0,0.1083223249669749,0.11129767676088784,0.1083223249669749
f1-score,0.09174311926605504,0.1714285714285714,0.19285714285714284,0.13765182186234817,0.12500000000000003,0.0,0.0,0.0,0.0,0.0,0.1083223249669749,0.07186806554141174,0.06994361447238728
support,57.0,72.0,84.0,83.0,62.0,80.0,73.0,87.0,83.0,76.0,0.1083223249669749,757.0,757.0
