,1,2,3,4,5,6,7,8,9,10,accuracy,macro avg,weighted avg
precision,0.07543103448275862,0.11283185840707964,0.0,0.0,0.0,0.0,0.0,0.0,0.0,0.0,0.09388646288209607,0.018826289288983826,0.017756311189673163
recall,0.43209876543209874,0.5666666666666667,0.0,0.0,0.0,0.0,0.0,0.0,0.0,0.0,0.09388646288209607,0.09987654320987653,0.09388646288209607
f1-score,0.12844036697247704,0.18819188191881916,0.0,0.0,0.0,0.0,0.0,0.0,0.0,0.0,0.09388646288209607,0.03166322488912962,0.029848186787624853
support,81.0,90.0,88.0,68.0,68.0,71.0,104.0,109.0,119.0,118.0,0.09388646288209607,916.0,916.0
