,1,2,3,4,5,6,7,8,9,10,accuracy,macro avg,weighted avg
precision,0.15671641791044777,0.20987654320987653,0.08421052631578947,0.08839779005524862,0.06690140845070422,0.0,0.0,0.0,0.0,0.0,0.10451612903225807,0.060610268594206665,0.07150908080726931
recall,0.1891891891891892,0.17346938775510204,0.10810810810810811,0.21621621621621623,0.2714285714285714,0.0,0.0,0.0,0.0,0.0,0.10451612903225807,0.09584114726971871,0.10451612903225807
f1-score,0.17142857142857146,0.18994413407821226,0.09467455621301776,0.12549019607843137,0.10734463276836158,0.0,0.0,0.0,0.0,0.0,0.10451612903225807,0.06888820905665945,0.07928956455688874
support,111.0,98.0,74.0,74.0,70.0,104.0,73.0,68.0,61.0,42.0,0.10451612903225807,775.0,775.0
