,1,2,3,4,5,6,7,8,9,10,accuracy,macro avg,weighted avg
precision,0.08967391304347826,0.09254498714652956,0.0,0.0,0.0,0.0,0.0,0.0,0.0,0.0,0.09114927344782034,0.01822189001900078,0.015554362111001835
recall,0.5789473684210527,0.5,0.0,0.0,0.0,0.0,0.0,0.0,0.0,0.0,0.09114927344782034,0.10789473684210527,0.09114927344782034
f1-score,0.1552941176470588,0.1561822125813449,0.0,0.0,0.0,0.0,0.0,0.0,0.0,0.0,0.09114927344782034,0.03114763302284037,0.026548063423697733
support,57.0,72.0,84.0,83.0,62.0,80.0,73.0,87.0,83.0,76.0,0.09114927344782034,757.0,757.0
