,1,2,3,4,5,6,7,8,9,10,accuracy,macro avg,weighted avg
precision,0.07983193277310924,0.19658119658119658,0.08900523560209424,0.07586206896551724,0.12121212121212122,0.0,0.0,0.0,0.0,0.0,0.10303830911492734,0.05624925551340385,0.052830131244093456
recall,0.3333333333333333,0.3194444444444444,0.20238095238095238,0.13253012048192772,0.12903225806451613,0.0,0.0,0.0,0.0,0.0,0.10303830911492734,0.11167211087051739,0.10303830911492734
f1-score,0.1288135593220339,0.24338624338624337,0.12363636363636364,0.09649122807017543,0.125,0.0,0.0,0.0,0.0,0.0,0.10303830911492734,0.07173273944148163,0.06738495228592412
support,57.0,72.0,84.0,83.0,62.0,80.0,73.0,87.0,83.0,76.0,0.10303830911492734,757.0,757.0
