,1,2,3,4,5,6,7,8,9,10,accuracy,macro avg,weighted avg
precision,0.027777777777777776,0.14473684210526316,0.07476635514018691,0.13402061855670103,0.06985294117647059,0.0,0.0,0.0,0.0,0.0,0.08850726552179657,0.045115453475639944,0.044569819669531496
recall,0.05263157894736842,0.1527777777777778,0.09523809523809523,0.3132530120481928,0.3064516129032258,0.0,0.0,0.0,0.0,0.0,0.08850726552179657,0.092035207691466,0.08850726552179657
f1-score,0.03636363636363636,0.14864864864864866,0.0837696335078534,0.18772563176895307,0.11377245508982035,0.0,0.0,0.0,0.0,0.0,0.08850726552179657,0.05702800053789118,0.0560729178896719
support,57.0,72.0,84.0,83.0,62.0,80.0,73.0,87.0,83.0,76.0,0.08850726552179657,757.0,757.0
