,1,2,3,4,5,6,7,8,9,10,accuracy,macro avg,weighted avg
precision,0.07731958762886598,0.10840108401084012,0.0,0.0,0.0,0.0,0.0,0.0,0.0,0.0,0.09247027741083223,0.01857206716397061,0.01613222528880561
recall,0.5263157894736842,0.5555555555555556,0.0,0.0,0.0,0.0,0.0,0.0,0.0,0.0,0.09247027741083223,0.10818713450292398,0.09247027741083223
f1-score,0.1348314606741573,0.18140589569160998,0.0,0.0,0.0,0.0,0.0,0.0,0.0,0.0,0.09247027741083223,0.03162373563657673,0.027406364264495223
support,57.0,72.0,84.0,83.0,62.0,80.0,73.0,87.0,83.0,76.0,0.09247027741083223,757.0,757.0
