,1,2,3,4,5,6,7,8,9,10,accuracy,macro avg,weighted avg
precision,0.08547008547008547,0.08258928571428571,0.0,0.0,0.0,0.0,0.0,0.0,0.0,0.0,0.08406113537117904,0.01680593711843712,0.01567261204952253
recall,0.49382716049382713,0.4111111111111111,0.0,0.0,0.0,0.0,0.0,0.0,0.0,0.0,0.08406113537117904,0.09049382716049383,0.08406113537117904
f1-score,0.14571948998178505,0.137546468401487,0.0,0.0,0.0,0.0,0.0,0.0,0.0,0.0,0.08406113537117904,0.028326595838327206,0.026400066424299585
support,81.0,90.0,88.0,68.0,68.0,71.0,104.0,109.0,119.0,118.0,0.08406113537117904,916.0,916.0
