,1,2,3,4,5,6,7,8,9,10,accuracy,macro avg,weighted avg
precision,0.17218543046357615,0.12738853503184713,0.09395973154362416,0.10638297872340426,0.0847457627118644,0.0,0.0,0.0,0.0,0.0,0.11612903225806452,0.05846624384743161,0.06755383634086269
recall,0.23423423423423423,0.20408163265306123,0.1891891891891892,0.20270270270270271,0.21428571428571427,0.0,0.0,0.0,0.0,0.0,0.11612903225806452,0.10444934730649016,0.11612903225806452
f1-score,0.1984732824427481,0.15686274509803924,0.12556053811659193,0.13953488372093023,0.12145748987854249,0.0,0.0,0.0,0.0,0.0,0.11612903225806452,0.0741888939256852,0.08454473403642257
support,111.0,98.0,74.0,74.0,70.0,104.0,73.0,68.0,61.0,42.0,0.11612903225806452,775.0,775.0
