,1,2,3,4,5,6,7,8,9,10,accuracy,macro avg,weighted avg
precision,0.07368421052631578,0.1391304347826087,0.09090909090909091,0.10465116279069768,0.05194805194805195,0.10619469026548672,0.0784313725490196,0.1,0.16666666666666666,0.1388888888888889,0.10171730515191546,0.1050504569326827,0.10709449799118209
recall,0.12280701754385964,0.2222222222222222,0.09523809523809523,0.10843373493975904,0.06451612903225806,0.15,0.0547945205479452,0.06896551724137931,0.07228915662650602,0.06578947368421052,0.10171730515191546,0.10250558670762352,0.10171730515191546
f1-score,0.09210526315789472,0.17112299465240643,0.09302325581395349,0.10650887573964497,0.05755395683453237,0.12435233160621763,0.06451612903225806,0.08163265306122448,0.10084033613445378,0.08928571428571429,0.10171730515191546,0.09809415103183002,0.09869056547229806
support,57.0,72.0,84.0,83.0,62.0,80.0,73.0,87.0,83.0,76.0,0.10171730515191546,757.0,757.0
