,1,2,3,4,5,6,7,8,9,10,accuracy,macro avg,weighted avg
precision,0.08771929824561403,0.1390728476821192,0.06097560975609756,0.08139534883720931,0.10204081632653061,0.12121212121212122,0.12987012987012986,0.17045454545454544,0.06896551724137931,0.2571428571428571,0.11572052401746726,0.12188490917686037,0.12740522445484412
recall,0.18518518518518517,0.23333333333333334,0.056818181818181816,0.10294117647058823,0.14705882352941177,0.16901408450704225,0.09615384615384616,0.13761467889908258,0.01680672268907563,0.07627118644067797,0.11572052401746726,0.12211972190264249,0.11572052401746726
f1-score,0.11904761904761904,0.17427385892116182,0.0588235294117647,0.09090909090909091,0.12048192771084339,0.1411764705882353,0.11049723756906077,0.15228426395939085,0.027027027027027025,0.11764705882352941,0.11572052401746726,0.11121680839677231,0.10927004404810682
support,81.0,90.0,88.0,68.0,68.0,71.0,104.0,109.0,119.0,118.0,0.11572052401746726,916.0,916.0
