,1,2,3,4,5,6,7,8,9,10,accuracy,macro avg,weighted avg
precision,0.13740458015267176,0.14814814814814814,0.1619047619047619,0.06557377049180328,0.03592814371257485,0.0,0.0,0.0,0.0,0.0,0.10451612903225807,0.05489594044099598,0.063379107577666
recall,0.16216216216216217,0.2857142857142857,0.22972972972972974,0.16216216216216217,0.08571428571428572,0.0,0.0,0.0,0.0,0.0,0.10451612903225807,0.09254826254826255,0.10451612903225807
f1-score,0.1487603305785124,0.1951219512195122,0.1899441340782123,0.0933852140077821,0.05063291139240506,0.0,0.0,0.0,0.0,0.0,0.10451612903225807,0.06778445412764242,0.07760648189620517
support,111.0,98.0,74.0,74.0,70.0,104.0,73.0,68.0,61.0,42.0,0.10451612903225807,775.0,775.0
