,1,2,3,4,5,6,7,8,9,10,accuracy,macro avg,weighted avg
precision,0.1232876712328767,0.14285714285714285,0.08391608391608392,0.07602339181286549,0.05504587155963303,0.0,0.0,0.0,0.0,0.0,0.09716157205240175,0.0481130161378602,0.04273009773029602
recall,0.2222222222222222,0.37777777777777777,0.13636363636363635,0.19117647058823528,0.17647058823529413,0.0,0.0,0.0,0.0,0.0,0.09716157205240175,0.11040106951871657,0.09716157205240175
f1-score,0.15859030837004406,0.20731707317073172,0.1038961038961039,0.10878661087866108,0.08391608391608392,0.0,0.0,0.0,0.0,0.0,0.09716157205240175,0.06625061802316248,0.058680122218601784
support,81.0,90.0,88.0,68.0,68.0,71.0,104.0,109.0,119.0,118.0,0.09716157205240175,916.0,916.0
