,1,2,3,4,5,6,7,8,9,10,accuracy,macro avg,weighted avg
precision,0.08056872037914692,0.11695906432748537,0.08695652173913043,0.06451612903225806,0.04487179487179487,0.0,0.0,0.0,0.0,0.0,0.07860262008733625,0.039387223034981565,0.035090540260593515
recall,0.20987654320987653,0.2222222222222222,0.1590909090909091,0.20588235294117646,0.10294117647058823,0.0,0.0,0.0,0.0,0.0,0.07860262008733625,0.09000132039347725,0.07860262008733625
f1-score,0.11643835616438356,0.1532567049808429,0.11244979919678715,0.0982456140350877,0.0625,0.0,0.0,0.0,0.0,0.0,0.07860262008733625,0.054289047437710125,0.048090496049447776
support,81.0,90.0,88.0,68.0,68.0,71.0,104.0,109.0,119.0,118.0,0.07860262008733625,916.0,916.0
