,1,2,3,4,5,6,7,8,9,10,accuracy,macro avg,weighted avg
precision,0.25,0.13793103448275862,0.15,0.09345794392523364,0.20930232558139536,0.18032786885245902,0.07142857142857142,0.10294117647058823,0.125,0.0673076923076923,0.12903225806451613,0.13876966130486984,0.14884464409334175
recall,0.12612612612612611,0.08163265306122448,0.24324324324324326,0.13513513513513514,0.12857142857142856,0.10576923076923077,0.0684931506849315,0.10294117647058823,0.18032786885245902,0.16666666666666666,0.12903225806451613,0.1338906679581034,0.12903225806451613
f1-score,0.16766467065868262,0.10256410256410256,0.18556701030927836,0.11049723756906077,0.15929203539823006,0.13333333333333333,0.06993006993006994,0.10294117647058823,0.1476510067114094,0.09589041095890409,0.12903225806451613,0.12753310539036594,0.12997022936322677
support,111.0,98.0,74.0,74.0,70.0,104.0,73.0,68.0,61.0,42.0,0.12903225806451613,775.0,775.0
