,1,2,3,4,5,6,7,8,9,10,accuracy,macro avg,weighted avg
precision,0.09146341463414634,0.09433962264150944,0.0,0.0,0.0,0.0,0.0,0.0,0.0,0.0,0.0927947598253275,0.018580303727565577,0.017357098933517143
recall,0.5555555555555556,0.4444444444444444,0.0,0.0,0.0,0.0,0.0,0.0,0.0,0.0,0.0927947598253275,0.1,0.0927947598253275
f1-score,0.15706806282722513,0.15564202334630353,0.0,0.0,0.0,0.0,0.0,0.0,0.0,0.0,0.0927947598253275,0.031271008617352866,0.029181544967437287
support,81.0,90.0,88.0,68.0,68.0,71.0,104.0,109.0,119.0,118.0,0.0927947598253275,916.0,916.0
