,1,2,3,4,5,6,7,8,9,10,accuracy,macro avg,weighted avg
precision,0.06557377049180328,0.1111111111111111,0.06930693069306931,0.10833333333333334,0.1145374449339207,0.0,0.0,0.0,0.0,0.0,0.095112285336856,0.04688625905632378,0.0444550533009516
recall,0.21052631578947367,0.19444444444444445,0.08333333333333333,0.1566265060240964,0.41935483870967744,0.0,0.0,0.0,0.0,0.0,0.095112285336856,0.10642854383010251,0.095112285336856
f1-score,0.1,0.14141414141414138,0.0756756756756757,0.12807881773399016,0.17993079584775085,0.0,0.0,0.0,0.0,0.0,0.095112285336856,0.06250994306715581,0.05815696981909733
support,57.0,72.0,84.0,83.0,62.0,80.0,73.0,87.0,83.0,76.0,0.095112285336856,757.0,757.0
