,1,2,3,4,5,6,7,8,9,10,accuracy,macro avg,weighted avg
precision,0.09342560553633218,0.12307692307692308,0.08203125,0.07303370786516854,0.06349206349206349,0.0,0.0,0.0,0.0,0.0,0.08842794759825327,0.04350595499704873,0.038369977704866554
recall,0.3333333333333333,0.17777777777777778,0.23863636363636365,0.19117647058823528,0.058823529411764705,0.0,0.0,0.0,0.0,0.0,0.08842794759825327,0.09997474747474747,0.08842794759825327
f1-score,0.14594594594594595,0.14545454545454545,0.12209302325581396,0.1056910569105691,0.061068702290076333,0.0,0.0,0.0,0.0,0.0,0.08842794759825327,0.05802532738569508,0.051306092123019904
support,81.0,90.0,88.0,68.0,68.0,71.0,104.0,109.0,119.0,118.0,0.08842794759825327,916.0,916.0
