,1,2,3,4,5,6,7,8,9,10,accuracy,macro avg,weighted avg
precision,0.14534883720930233,0.11832946635730858,0.0,0.0,0.0,0.0,0.0,0.0,0.0,0.0,0.13032258064516128,0.02636783035666109,0.0357806563009662
recall,0.45045045045045046,0.5204081632653061,0.0,0.0,0.0,0.0,0.0,0.0,0.0,0.0,0.13032258064516128,0.09708586137157567,0.13032258064516128
f1-score,0.21978021978021978,0.1928166351606805,0.0,0.0,0.0,0.0,0.0,0.0,0.0,0.0,0.13032258064516128,0.04125968549409002,0.055860173730775585
support,111.0,98.0,74.0,74.0,70.0,104.0,73.0,68.0,61.0,42.0,0.13032258064516128,775.0,775.0
