,1,2,3,4,5,6,7,8,9,10,accuracy,macro avg,weighted avg
precision,0.1935483870967742,0.20652173913043478,0.09900990099009901,0.09701492537313433,0.08191126279863481,0.0,0.0,0.0,0.0,0.0,0.12387096774193548,0.06780062153890772,0.07995177670878484
recall,0.2702702702702703,0.19387755102040816,0.13513513513513514,0.17567567567567569,0.34285714285714286,0.0,0.0,0.0,0.0,0.0,0.12387096774193548,0.11178157749586322,0.12387096774193548
f1-score,0.2255639097744361,0.2,0.1142857142857143,0.125,0.1322314049586777,0.0,0.0,0.0,0.0,0.0,0.12387096774193548,0.07970810290188282,0.09238830346995187
support,111.0,98.0,74.0,74.0,70.0,104.0,73.0,68.0,61.0,42.0,0.12387096774193548,775.0,775.0
