,1,2,3,4,5,6,7,8,9,10,accuracy,macro avg,weighted avg
precision,0.0830188679245283,0.0931174089068826,0.08955223880597014,0.12598425196850394,0.09210526315789473,0.0,0.0,0.0,0.0,0.0,0.09388646288209607,0.04837780307637797,0.04128360168889378
recall,0.2716049382716049,0.25555555555555554,0.20454545454545456,0.23529411764705882,0.10294117647058823,0.0,0.0,0.0,0.0,0.0,0.09388646288209607,0.10699412424902621,0.09388646288209607
f1-score,0.12716763005780346,0.13649851632047477,0.1245674740484429,0.1641025641025641,0.09722222222222222,0.0,0.0,0.0,0.0,0.0,0.09388646288209607,0.06495584067515074,0.0560234363426564
support,81.0,90.0,88.0,68.0,68.0,71.0,104.0,109.0,119.0,118.0,0.09388646288209607,916.0,916.0
