,1,2,3,4,5,6,7,8,9,10,accuracy,macro avg,weighted avg
precision,0.10588235294117647,0.1518987341772152,0.06741573033707865,0.11176470588235295,0.08614232209737828,0.0,0.0,0.0,0.0,0.0,0.10064516129032258,0.05231038454352015,0.05926236381018335
recall,0.16216216216216217,0.12244897959183673,0.08108108108108109,0.25675675675675674,0.32857142857142857,0.0,0.0,0.0,0.0,0.0,0.10064516129032258,0.09510204081632653,0.10064516129032258
f1-score,0.12811387900355872,0.13559322033898305,0.0736196319018405,0.1557377049180328,0.13649851632047477,0.0,0.0,0.0,0.0,0.0,0.10064516129032258,0.06295629524828898,0.0697240196512506
support,111.0,98.0,74.0,74.0,70.0,104.0,73.0,68.0,61.0,42.0,0.10064516129032258,775.0,775.0
