,1,2,3,4,5,6,7,8,9,10,accuracy,macro avg,weighted avg
precision,0.0712401055408971,0.07671957671957672,0.0,0.0,0.0,0.0,0.0,0.0,0.0,0.0,0.07397622192866579,0.014795968226047382,0.012661156591335085
recall,0.47368421052631576,0.4027777777777778,0.0,0.0,0.0,0.0,0.0,0.0,0.0,0.0,0.07397622192866579,0.08764619883040936,0.07397622192866579
f1-score,0.12385321100917433,0.1288888888888889,0.0,0.0,0.0,0.0,0.0,0.0,0.0,0.0,0.07397622192866579,0.025274209989806323,0.02158471998351775
support,57.0,72.0,84.0,83.0,62.0,80.0,73.0,87.0,83.0,76.0,0.07397622192866579,757.0,757.0
