,1,2,3,4,5,6,7,8,9,10,accuracy,macro avg,weighted avg
precision,0.13513513513513514,0.12839506172839507,0.0,0.0,0.0,0.0,0.0,0.0,0.0,0.0,0.13161290322580646,0.026353019686353018,0.03559060135404222
recall,0.45045045045045046,0.5306122448979592,0.0,0.0,0.0,0.0,0.0,0.0,0.0,0.0,0.13161290322580646,0.09810626953484096,0.13161290322580646
f1-score,0.2079002079002079,0.20675944333996024,0.0,0.0,0.0,0.0,0.0,0.0,0.0,0.0,0.13161290322580646,0.04146596512401681,0.05592174003127637
support,111.0,98.0,74.0,74.0,70.0,104.0,73.0,68.0,61.0,42.0,0.13161290322580646,775.0,775.0
