,1,2,3,4,5,6,7,8,9,10,accuracy,macro avg,weighted avg
precision,0.09740259740259741,0.06060606060606061,0.06282722513089005,0.10317460317460317,0.06818181818181818,0.0,0.0,0.0,0.0,0.0,0.07661822985468957,0.03921923044959694,0.03696675841128662
recall,0.2631578947368421,0.16666666666666666,0.14285714285714285,0.1566265060240964,0.0967741935483871,0.0,0.0,0.0,0.0,0.0,0.07661822985468957,0.08260824038331352,0.07661822985468957
f1-score,0.14218009478672985,0.08888888888888888,0.08727272727272727,0.12440191387559806,0.08,0.0,0.0,0.0,0.0,0.0,0.07661822985468957,0.0522743624823944,0.04903637165842447
support,57.0,72.0,84.0,83.0,62.0,80.0,73.0,87.0,83.0,76.0,0.07661822985468957,757.0,757.0
