,1,2,3,4,5,6,7,8,9,10,accuracy,macro avg,weighted avg
precision,0.06459948320413436,0.10540540540540541,0.0,0.0,0.0,0.0,0.0,0.0,0.0,0.0,0.0845442536327609,0.017000488860953976,0.014889510874273247
recall,0.43859649122807015,0.5416666666666666,0.0,0.0,0.0,0.0,0.0,0.0,0.0,0.0,0.0845442536327609,0.09802631578947367,0.0845442536327609
f1-score,0.11261261261261259,0.17647058823529413,0.0,0.0,0.0,0.0,0.0,0.0,0.0,0.0,0.0845442536327609,0.028908320084790672,0.025263938271942
support,57.0,72.0,84.0,83.0,62.0,80.0,73.0,87.0,83.0,76.0,0.0845442536327609,757.0,757.0
