,1,2,3,4,5,6,7,8,9,10,accuracy,macro avg,weighted avg
precision,0.07818930041152264,0.09239130434782608,0.08982035928143713,0.061611374407582936,0.06306306306306306,0.0,0.0,0.0,0.0,0.0,0.07751091703056769,0.03850754015114318,0.03387620533778174
recall,0.2345679012345679,0.18888888888888888,0.17045454545454544,0.19117647058823528,0.10294117647058823,0.0,0.0,0.0,0.0,0.0,0.07751091703056769,0.08880289826368257,0.07751091703056769
f1-score,0.11728395061728394,0.12408759124087593,0.1176470588235294,0.0931899641577061,0.07821229050279328,0.0,0.0,0.0,0.0,0.0,0.07751091703056769,0.053042085534218866,0.04658971365181591
support,81.0,90.0,88.0,68.0,68.0,71.0,104.0,109.0,119.0,118.0,0.07751091703056769,916.0,916.0
