,1,2,3,4,5,6,7,8,9,10,accuracy,macro avg,weighted avg
precision,0.23008849557522124,0.08376963350785341,0.088,0.06896551724137931,0.07391304347826087,0.0,0.0,0.0,0.0,0.0,0.10064516129032258,0.054473668980271485,0.06521110762833485
recall,0.23423423423423423,0.16326530612244897,0.14864864864864866,0.10810810810810811,0.24285714285714285,0.0,0.0,0.0,0.0,0.0,0.10064516129032258,0.0897113439970583,0.10064516129032258
f1-score,0.23214285714285715,0.1107266435986159,0.11055276381909547,0.08421052631578947,0.11333333333333336,0.0,0.0,0.0,0.0,0.0,0.10064516129032258,0.06509661242096913,0.0760837226049501
support,111.0,98.0,74.0,74.0,70.0,104.0,73.0,68.0,61.0,42.0,0.10064516129032258,775.0,775.0
