,1,2,3,4,5,6,7,8,9,10,accuracy,macro avg,weighted avg
precision,0.07179487179487179,0.08991825613079019,0.0,0.0,0.0,0.0,0.0,0.0,0.0,0.0,0.08058124174372523,0.016171312792566197,0.013958285513506719
recall,0.49122807017543857,0.4583333333333333,0.0,0.0,0.0,0.0,0.0,0.0,0.0,0.0,0.08058124174372523,0.09495614035087718,0.08058124174372523
f1-score,0.12527964205816555,0.15034168564920272,0.0,0.0,0.0,0.0,0.0,0.0,0.0,0.0,0.08058124174372523,0.027562132770736825,0.023732550811173096
support,57.0,72.0,84.0,83.0,62.0,80.0,73.0,87.0,83.0,76.0,0.08058124174372523,757.0,757.0
