,1,2,3,4,5,6,7,8,9,10,accuracy,macro avg,weighted avg
precision,0.13125,0.13636363636363635,0.08609271523178808,0.07027027027027027,0.025,0.0,0.0,0.0,0.0,0.0,0.08951965065502183,0.04489766218656947,0.04034772335316922
recall,0.25925925925925924,0.3333333333333333,0.14772727272727273,0.19117647058823528,0.07352941176470588,0.0,0.0,0.0,0.0,0.0,0.08951965065502183,0.10050257476728064,0.08951965065502183
f1-score,0.1742738589211618,0.1935483870967742,0.10878661087866108,0.10276679841897234,0.03731343283582089,0.0,0.0,0.0,0.0,0.0,0.08951965065502183,0.061668908815139034,0.055277527176825214
support,81.0,90.0,88.0,68.0,68.0,71.0,104.0,109.0,119.0,118.0,0.08951965065502183,916.0,916.0
