,1,2,3,4,5,6,7,8,9,10,accuracy,macro avg,weighted avg
precision,0.06779661016949153,0.08196721311475409,0.05194805194805195,0.0945945945945946,0.0944206008583691,0.0,0.0,0.0,0.0,0.0,0.08190224570673713,0.03907270706852613,0.036770292063579804
recall,0.21052631578947367,0.1388888888888889,0.047619047619047616,0.1686746987951807,0.3548387096774194,0.0,0.0,0.0,0.0,0.0,0.08190224570673713,0.09205476607700103,0.08190224570673713
f1-score,0.10256410256410256,0.10309278350515463,0.04968944099378882,0.1212121212121212,0.14915254237288136,0.0,0.0,0.0,0.0,0.0,0.08190224570673713,0.05257109906480486,0.0485479669613315
support,57.0,72.0,84.0,83.0,62.0,80.0,73.0,87.0,83.0,76.0,0.08190224570673713,757.0,757.0
