,1,2,3,4,5,6,7,8,9,10,accuracy,macro avg,weighted avg
precision,0.11197916666666667,0.12020460358056266,0.0,0.0,0.0,0.0,0.0,0.0,0.0,0.0,0.11612903225806452,0.023218377024722934,0.031238372452767924
recall,0.38738738738738737,0.47959183673469385,0.0,0.0,0.0,0.0,0.0,0.0,0.0,0.0,0.11612903225806452,0.08669792241220813,0.11612903225806452
f1-score,0.17373737373737375,0.19222903885480574,0.0,0.0,0.0,0.0,0.0,0.0,0.0,0.0,0.11612903225806452,0.03659664125921795,0.049191347474347676
support,111.0,98.0,74.0,74.0,70.0,104.0,73.0,68.0,61.0,42.0,0.11612903225806452,775.0,775.0
