,1,2,3,4,5,6,7,8,9,10,accuracy,macro avg,weighted avg
precision,0.08685968819599109,0.09635974304068523,0.0,0.0,0.0,0.0,0.0,0.0,0.0,0.0,0.09170305676855896,0.018321943123667632,0.017148484298621123
recall,0.48148148148148145,0.5,0.0,0.0,0.0,0.0,0.0,0.0,0.0,0.0,0.09170305676855896,0.09814814814814814,0.09170305676855896
f1-score,0.1471698113207547,0.1615798922800718,0.0,0.0,0.0,0.0,0.0,0.0,0.0,0.0,0.09170305676855896,0.030874970360082653,0.028889677971820515
support,81.0,90.0,88.0,68.0,68.0,71.0,104.0,109.0,119.0,118.0,0.09170305676855896,916.0,916.0
