,1,2,3,4,5,6,7,8,9,10,accuracy,macro avg,weighted avg
precision,0.0975609756097561,0.11004784688995216,0.10666666666666667,0.06043956043956044,0.07109004739336493,0.0,0.0,0.0,0.0,0.0,0.08842794759825327,0.044580509699930035,0.03945133760239249
recall,0.19753086419753085,0.25555555555555554,0.18181818181818182,0.16176470588235295,0.22058823529411764,0.0,0.0,0.0,0.0,0.0,0.08842794759825327,0.10172575427477389,0.08842794759825327
f1-score,0.1306122448979592,0.15384615384615385,0.13445378151260506,0.088,0.10752688172043011,0.0,0.0,0.0,0.0,0.0,0.08842794759825327,0.06144390619771482,0.054097714424658334
support,81.0,90.0,88.0,68.0,68.0,71.0,104.0,109.0,119.0,118.0,0.08842794759825327,916.0,916.0
