,1,2,3,4,5,6,7,8,9,10,accuracy,macro avg,weighted avg
precision,0.09978308026030369,0.0945054945054945,0.0,0.0,0.0,0.0,0.0,0.0,0.0,0.0,0.09716157205240175,0.019428857476579818,0.01810908734342697
recall,0.5679012345679012,0.4777777777777778,0.0,0.0,0.0,0.0,0.0,0.0,0.0,0.0,0.09716157205240175,0.1045679012345679,0.09716157205240175
f1-score,0.16974169741697417,0.1577981651376147,0.0,0.0,0.0,0.0,0.0,0.0,0.0,0.0,0.09716157205240175,0.03275398625545889,0.0305140964554151
support,81.0,90.0,88.0,68.0,68.0,71.0,104.0,109.0,119.0,118.0,0.09716157205240175,916.0,916.0
