,1,2,3,4,5,6,7,8,9,10,accuracy,macro avg,weighted avg
precision,0.1574074074074074,0.13043478260869565,0.072,0.05128205128205128,0.0782122905027933,0.0,0.0,0.0,0.0,0.0,0.0967741935483871,0.04893365318009476,0.057874274900569955
recall,0.15315315315315314,0.2755102040816326,0.12162162162162163,0.10810810810810811,0.2,0.0,0.0,0.0,0.0,0.0,0.0967741935483871,0.08583930869645155,0.0967741935483871
f1-score,0.15525114155251138,0.17704918032786884,0.09045226130653268,0.06956521739130435,0.11244979919678716,0.0,0.0,0.0,0.0,0.0,0.0967741935483871,0.06047675997750044,0.07005996871209672
support,111.0,98.0,74.0,74.0,70.0,104.0,73.0,68.0,61.0,42.0,0.0967741935483871,775.0,775.0
