,1,2,3,4,5,6,7,8,9,10,accuracy,macro avg,weighted avg
precision,0.08870967741935484,0.08955223880597014,0.11363636363636363,0.0650887573964497,0.09917355371900827,0.0,0.0,0.0,0.0,0.0,0.08982826948480846,0.04561605909771466,0.04306577879375358
recall,0.19298245614035087,0.16666666666666666,0.11904761904761904,0.13253012048192772,0.3870967741935484,0.0,0.0,0.0,0.0,0.0,0.08982826948480846,0.09983236365301126,0.08982826948480846
f1-score,0.12154696132596686,0.11650485436893203,0.11627906976744186,0.0873015873015873,0.15789473684210525,0.0,0.0,0.0,0.0,0.0,0.08982826948480846,0.059952720960603334,0.05563999154669829
support,57.0,72.0,84.0,83.0,62.0,80.0,73.0,87.0,83.0,76.0,0.08982826948480846,757.0,757.0
