,1,2,3,4,5,6,7,8,9,10,accuracy,macro avg,weighted avg
precision,0.08902691511387163,0.10161662817551963,0.0,0.0,0.0,0.0,0.0,0.0,0.0,0.0,0.09497816593886463,0.019064354328939125,0.01785663390831918
recall,0.5308641975308642,0.4888888888888889,0.0,0.0,0.0,0.0,0.0,0.0,0.0,0.0,0.09497816593886463,0.1019753086419753,0.09497816593886463
f1-score,0.1524822695035461,0.1682600382409178,0.0,0.0,0.0,0.0,0.0,0.0,0.0,0.0,0.09497816593886463,0.03207423077444639,0.030015793964486722
support,81.0,90.0,88.0,68.0,68.0,71.0,104.0,109.0,119.0,118.0,0.09497816593886463,916.0,916.0
