,1,2,3,4,5,6,7,8,9,10,accuracy,macro avg,weighted avg
precision,0.08607594936708861,0.09596928982725528,0.0,0.0,0.0,0.0,0.0,0.0,0.0,0.0,0.09170305676855896,0.01820452391943439,0.017040816575531827
recall,0.41975308641975306,0.5555555555555556,0.0,0.0,0.0,0.0,0.0,0.0,0.0,0.0,0.09170305676855896,0.09753086419753086,0.09170305676855896
f1-score,0.14285714285714285,0.16366612111292964,0.0,0.0,0.0,0.0,0.0,0.0,0.0,0.0,0.09170305676855896,0.030652326397007247,0.02871329636636707
support,81.0,90.0,88.0,68.0,68.0,71.0,104.0,109.0,119.0,118.0,0.09170305676855896,916.0,916.0
