,1,2,3,4,5,6,7,8,9,10,accuracy,macro avg,weighted avg
precision,0.17819148936170212,0.13283208020050125,0.0,0.0,0.0,0.0,0.0,0.0,0.0,0.0,0.15483870967741936,0.031102356956220333,0.04231845055328781
recall,0.6036036036036037,0.5408163265306123,0.0,0.0,0.0,0.0,0.0,0.0,0.0,0.0,0.15483870967741936,0.11444199301342159,0.15483870967741936
f1-score,0.27515400410677615,0.21327967806841047,0.0,0.0,0.0,0.0,0.0,0.0,0.0,0.0,0.15483870967741936,0.04884336821751866,0.06637871342781468
support,111.0,98.0,74.0,74.0,70.0,104.0,73.0,68.0,61.0,42.0,0.15483870967741936,775.0,775.0
