,1,2,3,4,5,6,7,8,9,10,accuracy,macro avg,weighted avg
precision,0.0748663101604278,0.1118421052631579,0.1258741258741259,0.11428571428571428,0.08888888888888889,0.0,0.0,0.0,0.0,0.0,0.10171730515191546,0.05157571444723147,0.050053187884205715
recall,0.24561403508771928,0.2361111111111111,0.21428571428571427,0.1927710843373494,0.1935483870967742,0.0,0.0,0.0,0.0,0.0,0.10171730515191546,0.10823303319186683,0.10171730515191546
f1-score,0.11475409836065574,0.1517857142857143,0.1585903083700441,0.14349775784753366,0.12182741116751268,0.0,0.0,0.0,0.0,0.0,0.10171730515191546,0.06904552900314606,0.06638672963268638
support,57.0,72.0,84.0,83.0,62.0,80.0,73.0,87.0,83.0,76.0,0.10171730515191546,757.0,757.0
