,1,2,3,4,5,6,7,8,9,10,accuracy,macro avg,weighted avg
precision,0.144,0.1111111111111111,0.09278350515463918,0.07114624505928854,0.10970464135021098,0.0,0.0,0.0,0.0,0.0,0.10064516129032258,0.05287455026752498,0.06023614877320556
recall,0.16216216216216217,0.07142857142857142,0.12162162162162163,0.24324324324324326,0.37142857142857144,0.0,0.0,0.0,0.0,0.0,0.10064516129032258,0.096988416988417,0.10064516129032258
f1-score,0.15254237288135591,0.08695652173913043,0.10526315789473685,0.11009174311926606,0.1693811074918567,0.0,0.0,0.0,0.0,0.0,0.10064516129032258,0.06242349031263459,0.06870565512223416
support,111.0,98.0,74.0,74.0,70.0,104.0,73.0,68.0,61.0,42.0,0.10064516129032258,775.0,775.0
