,1,2,3,4,5,6,7,8,9,10,accuracy,macro avg,weighted avg
precision,0.0821917808219178,0.11464968152866242,0.07894736842105263,0.06976744186046512,0.0380952380952381,0.0,0.0,0.0,0.0,0.0,0.07969432314410481,0.038365151072733604,0.03412449371418713
recall,0.2962962962962963,0.2,0.17045454545454544,0.17647058823529413,0.058823529411764705,0.0,0.0,0.0,0.0,0.0,0.07969432314410481,0.09020449593979005,0.07969432314410481
f1-score,0.128686327077748,0.145748987854251,0.1079136690647482,0.1,0.04624277456647399,0.0,0.0,0.0,0.0,0.0,0.07969432314410481,0.05285917585632212,0.04692348575152648
support,81.0,90.0,88.0,68.0,68.0,71.0,104.0,109.0,119.0,118.0,0.07969432314410481,916.0,916.0
