,1,2,3,4,5,6,7,8,9,10,accuracy,macro avg,weighted avg
precision,0.07711442786069651,0.11549295774647887,0.0,0.0,0.0,0.0,0.0,0.0,0.0,0.0,0.095112285336856,0.019260738560717538,0.0167913016457149
recall,0.543859649122807,0.5694444444444444,0.0,0.0,0.0,0.0,0.0,0.0,0.0,0.0,0.095112285336856,0.11133040935672515,0.095112285336856
f1-score,0.13507625272331153,0.19203747072599534,0.0,0.0,0.0,0.0,0.0,0.0,0.0,0.0,0.095112285336856,0.03271137234493069,0.02843598982496753
support,57.0,72.0,84.0,83.0,62.0,80.0,73.0,87.0,83.0,76.0,0.095112285336856,757.0,757.0
