,1,2,3,4,5,6,7,8,9,10,accuracy,macro avg,weighted avg
precision,0.06854838709677419,0.10559006211180125,0.1125,0.06315789473684211,0.06451612903225806,0.0,0.0,0.0,0.0,0.0,0.0845442536327609,0.041431247297767565,0.03989676063371693
recall,0.2982456140350877,0.2361111111111111,0.21428571428571427,0.07228915662650602,0.0967741935483871,0.0,0.0,0.0,0.0,0.0,0.0845442536327609,0.09177057896068062,0.0845442536327609
f1-score,0.11147540983606558,0.1459227467811159,0.14754098360655735,0.06741573033707866,0.07741935483870968,0.0,0.0,0.0,0.0,0.0,0.0845442536327609,0.05497742253995271,0.052377125983916015
support,57.0,72.0,84.0,83.0,62.0,80.0,73.0,87.0,83.0,76.0,0.0845442536327609,757.0,757.0
