,1,2,3,4,5,6,7,8,9,10,accuracy,macro avg,weighted avg
precision,0.1589041095890411,0.11219512195121951,0.0,0.0,0.0,0.0,0.0,0.0,0.0,0.0,0.13419354838709677,0.02710992315402606,0.03694642337497171
recall,0.5225225225225225,0.46938775510204084,0.0,0.0,0.0,0.0,0.0,0.0,0.0,0.0,0.13419354838709677,0.09919102776245634,0.13419354838709677
f1-score,0.24369747899159666,0.18110236220472442,0.0,0.0,0.0,0.0,0.0,0.0,0.0,0.0,0.13419354838709677,0.04247998411963211,0.05780445376016803
support,111.0,98.0,74.0,74.0,70.0,104.0,73.0,68.0,61.0,42.0,0.13419354838709677,775.0,775.0
