,1,2,3,4,5,6,7,8,9,10,accuracy,macro avg,weighted avg
precision,0.13858695652173914,0.12285012285012285,0.0,0.0,0.0,0.0,0.0,0.0,0.0,0.0,0.13032258064516128,0.0261437079371862,0.03538382479125817
recall,0.4594594594594595,0.5102040816326531,0.0,0.0,0.0,0.0,0.0,0.0,0.0,0.0,0.13032258064516128,0.09696635410921126,0.13032258064516128
f1-score,0.21294363256784968,0.198019801980198,0.0,0.0,0.0,0.0,0.0,0.0,0.0,0.0,0.13032258064516128,0.04109634345480477,0.055538946850439634
support,111.0,98.0,74.0,74.0,70.0,104.0,73.0,68.0,61.0,42.0,0.13032258064516128,775.0,775.0
