,1,2,3,4,5,6,7,8,9,10,accuracy,macro avg,weighted avg
precision,0.08869179600886919,0.0967741935483871,0.0,0.0,0.0,0.0,0.0,0.0,0.0,0.0,0.0927947598253275,0.018546598955725628,0.017351214952045026
recall,0.49382716049382713,0.5,0.0,0.0,0.0,0.0,0.0,0.0,0.0,0.0,0.0927947598253275,0.09938271604938272,0.0927947598253275
f1-score,0.15037593984962405,0.16216216216216214,0.0,0.0,0.0,0.0,0.0,0.0,0.0,0.0,0.0927947598253275,0.03125381020117862,0.029230399260277446
support,81.0,90.0,88.0,68.0,68.0,71.0,104.0,109.0,119.0,118.0,0.0927947598253275,916.0,916.0
