,1,2,3,4,5,6,7,8,9,10,accuracy,macro avg,weighted avg
precision,0.07920792079207921,0.11170212765957446,0.07655502392344497,0.05504587155963303,0.08411214953271028,0.0,0.0,0.0,0.0,0.0,0.08296943231441048,0.040662309346744197,0.03566443298369281
recall,0.2962962962962963,0.23333333333333334,0.18181818181818182,0.08823529411764706,0.1323529411764706,0.0,0.0,0.0,0.0,0.0,0.08296943231441048,0.0932036046741929,0.08296943231441048
f1-score,0.125,0.15107913669064746,0.10774410774410774,0.06779661016949153,0.10285714285714286,0.0,0.0,0.0,0.0,0.0,0.08296943231441048,0.05544769974613896,0.04891709496664944
support,81.0,90.0,88.0,68.0,68.0,71.0,104.0,109.0,119.0,118.0,0.08296943231441048,916.0,916.0
