,1,2,3,4,5,6,7,8,9,10,accuracy,macro avg,weighted avg
precision,0.17647058823529413,0.15625,0.0,0.0,0.0,0.0,0.0,0.0,0.0,0.0,0.16326530612244897,0.03327205882352942,0.03395108043217287
recall,0.6,1.0,0.0,0.0,0.0,0.0,0.0,0.0,0.0,0.0,0.16326530612244897,0.16,0.16326530612244897
f1-score,0.2727272727272727,0.2702702702702703,0.0,0.0,0.0,0.0,0.0,0.0,0.0,0.0,0.16326530612244897,0.054299754299754296,0.0554079125507697
support,5.0,5.0,5.0,5.0,5.0,4.0,5.0,5.0,5.0,5.0,0.16326530612244897,49.0,49.0
