,1,2,3,4,5,6,7,8,9,10,accuracy,macro avg,weighted avg
precision,0.0,0.04,0.0,0.0,0.0,0.0,0.0,0.0,0.0,0.0,0.02,0.004,0.004
recall,0.0,0.2,0.0,0.0,0.0,0.0,0.0,0.0,0.0,0.0,0.02,0.02,0.02
f1-score,0.0,0.06666666666666667,0.0,0.0,0.0,0.0,0.0,0.0,0.0,0.0,0.02,0.006666666666666666,0.006666666666666666
support,5.0,5.0,5.0,5.0,5.0,5.0,5.0,5.0,5.0,5.0,0.02,50.0,50.0
