,1,2,3,4,5,6,7,8,9,10,accuracy,macro avg,weighted avg
precision,0.0,0.08333333333333333,0.0,0.0,0.07692307692307693,0.0,0.0,0.0,0.0,0.0,0.04081632653061224,0.016025641025641024,0.016352694924123497
recall,0.0,0.2,0.0,0.0,0.2,0.0,0.0,0.0,0.0,0.0,0.04081632653061224,0.04,0.04081632653061224
f1-score,0.0,0.11764705882352941,0.0,0.0,0.1111111111111111,0.0,0.0,0.0,0.0,0.0,0.04081632653061224,0.02287581699346405,0.02334267040149393
support,5.0,5.0,5.0,5.0,5.0,4.0,5.0,5.0,5.0,5.0,0.04081632653061224,49.0,49.0
