,1,2,3,4,5,6,7,8,9,10,accuracy,macro avg,weighted avg
precision,0.16666666666666666,0.0,0.18181818181818182,0.125,0.0,0.0,0.2,0.14285714285714285,0.0,0.2857142857142857,0.16326530612244897,0.11020562770562772,0.11245472214859968
recall,0.2,0.0,0.4,0.2,0.0,0.0,0.2,0.2,0.0,0.4,0.16326530612244897,0.16,0.16326530612244897
f1-score,0.1818181818181818,0.0,0.25000000000000006,0.15384615384615385,0.0,0.0,0.20000000000000004,0.16666666666666666,0.0,0.3333333333333333,0.16326530612244897,0.12856643356643357,0.13119023833309548
support,5.0,5.0,5.0,5.0,5.0,4.0,5.0,5.0,5.0,5.0,0.16326530612244897,49.0,49.0
