,1,2,3,4,5,6,7,8,9,10,accuracy,macro avg,weighted avg
precision,0.2,0.0,0.25,0.16666666666666666,0.16666666666666666,0.0,0.0,0.0,0.0,0.0,0.17647058823529413,0.07833333333333334,0.07679738562091502
recall,0.2,0.0,0.4,0.6,0.6,0.0,0.0,0.0,0.0,0.0,0.17647058823529413,0.18,0.17647058823529413
f1-score,0.20000000000000004,0.0,0.3076923076923077,0.2608695652173913,0.2608695652173913,0.0,0.0,0.0,0.0,0.0,0.17647058823529413,0.10294314381270904,0.10092465079677357
support,5.0,5.0,5.0,5.0,5.0,6.0,5.0,5.0,5.0,5.0,0.17647058823529413,51.0,51.0
