,1,2,3,4,5,6,7,8,9,10,accuracy,macro avg,weighted avg
precision,0.25,0.05,0.5,0.08333333333333333,0.0,0.0,0.0,0.0,0.0,0.0,0.08163265306122448,0.08833333333333333,0.0901360544217687
recall,0.2,0.2,0.2,0.2,0.0,0.0,0.0,0.0,0.0,0.0,0.08163265306122448,0.08,0.08163265306122448
f1-score,0.22222222222222224,0.08000000000000002,0.28571428571428575,0.11764705882352941,0.0,0.0,0.0,0.0,0.0,0.0,0.08163265306122448,0.07055835667600374,0.07199832313877934
support,5.0,5.0,5.0,5.0,5.0,4.0,5.0,5.0,5.0,5.0,0.08163265306122448,49.0,49.0
