,1,2,3,4,5,6,7,8,9,10,accuracy,macro avg,weighted avg
precision,0.14705882352941177,0.125,0.0,0.0,0.0,0.0,0.0,0.0,0.0,0.0,0.14,0.02720588235294118,0.027205882352941177
recall,1.0,0.4,0.0,0.0,0.0,0.0,0.0,0.0,0.0,0.0,0.14,0.13999999999999999,0.14
f1-score,0.25641025641025644,0.19047619047619047,0.0,0.0,0.0,0.0,0.0,0.0,0.0,0.0,0.14,0.04468864468864469,0.04468864468864469
support,5.0,5.0,5.0,5.0,5.0,5.0,5.0,5.0,5.0,5.0,0.14,50.0,50.0
