,1,2,3,4,5,6,7,8,9,10,accuracy,macro avg,weighted avg
precision,0.1,0.0,0.0,0.07142857142857142,0.1111111111111111,0.0,0.0,0.0,0.0,0.0,0.061224489795918366,0.028253968253968254,0.02883057985098801
recall,0.2,0.0,0.0,0.2,0.2,0.0,0.0,0.0,0.0,0.0,0.061224489795918366,0.06000000000000001,0.061224489795918366
f1-score,0.13333333333333333,0.0,0.0,0.10526315789473682,0.14285714285714285,0.0,0.0,0.0,0.0,0.0,0.061224489795918366,0.0381453634085213,0.03892384021277683
support,5.0,5.0,5.0,5.0,5.0,4.0,5.0,5.0,5.0,5.0,0.061224489795918366,49.0,49.0
