,1,2,3,4,5,6,7,8,9,10,accuracy,macro avg,weighted avg
precision,0.14814814814814814,0.0,0.0,0.0,0.0,0.0,0.0,0.0,0.0,0.0,0.0784313725490196,0.014814814814814814,0.014524328249818445
recall,0.8,0.0,0.0,0.0,0.0,0.0,0.0,0.0,0.0,0.0,0.0784313725490196,0.08,0.0784313725490196
f1-score,0.25,0.0,0.0,0.0,0.0,0.0,0.0,0.0,0.0,0.0,0.0784313725490196,0.025,0.024509803921568627
support,5.0,5.0,5.0,5.0,5.0,6.0,5.0,5.0,5.0,5.0,0.0784313725490196,51.0,51.0
