,1,2,3,4,5,6,7,8,9,10,accuracy,macro avg,weighted avg
precision,0.0,0.0,0.1724137931034483,0.3333333333333333,0.0,0.0,0.0,0.0,0.0,0.0,0.11764705882352941,0.05057471264367817,0.04958305161144918
recall,0.0,0.0,1.0,0.2,0.0,0.0,0.0,0.0,0.0,0.0,0.11764705882352941,0.12,0.11764705882352941
f1-score,0.0,0.0,0.29411764705882354,0.25,0.0,0.0,0.0,0.0,0.0,0.0,0.11764705882352941,0.05441176470588236,0.05334486735870819
support,5.0,5.0,5.0,5.0,5.0,6.0,5.0,5.0,5.0,5.0,0.11764705882352941,51.0,51.0
