,1,2,3,4,5,6,7,8,9,10,accuracy,macro avg,weighted avg
precision,0.0,0.16666666666666666,0.0,0.0,0.125,0.0,0.0,0.0,0.0,0.0,0.06,0.029166666666666664,0.029166666666666664
recall,0.0,0.4,0.0,0.0,0.2,0.0,0.0,0.0,0.0,0.0,0.06,0.06000000000000001,0.06
f1-score,0.0,0.23529411764705882,0.0,0.0,0.15384615384615385,0.0,0.0,0.0,0.0,0.0,0.06,0.03891402714932127,0.03891402714932127
support,5.0,5.0,5.0,5.0,5.0,5.0,5.0,5.0,5.0,5.0,0.06,50.0,50.0
