,1,2,3,4,5,6,7,8,9,10,accuracy,macro avg,weighted avg
precision,0.0,0.13333333333333333,0.16666666666666666,0.0,0.0,0.0,0.0,0.0,0.0,0.0,0.061224489795918366,0.03,0.030612244897959183
recall,0.0,0.4,0.2,0.0,0.0,0.0,0.0,0.0,0.0,0.0,0.061224489795918366,0.06000000000000001,0.061224489795918366
f1-score,0.0,0.2,0.1818181818181818,0.0,0.0,0.0,0.0,0.0,0.0,0.0,0.061224489795918366,0.038181818181818185,0.03896103896103896
support,5.0,5.0,5.0,5.0,5.0,4.0,5.0,5.0,5.0,5.0,0.061224489795918366,49.0,49.0
