,1,2,3,4,5,6,7,8,9,10,accuracy,macro avg,weighted avg
precision,0.3333333333333333,0.2,0.12,0.0,0.0,0.0,0.0,0.0,0.0,0.0,0.1568627450980392,0.06533333333333333,0.06405228758169934
recall,0.4,0.6,0.6,0.0,0.0,0.0,0.0,0.0,0.0,0.0,0.1568627450980392,0.16,0.1568627450980392
f1-score,0.3636363636363636,0.3,0.19999999999999998,0.0,0.0,0.0,0.0,0.0,0.0,0.0,0.1568627450980392,0.08636363636363635,0.08467023172905525
support,5.0,5.0,5.0,5.0,5.0,6.0,5.0,5.0,5.0,5.0,0.1568627450980392,51.0,51.0
