,1,2,3,4,5,6,7,8,9,10,accuracy,macro avg,weighted avg
precision,0.3333333333333333,0.0,0.15789473684210525,0.4,0.0,0.2,0.5,0.0,0.0,0.5,0.2549019607843137,0.20912280701754385,0.20894392844857243
recall,0.4,0.0,0.6,0.4,0.0,0.16666666666666666,0.2,0.0,0.0,0.8,0.2549019607843137,0.25666666666666665,0.2549019607843137
f1-score,0.3636363636363636,0.0,0.25,0.4000000000000001,0.0,0.1818181818181818,0.28571428571428575,0.0,0.0,0.6153846153846154,0.2549019607843137,0.2096553446553447,0.20910951793304736
support,5.0,5.0,5.0,5.0,5.0,6.0,5.0,5.0,5.0,5.0,0.2549019607843137,51.0,51.0
