,1,2,3,4,5,6,7,8,9,10,accuracy,macro avg,weighted avg
precision,0.10714285714285714,0.19047619047619047,0.0,0.0,0.0,0.0,0.0,0.0,0.0,0.0,0.14285714285714285,0.02976190476190476,0.030369290573372208
recall,0.6,0.8,0.0,0.0,0.0,0.0,0.0,0.0,0.0,0.0,0.14285714285714285,0.13999999999999999,0.14285714285714285
f1-score,0.18181818181818182,0.3076923076923077,0.0,0.0,0.0,0.0,0.0,0.0,0.0,0.0,0.14285714285714285,0.04895104895104895,0.04995004995004995
support,5.0,5.0,5.0,5.0,5.0,4.0,5.0,5.0,5.0,5.0,0.14285714285714285,49.0,49.0
