,1,2,3,4,5,6,7,8,9,10,accuracy,macro avg,weighted avg
precision,0.1,0.2222222222222222,0.16666666666666666,0.0,0.1111111111111111,0.0,0.0,0.0,0.0,0.0,0.12244897959183673,0.059999999999999984,0.061224489795918366
recall,0.4,0.4,0.2,0.0,0.2,0.0,0.0,0.0,0.0,0.0,0.12244897959183673,0.12,0.12244897959183673
f1-score,0.16000000000000003,0.2857142857142857,0.1818181818181818,0.0,0.14285714285714285,0.0,0.0,0.0,0.0,0.0,0.12244897959183673,0.07703896103896105,0.07861118473363372
support,5.0,5.0,5.0,5.0,5.0,4.0,5.0,5.0,5.0,5.0,0.12244897959183673,49.0,49.0
