,1,2,3,4,5,6,7,8,9,10,accuracy,macro avg,weighted avg
precision,0.13333333333333333,0.09523809523809523,0.0,0.0,0.0,0.0,0.0,0.0,0.0,0.0,0.11764705882352941,0.022857142857142857,0.022408963585434174
recall,0.8,0.4,0.0,0.0,0.0,0.0,0.0,0.0,0.0,0.0,0.11764705882352941,0.12000000000000002,0.11764705882352941
f1-score,0.2285714285714286,0.15384615384615385,0.0,0.0,0.0,0.0,0.0,0.0,0.0,0.0,0.11764705882352941,0.038241758241758246,0.03749191984486103
support,5.0,5.0,5.0,5.0,5.0,6.0,5.0,5.0,5.0,5.0,0.11764705882352941,51.0,51.0
