,1,2,3,4,5,6,7,8,9,10,accuracy,macro avg,weighted avg
precision,0.25,0.13513513513513514,0.0,0.0,0.14285714285714285,0.0,0.0,0.0,0.0,0.0,0.13725490196078433,0.0527992277992278,0.05176394882277235
recall,0.2,1.0,0.0,0.0,0.2,0.0,0.0,0.0,0.0,0.0,0.13725490196078433,0.13999999999999999,0.13725490196078433
f1-score,0.22222222222222224,0.2380952380952381,0.0,0.0,0.16666666666666666,0.0,0.0,0.0,0.0,0.0,0.13725490196078433,0.0626984126984127,0.061469032057267343
support,5.0,5.0,5.0,5.0,5.0,6.0,5.0,5.0,5.0,5.0,0.13725490196078433,51.0,51.0
