,1,2,3,4,5,6,7,8,9,10,accuracy,macro avg,weighted avg
precision,0.11764705882352941,0.12121212121212122,0.0,0.0,0.0,0.0,0.0,0.0,0.0,0.0,0.12,0.023885918003565064,0.023885918003565064
recall,0.4,0.8,0.0,0.0,0.0,0.0,0.0,0.0,0.0,0.0,0.12,0.12000000000000002,0.12
f1-score,0.1818181818181818,0.2105263157894737,0.0,0.0,0.0,0.0,0.0,0.0,0.0,0.0,0.12,0.03923444976076555,0.03923444976076555
support,5.0,5.0,5.0,5.0,5.0,5.0,5.0,5.0,5.0,5.0,0.12,50.0,50.0
