,1,2,3,4,5,6,7,8,9,10,accuracy,macro avg,weighted avg
precision,0.14814814814814814,0.08695652173913043,0.0,0.0,0.0,0.0,0.0,0.0,0.0,0.0,0.12,0.023510466988727857,0.023510466988727857
recall,0.8,0.4,0.0,0.0,0.0,0.0,0.0,0.0,0.0,0.0,0.12,0.12000000000000002,0.12
f1-score,0.25,0.14285714285714285,0.0,0.0,0.0,0.0,0.0,0.0,0.0,0.0,0.12,0.039285714285714285,0.039285714285714285
support,5.0,5.0,5.0,5.0,5.0,5.0,5.0,5.0,5.0,5.0,0.12,50.0,50.0
