,1,2,3,4,5,6,7,8,9,10,accuracy,macro avg,weighted avg
precision,0.13043478260869565,0.07142857142857142,0.0,0.0,0.0,0.0,0.0,0.0,0.0,0.0,0.09803921568627451,0.020186335403726708,0.019790524905614417
recall,0.6,0.4,0.0,0.0,0.0,0.0,0.0,0.0,0.0,0.0,0.09803921568627451,0.1,0.09803921568627451
f1-score,0.21428571428571427,0.12121212121212122,0.0,0.0,0.0,0.0,0.0,0.0,0.0,0.0,0.09803921568627451,0.03354978354978355,0.03289194465665054
support,5.0,5.0,5.0,5.0,5.0,6.0,5.0,5.0,5.0,5.0,0.09803921568627451,51.0,51.0
