,1,2,3,4,5,6,7,8,9,10,accuracy,macro avg,weighted avg
precision,0.10344827586206896,0.05,0.0,0.0,0.0,0.0,0.0,0.0,0.0,0.0,0.08163265306122448,0.015344827586206897,0.015657987332864182
recall,0.6,0.2,0.0,0.0,0.0,0.0,0.0,0.0,0.0,0.0,0.08163265306122448,0.08,0.08163265306122448
f1-score,0.17647058823529413,0.08000000000000002,0.0,0.0,0.0,0.0,0.0,0.0,0.0,0.0,0.08163265306122448,0.02564705882352941,0.026170468187274913
support,5.0,5.0,5.0,5.0,5.0,4.0,5.0,5.0,5.0,5.0,0.08163265306122448,49.0,49.0
