,1,2,3,4,5,6,7,8,9,10,accuracy,macro avg,weighted avg
precision,0.17857142857142858,0.09523809523809523,0.0,0.0,0.0,0.0,0.0,0.0,0.0,0.0,0.14285714285714285,0.027380952380952384,0.02793974732750243
recall,1.0,0.4,0.0,0.0,0.0,0.0,0.0,0.0,0.0,0.0,0.14285714285714285,0.13999999999999999,0.14285714285714285
f1-score,0.30303030303030304,0.15384615384615385,0.0,0.0,0.0,0.0,0.0,0.0,0.0,0.0,0.14285714285714285,0.04568764568764569,0.04662004662004662
support,5.0,5.0,5.0,5.0,5.0,4.0,5.0,5.0,5.0,5.0,0.14285714285714285,49.0,49.0
