,1,2,3,4,5,6,7,8,9,10,accuracy,macro avg,weighted avg
precision,0.3333333333333333,0.043478260869565216,0.3333333333333333,0.0,0.16666666666666666,0.0,0.0,0.0,0.0,0.0,0.16,0.08768115942028985,0.08768115942028984
recall,0.8,0.2,0.4,0.0,0.2,0.0,0.0,0.0,0.0,0.0,0.16,0.15999999999999998,0.16
f1-score,0.47058823529411764,0.07142857142857142,0.3636363636363636,0.0,0.1818181818181818,0.0,0.0,0.0,0.0,0.0,0.16,0.10874713521772346,0.10874713521772345
support,5.0,5.0,5.0,5.0,5.0,5.0,5.0,5.0,5.0,5.0,0.16,50.0,50.0
