,1,2,3,4,5,6,7,8,9,10,accuracy,macro avg,weighted avg
precision,0.2,0.16666666666666666,0.0,0.04,0.14285714285714285,0.0,0.0,0.0,0.0,0.0,0.1,0.054952380952380954,0.054952380952380954
recall,0.2,0.4,0.0,0.2,0.2,0.0,0.0,0.0,0.0,0.0,0.1,0.1,0.1
f1-score,0.20000000000000004,0.23529411764705882,0.0,0.06666666666666667,0.16666666666666666,0.0,0.0,0.0,0.0,0.0,0.1,0.06686274509803922,0.06686274509803923
support,5.0,5.0,5.0,5.0,5.0,5.0,5.0,5.0,5.0,5.0,0.1,50.0,50.0
