,1,2,3,4,5,6,7,8,9,10,accuracy,macro avg,weighted avg
precision,0.1,0.125,0.2,0.0,0.0,0.0,0.0,0.0,0.0,0.0,0.09803921568627451,0.0425,0.041666666666666664
recall,0.2,0.6,0.2,0.0,0.0,0.0,0.0,0.0,0.0,0.0,0.09803921568627451,0.1,0.09803921568627451
f1-score,0.13333333333333333,0.20689655172413793,0.20000000000000004,0.0,0.0,0.0,0.0,0.0,0.0,0.0,0.09803921568627451,0.054022988505747126,0.052963714221320714
support,5.0,5.0,5.0,5.0,5.0,6.0,5.0,5.0,5.0,5.0,0.09803921568627451,51.0,51.0
