,1,2,3,4,5,6,7,8,9,10,accuracy,macro avg,weighted avg
precision,0.5,0.05555555555555555,0.5,0.0,0.14285714285714285,0.0,0.0,0.0,0.0,0.0,0.08,0.11984126984126983,0.11984126984126985
recall,0.2,0.2,0.2,0.0,0.2,0.0,0.0,0.0,0.0,0.0,0.08,0.08,0.08
f1-score,0.28571428571428575,0.08695652173913045,0.28571428571428575,0.0,0.16666666666666666,0.0,0.0,0.0,0.0,0.0,0.08,0.08250517598343686,0.08250517598343686
support,5.0,5.0,5.0,5.0,5.0,5.0,5.0,5.0,5.0,5.0,0.08,50.0,50.0
