,1,2,3,4,5,6,7,8,9,10,accuracy,macro avg,weighted avg
precision,0.0,0.06666666666666667,0.0,0.0,0.0,0.0,0.0,0.0,0.0,0.0,0.04,0.006666666666666666,0.006666666666666666
recall,0.0,0.4,0.0,0.0,0.0,0.0,0.0,0.0,0.0,0.0,0.04,0.04,0.04
f1-score,0.0,0.1142857142857143,0.0,0.0,0.0,0.0,0.0,0.0,0.0,0.0,0.04,0.01142857142857143,0.01142857142857143
support,5.0,5.0,5.0,5.0,5.0,5.0,5.0,5.0,5.0,5.0,0.04,50.0,50.0
