,1,2,3,4,5,6,7,8,9,10,accuracy,macro avg,weighted avg
precision,0.125,0.2,0.0,0.0,0.0,0.0,0.0,0.0,0.0,0.0,0.1,0.0325,0.0325
recall,0.2,0.8,0.0,0.0,0.0,0.0,0.0,0.0,0.0,0.0,0.1,0.1,0.1
f1-score,0.15384615384615385,0.32000000000000006,0.0,0.0,0.0,0.0,0.0,0.0,0.0,0.0,0.1,0.04738461538461539,0.04738461538461539
support,5.0,5.0,5.0,5.0,5.0,5.0,5.0,5.0,5.0,5.0,0.1,50.0,50.0
