,1,2,3,4,5,6,7,8,9,10,accuracy,macro avg,weighted avg
precision,0.09375,0.1111111111111111,0.0,0.0,0.0,0.0,0.0,0.0,0.0,0.0,0.1,0.02048611111111111,0.02048611111111111
recall,0.6,0.4,0.0,0.0,0.0,0.0,0.0,0.0,0.0,0.0,0.1,0.1,0.1
f1-score,0.16216216216216214,0.1739130434782609,0.0,0.0,0.0,0.0,0.0,0.0,0.0,0.0,0.1,0.0336075205640423,0.0336075205640423
support,5.0,5.0,5.0,5.0,5.0,5.0,5.0,5.0,5.0,5.0,0.1,50.0,50.0
