,1,2,3,4,5,6,7,8,9,10,accuracy,macro avg,weighted avg
precision,0.16666666666666666,0.058823529411764705,0.09090909090909091,0.0,0.09090909090909091,0.0,0.0,0.0,0.0,0.0,0.08163265306122448,0.04073083778966132,0.04156207937720543
recall,0.2,0.2,0.2,0.0,0.2,0.0,0.0,0.0,0.0,0.0,0.08163265306122448,0.08,0.08163265306122448
f1-score,0.1818181818181818,0.0909090909090909,0.12500000000000003,0.0,0.12500000000000003,0.0,0.0,0.0,0.0,0.0,0.08163265306122448,0.05227272727272727,0.053339517625231904
support,5.0,5.0,5.0,5.0,5.0,4.0,5.0,5.0,5.0,5.0,0.08163265306122448,49.0,49.0
