,1,2,3,4,5,6,7,8,9,10,accuracy,macro avg,weighted avg
precision,0.25,0.16666666666666666,0.23076923076923078,0.3333333333333333,0.0,0.0,0.2,0.375,0.5,0.5,0.26,0.25557692307692303,0.2555769230769231
recall,0.2,0.2,0.6,0.2,0.0,0.0,0.2,0.6,0.2,0.4,0.26,0.26,0.26
f1-score,0.22222222222222224,0.1818181818181818,0.33333333333333337,0.25,0.0,0.0,0.20000000000000004,0.4615384615384615,0.28571428571428575,0.4444444444444445,0.26,0.23790709290709292,0.23790709290709294
support,5.0,5.0,5.0,5.0,5.0,5.0,5.0,5.0,5.0,5.0,0.26,50.0,50.0
