,1,2,3,4,5,6,7,8,9,10,accuracy,macro avg,weighted avg
precision,0.3333333333333333,0.0,0.16666666666666666,0.05,0.2222222222222222,0.0,0.0,0.0,0.0,0.0,0.09803921568627451,0.07722222222222222,0.07570806100217865
recall,0.2,0.0,0.2,0.2,0.4,0.0,0.0,0.0,0.0,0.0,0.09803921568627451,0.1,0.09803921568627451
f1-score,0.25,0.0,0.1818181818181818,0.08000000000000002,0.2857142857142857,0.0,0.0,0.0,0.0,0.0,0.09803921568627451,0.07975324675324676,0.0781894576012223
support,5.0,5.0,5.0,5.0,5.0,6.0,5.0,5.0,5.0,5.0,0.09803921568627451,51.0,51.0
