,1,2,3,4,5,6,7,8,9,10,accuracy,macro avg,weighted avg
precision,0.11538461538461539,0.08695652173913043,0.0,0.0,0.0,0.0,0.0,0.0,0.0,0.0,0.10204081632653061,0.02023411371237458,0.020647054808545492
recall,0.6,0.4,0.0,0.0,0.0,0.0,0.0,0.0,0.0,0.0,0.10204081632653061,0.1,0.10204081632653061
f1-score,0.1935483870967742,0.14285714285714285,0.0,0.0,0.0,0.0,0.0,0.0,0.0,0.0,0.10204081632653061,0.033640552995391704,0.03432709489325684
support,5.0,5.0,5.0,5.0,5.0,4.0,5.0,5.0,5.0,5.0,0.10204081632653061,49.0,49.0
