,1,2,3,4,5,6,7,8,9,10,accuracy,macro avg,weighted avg
precision,0.0,0.0,0.0,0.2,0.0,0.0,0.0,0.0,0.0,0.0,0.02040816326530612,0.02,0.02040816326530612
recall,0.0,0.0,0.0,0.2,0.0,0.0,0.0,0.0,0.0,0.0,0.02040816326530612,0.02,0.02040816326530612
f1-score,0.0,0.0,0.0,0.20000000000000004,0.0,0.0,0.0,0.0,0.0,0.0,0.02040816326530612,0.020000000000000004,0.020408163265306128
support,5.0,5.0,5.0,5.0,5.0,4.0,5.0,5.0,5.0,5.0,0.02040816326530612,49.0,49.0
