,1,2,3,4,5,6,7,8,9,10,accuracy,macro avg,weighted avg
precision,0.09090909090909091,0.0,0.0,0.2,0.0,0.2222222222222222,0.0,0.0,0.0,0.0,0.12244897959183673,0.05131313131313131,0.04782519068233354
recall,0.2,0.0,0.0,0.6,0.0,0.5,0.0,0.0,0.0,0.0,0.12244897959183673,0.13,0.12244897959183673
f1-score,0.12500000000000003,0.0,0.0,0.3,0.0,0.30769230769230765,0.0,0.0,0.0,0.0,0.12244897959183673,0.07326923076923078,0.0684850863422292
support,5.0,5.0,5.0,5.0,5.0,4.0,5.0,5.0,5.0,5.0,0.12244897959183673,49.0,49.0
