,1,2,3,4,5,6,7,8,9,10,accuracy,macro avg,weighted avg
precision,0.0,0.3333333333333333,0.0,0.0,0.0,0.0,0.0,0.0,0.05263157894736842,0.18181818181818182,0.0784313725490196,0.05677830940988835,0.055665009225380736
recall,0.0,0.2,0.0,0.0,0.0,0.0,0.0,0.0,0.2,0.4,0.0784313725490196,0.08,0.0784313725490196
f1-score,0.0,0.25,0.0,0.0,0.0,0.0,0.0,0.0,0.08333333333333333,0.25000000000000006,0.0784313725490196,0.058333333333333334,0.057189542483660136
support,5.0,5.0,5.0,5.0,5.0,6.0,5.0,5.0,5.0,5.0,0.0784313725490196,51.0,51.0
