,1,2,3,4,5,6,7,8,9,10,accuracy,macro avg,weighted avg
precision,0.07142857142857142,0.0,0.0,0.0,0.08333333333333333,0.0,0.0,0.0,0.0,0.0,0.06,0.015476190476190477,0.015476190476190475
recall,0.4,0.0,0.0,0.0,0.2,0.0,0.0,0.0,0.0,0.0,0.06,0.06000000000000001,0.06
f1-score,0.12121212121212122,0.0,0.0,0.0,0.11764705882352941,0.0,0.0,0.0,0.0,0.0,0.06,0.023885918003565064,0.023885918003565064
support,5.0,5.0,5.0,5.0,5.0,5.0,5.0,5.0,5.0,5.0,0.06,50.0,50.0
