,1,2,3,4,5,6,7,8,9,10,accuracy,macro avg,weighted avg
precision,1.0,0.0,0.2,0.0,0.0,0.0,0.18181818181818182,0.14285714285714285,0.0,0.2,0.16326530612244897,0.17246753246753246,0.17598727802809436
recall,0.2,0.0,0.2,0.0,0.0,0.0,0.4,0.2,0.0,0.6,0.16326530612244897,0.16,0.16326530612244897
f1-score,0.33333333333333337,0.0,0.20000000000000004,0.0,0.0,0.0,0.25000000000000006,0.16666666666666666,0.0,0.3,0.16326530612244897,0.12500000000000003,0.12755102040816327
support,5.0,5.0,5.0,5.0,5.0,4.0,5.0,5.0,5.0,5.0,0.16326530612244897,49.0,49.0
