,1,2,3,4,5,6,7,8,9,10,accuracy,macro avg,weighted avg
precision,0.0,0.125,0.0,0.18181818181818182,0.07142857142857142,0.0,0.0,0.0,0.0,0.0,0.0784313725490196,0.03782467532467533,0.0370830150241915
recall,0.0,0.2,0.0,0.4,0.2,0.0,0.0,0.0,0.0,0.0,0.0784313725490196,0.08,0.0784313725490196
f1-score,0.0,0.15384615384615385,0.0,0.25000000000000006,0.10526315789473682,0.0,0.0,0.0,0.0,0.0,0.0784313725490196,0.05091093117408907,0.04991267762165595
support,5.0,5.0,5.0,5.0,5.0,6.0,5.0,5.0,5.0,5.0,0.0784313725490196,51.0,51.0
