,1,2,3,4,5,6,7,8,9,10,accuracy,macro avg,weighted avg
precision,0.0,0.0,0.0,0.23529411764705882,0.08333333333333333,0.0,0.0,0.0,0.0,1.0,0.14,0.13186274509803922,0.13186274509803922
recall,0.0,0.0,0.0,0.8,0.2,0.0,0.0,0.0,0.0,0.4,0.14,0.13999999999999999,0.14
f1-score,0.0,0.0,0.0,0.3636363636363636,0.11764705882352941,0.0,0.0,0.0,0.0,0.5714285714285715,0.14,0.10527119938884644,0.10527119938884645
support,5.0,5.0,5.0,5.0,5.0,5.0,5.0,5.0,5.0,5.0,0.14,50.0,50.0
