,1,2,3,4,5,6,7,8,9,10,accuracy,macro avg,weighted avg
precision,0.0,0.0,0.0,0.1,0.0,0.0,0.0,0.5,0.25,0.058823529411764705,0.0784313725490196,0.09088235294117647,0.08910034602076124
recall,0.0,0.0,0.0,0.2,0.0,0.0,0.0,0.2,0.2,0.2,0.0784313725490196,0.08,0.0784313725490196
f1-score,0.0,0.0,0.0,0.13333333333333333,0.0,0.0,0.0,0.28571428571428575,0.22222222222222224,0.0909090909090909,0.0784313725490196,0.07321789321789322,0.0717822482528365
support,5.0,5.0,5.0,5.0,5.0,6.0,5.0,5.0,5.0,5.0,0.0784313725490196,51.0,51.0
