,1,2,3,4,5,6,7,8,9,10,accuracy,macro avg,weighted avg
precision,0.0,0.0,0.0,0.0,0.125,0.0,0.4,0.0,0.0,0.0,0.06,0.052500000000000005,0.0525
recall,0.0,0.0,0.0,0.0,0.2,0.0,0.4,0.0,0.0,0.0,0.06,0.06000000000000001,0.06
f1-score,0.0,0.0,0.0,0.0,0.15384615384615385,0.0,0.4000000000000001,0.0,0.0,0.0,0.06,0.055384615384615386,0.05538461538461539
support,5.0,5.0,5.0,5.0,5.0,5.0,5.0,5.0,5.0,5.0,0.06,50.0,50.0
