,1,2,3,4,5,6,7,8,9,10,accuracy,macro avg,weighted avg
precision,0.0,0.0,0.0,0.16666666666666666,0.0,0.0,0.14285714285714285,0.0,0.0,0.0,0.08163265306122448,0.030952380952380953,0.03158406219630709
recall,0.0,0.0,0.0,0.2,0.0,0.0,0.6,0.0,0.0,0.0,0.08163265306122448,0.08,0.08163265306122448
f1-score,0.0,0.0,0.0,0.1818181818181818,0.0,0.0,0.23076923076923073,0.0,0.0,0.0,0.08163265306122448,0.04125874125874125,0.042100756386470664
support,5.0,5.0,5.0,5.0,5.0,4.0,5.0,5.0,5.0,5.0,0.08163265306122448,49.0,49.0
