,1,2,3,4,5,6,7,8,9,10,accuracy,macro avg,weighted avg
precision,0.2857142857142857,0.14285714285714285,0.0,0.2,0.0,0.0,0.0,0.0,0.0,0.0,0.12244897959183673,0.06285714285714286,0.06413994169096209
recall,0.8,0.2,0.0,0.2,0.0,0.0,0.0,0.0,0.0,0.0,0.12244897959183673,0.12,0.12244897959183673
f1-score,0.4210526315789473,0.16666666666666666,0.0,0.20000000000000004,0.0,0.0,0.0,0.0,0.0,0.0,0.12244897959183673,0.07877192982456141,0.08037952022914427
support,5.0,5.0,5.0,5.0,5.0,4.0,5.0,5.0,5.0,5.0,0.12244897959183673,49.0,49.0
