,1,2,3,4,5,6,7,8,9,10,accuracy,macro avg,weighted avg
precision,0.16666666666666666,0.0,0.06666666666666667,0.25,0.25,0.0,0.0,0.0,0.3333333333333333,0.3333333333333333,0.11764705882352941,0.13999999999999999,0.13725490196078433
recall,0.2,0.0,0.2,0.2,0.2,0.0,0.0,0.0,0.2,0.2,0.11764705882352941,0.12,0.11764705882352941
f1-score,0.1818181818181818,0.0,0.1,0.22222222222222224,0.22222222222222224,0.0,0.0,0.0,0.25,0.25,0.11764705882352941,0.12262626262626264,0.12022182610417904
support,5.0,5.0,5.0,5.0,5.0,6.0,5.0,5.0,5.0,5.0,0.11764705882352941,51.0,51.0
