,1,2,3,4,5,6,7,8,9,10,accuracy,macro avg,weighted avg
precision,0.11764705882352941,0.08333333333333333,0.0,0.1111111111111111,0.0,0.0,0.0,0.125,1.0,0.0,0.11764705882352941,0.14370915032679737,0.14089132384980135
recall,0.4,0.2,0.0,0.2,0.0,0.0,0.0,0.2,0.2,0.0,0.11764705882352941,0.12,0.11764705882352941
f1-score,0.1818181818181818,0.11764705882352941,0.0,0.14285714285714285,0.0,0.0,0.0,0.15384615384615385,0.33333333333333337,0.0,0.11764705882352941,0.09295018706783412,0.09112763438022954
support,5.0,5.0,5.0,5.0,5.0,6.0,5.0,5.0,5.0,5.0,0.11764705882352941,51.0,51.0
