,1,2,3,4,5,6,7,8,9,10,accuracy,macro avg,weighted avg
precision,0.0,0.0,0.2,0.5,0.25,0.0,0.0,0.0,0.0,0.0,0.08,0.095,0.095
recall,0.0,0.0,0.4,0.2,0.2,0.0,0.0,0.0,0.0,0.0,0.08,0.08,0.08
f1-score,0.0,0.0,0.26666666666666666,0.28571428571428575,0.22222222222222224,0.0,0.0,0.0,0.0,0.0,0.08,0.07746031746031747,0.07746031746031747
support,5.0,5.0,5.0,5.0,5.0,5.0,5.0,5.0,5.0,5.0,0.08,50.0,50.0
