,1,2,3,4,5,6,7,8,9,10,accuracy,macro avg,weighted avg
precision,0.0,0.0,0.0,0.2,0.07142857142857142,0.0,0.0,0.1,0.25,0.3,0.14285714285714285,0.09214285714285715,0.09402332361516036
recall,0.0,0.0,0.0,0.2,0.2,0.0,0.0,0.2,0.2,0.6,0.14285714285714285,0.13999999999999999,0.14285714285714285
f1-score,0.0,0.0,0.0,0.20000000000000004,0.10526315789473682,0.0,0.0,0.13333333333333333,0.22222222222222224,0.4,0.14285714285714285,0.10608187134502925,0.1082468074949278
support,5.0,5.0,5.0,5.0,5.0,4.0,5.0,5.0,5.0,5.0,0.14285714285714285,49.0,49.0
