,1,2,3,4,5,6,7,8,9,10,accuracy,macro avg,weighted avg
precision,0.0,0.0,0.09090909090909091,0.0,0.0,0.5,0.15789473684210525,0.16666666666666666,0.2,1.0,0.18,0.2115470494417863,0.2115470494417863
recall,0.0,0.0,0.2,0.0,0.0,0.2,0.6,0.2,0.2,0.4,0.18,0.18,0.18
f1-score,0.0,0.0,0.12500000000000003,0.0,0.0,0.28571428571428575,0.25,0.1818181818181818,0.20000000000000004,0.5714285714285715,0.18,0.1613961038961039,0.1613961038961039
support,5.0,5.0,5.0,5.0,5.0,5.0,5.0,5.0,5.0,5.0,0.18,50.0,50.0
