,1,2,3,4,5,6,7,8,9,10,accuracy,macro avg,weighted avg
precision,0.0,0.0,0.16666666666666666,0.0,0.0,0.0,0.0,0.0,0.0,0.0,0.02,0.016666666666666666,0.016666666666666666
recall,0.0,0.0,0.2,0.0,0.0,0.0,0.0,0.0,0.0,0.0,0.02,0.02,0.02
f1-score,0.0,0.0,0.1818181818181818,0.0,0.0,0.0,0.0,0.0,0.0,0.0,0.02,0.01818181818181818,0.018181818181818177
support,5.0,5.0,5.0,5.0,5.0,5.0,5.0,5.0,5.0,5.0,0.02,50.0,50.0
