,1,2,3,4,5,6,7,8,9,10,accuracy,macro avg,weighted avg
precision,0.05,0.0,0.0,0.0,0.0,0.0,0.0,1.0,0.5,0.10526315789473684,0.1,0.1655263157894737,0.1655263157894737
recall,0.2,0.0,0.0,0.0,0.0,0.0,0.0,0.2,0.2,0.4,0.1,0.1,0.1
f1-score,0.08000000000000002,0.0,0.0,0.0,0.0,0.0,0.0,0.33333333333333337,0.28571428571428575,0.16666666666666666,0.1,0.08657142857142858,0.08657142857142858
support,5.0,5.0,5.0,5.0,5.0,5.0,5.0,5.0,5.0,5.0,0.1,50.0,50.0
