,1,2,3,4,5,6,7,8,9,10,accuracy,macro avg,weighted avg
precision,0.0,0.19047619047619047,0.3333333333333333,0.0,0.0,0.5,0.0,0.1111111111111111,0.0,0.0,0.14,0.11349206349206349,0.11349206349206348
recall,0.0,0.8,0.2,0.0,0.0,0.2,0.0,0.2,0.0,0.0,0.14,0.13999999999999999,0.14
f1-score,0.0,0.3076923076923077,0.25,0.0,0.0,0.28571428571428575,0.0,0.14285714285714285,0.0,0.0,0.14,0.09862637362637364,0.09862637362637364
support,5.0,5.0,5.0,5.0,5.0,5.0,5.0,5.0,5.0,5.0,0.14,50.0,50.0
