,1,2,3,4,5,6,7,8,9,10,accuracy,macro avg,weighted avg
precision,0.0,0.0,0.0,0.14814814814814814,0.2,0.2222222222222222,0.0,0.0,0.0,0.16666666666666666,0.16,0.0737037037037037,0.0737037037037037
recall,0.0,0.0,0.0,0.8,0.2,0.4,0.0,0.0,0.0,0.2,0.16,0.16,0.16
f1-score,0.0,0.0,0.0,0.25,0.20000000000000004,0.2857142857142857,0.0,0.0,0.0,0.1818181818181818,0.16,0.09175324675324675,0.09175324675324675
support,5.0,5.0,5.0,5.0,5.0,5.0,5.0,5.0,5.0,5.0,0.16,50.0,50.0
