,1,2,3,4,5,6,7,8,9,10,accuracy,macro avg,weighted avg
precision,0.0,0.0,0.07692307692307693,0.0,0.06666666666666667,0.0,0.0,0.0,0.0,0.0,0.06,0.014358974358974357,0.014358974358974359
recall,0.0,0.0,0.2,0.0,0.4,0.0,0.0,0.0,0.0,0.0,0.06,0.06000000000000001,0.06
f1-score,0.0,0.0,0.1111111111111111,0.0,0.1142857142857143,0.0,0.0,0.0,0.0,0.0,0.06,0.02253968253968254,0.02253968253968254
support,5.0,5.0,5.0,5.0,5.0,5.0,5.0,5.0,5.0,5.0,0.06,50.0,50.0
