,1,2,3,4,5,6,7,8,9,10,accuracy,macro avg,weighted avg
precision,0.0,0.0,0.0,0.0,0.0,1.0,0.16666666666666666,0.16666666666666666,0.25,0.6666666666666666,0.16,0.225,0.225
recall,0.0,0.0,0.0,0.0,0.0,0.2,0.6,0.2,0.2,0.4,0.16,0.16,0.16
f1-score,0.0,0.0,0.0,0.0,0.0,0.33333333333333337,0.2608695652173913,0.1818181818181818,0.22222222222222224,0.5,0.16,0.14982433025911285,0.14982433025911288
support,5.0,5.0,5.0,5.0,5.0,5.0,5.0,5.0,5.0,5.0,0.16,50.0,50.0
