,1,2,3,4,5,6,7,8,9,10,accuracy,macro avg,weighted avg
precision,0.045454545454545456,0.0,0.0,0.0,0.0,0.5,0.0,0.1111111111111111,0.0,0.14285714285714285,0.08,0.07994227994227994,0.07994227994227994
recall,0.2,0.0,0.0,0.0,0.0,0.2,0.0,0.2,0.0,0.2,0.08,0.08,0.08
f1-score,0.07407407407407407,0.0,0.0,0.0,0.0,0.28571428571428575,0.0,0.14285714285714285,0.0,0.16666666666666666,0.08,0.06693121693121692,0.06693121693121692
support,5.0,5.0,5.0,5.0,5.0,5.0,5.0,5.0,5.0,5.0,0.08,50.0,50.0
