,1,2,3,4,5,6,7,8,9,10,accuracy,macro avg,weighted avg
precision,0.10583153347732181,0.09375,0.0,0.0,0.0,0.0,0.0,0.0,0.0,0.0,0.10189228529839883,0.019958153347732183,0.02132200602991062
recall,0.765625,0.25,0.0,0.0,0.0,0.0,0.0,0.0,0.0,0.0,0.10189228529839883,0.1015625,0.10189228529839883
f1-score,0.18595825426944973,0.13636363636363635,0.0,0.0,0.0,0.0,0.0,0.0,0.0,0.0,0.10189228529839883,0.03223218906330861,0.03399690498950544
support,64.0,84.0,74.0,74.0,70.0,77.0,73.0,68.0,61.0,42.0,0.10189228529839883,687.0,687.0
