,1,2,3,4,5,6,7,8,9,10,accuracy,macro avg,weighted avg
precision,0.09619238476953908,0.0851063829787234,0.0,0.0,0.0,0.0,0.0,0.0,0.0,0.0,0.09315866084425037,0.018129876774826248,0.01936717437476458
recall,0.75,0.19047619047619047,0.0,0.0,0.0,0.0,0.0,0.0,0.0,0.0,0.09315866084425037,0.09404761904761905,0.09315866084425037
f1-score,0.1705150976909414,0.1176470588235294,0.0,0.0,0.0,0.0,0.0,0.0,0.0,0.0,0.09315866084425037,0.02881621565144708,0.030269751373212108
support,64.0,84.0,74.0,74.0,70.0,77.0,73.0,68.0,61.0,42.0,0.09315866084425037,687.0,687.0
