,1,2,3,4,5,6,7,8,9,10,accuracy,macro avg,weighted avg
precision,0.10891089108910891,0.058091286307053944,0.0,0.0,0.0,0.0,0.0,0.0,0.0,0.0,0.08639705882352941,0.016700217739616285,0.016363851115401996
recall,0.6111111111111112,0.2692307692307692,0.0,0.0,0.0,0.0,0.0,0.0,0.0,0.0,0.08639705882352941,0.08803418803418803,0.08639705882352941
f1-score,0.18487394957983194,0.0955631399317406,0.0,0.0,0.0,0.0,0.0,0.0,0.0,0.0,0.08639705882352941,0.028043708951157254,0.027486170135590876
support,54.0,52.0,67.0,47.0,68.0,10.0,46.0,68.0,82.0,50.0,0.08639705882352941,544.0,544.0
