,1,2,3,4,5,6,7,8,9,10,accuracy,macro avg,weighted avg
precision,0.16,0.06626506024096386,0.06806282722513089,0.11504424778761062,0.10344827586206896,0.0,0.0,0.0,0.0,0.0,0.08823529411764706,0.051282041111577435,0.046609908180674564
recall,0.14035087719298245,0.20754716981132076,0.28888888888888886,0.30952380952380953,0.0967741935483871,0.0,0.0,0.0,0.0,0.0,0.08823529411764706,0.10430849389653887,0.08823529411764706
f1-score,0.14953271028037382,0.10045662100456622,0.11016949152542373,0.16774193548387095,0.09999999999999999,0.0,0.0,0.0,0.0,0.0,0.08823529411764706,0.06279007582942348,0.05545043911451551
support,57.0,53.0,45.0,42.0,62.0,62.0,73.0,65.0,64.0,55.0,0.08823529411764706,578.0,578.0
