,1,2,3,4,5,6,7,8,9,10,accuracy,macro avg,weighted avg
precision,0.04519774011299435,0.1794871794871795,0.07058823529411765,0.06153846153846154,0.046296296296296294,0.0,0.0,0.0,0.0,0.0,0.07093425605536333,0.04031079127290493,0.0358486990354364
recall,0.14035087719298245,0.2641509433962264,0.13333333333333333,0.19047619047619047,0.08064516129032258,0.0,0.0,0.0,0.0,0.0,0.07093425605536333,0.08089565056890552,0.07093425605536333
f1-score,0.06837606837606838,0.2137404580152672,0.0923076923076923,0.09302325581395349,0.0588235294117647,0.0,0.0,0.0,0.0,0.0,0.07093425605536333,0.052627100392474604,0.0465978579477624
support,57.0,53.0,45.0,42.0,62.0,62.0,73.0,65.0,64.0,55.0,0.07093425605536333,578.0,578.0
