,1,2,3,4,5,6,7,8,9,10,accuracy,macro avg,weighted avg
precision,0.07238605898123325,0.08598726114649681,0.0,0.0,0.0,0.0,0.0,0.0,0.0,0.0,0.07860262008733625,0.015837332012773007,0.017257114572204746
recall,0.421875,0.32142857142857145,0.0,0.0,0.0,0.0,0.0,0.0,0.0,0.0,0.07860262008733625,0.07433035714285714,0.07860262008733625
f1-score,0.12356979405034327,0.135678391959799,0.0,0.0,0.0,0.0,0.0,0.0,0.0,0.0,0.07860262008733625,0.025924818601014227,0.028101094241404778
support,64.0,84.0,74.0,74.0,70.0,77.0,73.0,68.0,61.0,42.0,0.07860262008733625,687.0,687.0
