,1,2,3,4,5,6,7,8,9,10,accuracy,macro avg,weighted avg
precision,0.16129032258064516,0.2,0.185,0.19047619047619047,0.03347280334728033,0.0,0.0,0.0,0.0,0.0,0.12954876273653565,0.0770239316404116,0.08333466517424891
recall,0.3125,0.09523809523809523,0.5,0.21621621621621623,0.11428571428571428,0.0,0.0,0.0,0.0,0.0,0.12954876273653565,0.12382400257400258,0.12954876273653565
f1-score,0.2127659574468085,0.12903225806451613,0.27007299270072993,0.20253164556962025,0.05177993527508091,0.0,0.0,0.0,0.0,0.0,0.12954876273653565,0.08661827890567557,0.09178030517507521
support,64.0,84.0,74.0,74.0,70.0,77.0,73.0,68.0,61.0,42.0,0.12954876273653565,687.0,687.0
