,1,2,3,4,5,6,7,8,9,10,accuracy,macro avg,weighted avg
precision,0.13360323886639677,0.1388888888888889,0.14761904761904762,0.17567567567567569,0.011904761904761904,0.0,0.0,0.0,0.0,0.0,0.12809315866084425,0.06076916129547708,0.06546494441231283
recall,0.515625,0.11904761904761904,0.4189189189189189,0.17567567567567569,0.014285714285714285,0.0,0.0,0.0,0.0,0.0,0.12809315866084425,0.12435529279279281,0.12809315866084425
f1-score,0.2122186495176849,0.12820512820512822,0.2183098591549296,0.17567567567567569,0.012987012987012988,0.0,0.0,0.0,0.0,0.0,0.12809315866084425,0.07473963255404313,0.07920705214689709
support,64.0,84.0,74.0,74.0,70.0,77.0,73.0,68.0,61.0,42.0,0.12809315866084425,687.0,687.0
