,1,2,3,4,5,6,7,8,9,10,accuracy,macro avg,weighted avg
precision,0.10467706013363029,0.12605042016806722,0.0,0.0,0.0,0.0,0.0,0.0,0.0,0.0,0.11208151382823872,0.023072748030169753,0.02516385319165937
recall,0.734375,0.35714285714285715,0.0,0.0,0.0,0.0,0.0,0.0,0.0,0.0,0.11208151382823872,0.10915178571428572,0.11208151382823872
f1-score,0.18323586744639375,0.1863354037267081,0.0,0.0,0.0,0.0,0.0,0.0,0.0,0.0,0.11208151382823872,0.03695712711731018,0.0398533761711975
support,64.0,84.0,74.0,74.0,70.0,77.0,73.0,68.0,61.0,42.0,0.11208151382823872,687.0,687.0
