,1,2,3,4,5,6,7,8,9,10,accuracy,macro avg,weighted avg
precision,0.078125,0.11885245901639344,0.010309278350515464,0.2807017543859649,0.2222222222222222,0.0,0.0,0.0,0.0,0.0,0.11029411764705882,0.0710210713975096,0.07241524464262585
recall,0.18518518518518517,0.5576923076923077,0.014925373134328358,0.3404255319148936,0.058823529411764705,0.0,0.0,0.0,0.0,0.0,0.11029411764705882,0.11570519273384797,0.11029411764705882
f1-score,0.10989010989010989,0.19594594594594594,0.012195121951219513,0.30769230769230765,0.09302325581395347,0.0,0.0,0.0,0.0,0.0,0.11029411764705882,0.07187467412935364,0.06935192674793038
support,54.0,52.0,67.0,47.0,68.0,10.0,46.0,68.0,82.0,50.0,0.11029411764705882,544.0,544.0
