,1,2,3,4,5,6,7,8,9,10,accuracy,macro avg,weighted avg
precision,0.07239819004524888,0.07346938775510205,0.0,0.0,0.0,0.0,0.0,0.0,0.0,0.0,0.07278020378457059,0.014586757780035093,0.01572767501357278
recall,0.5,0.21428571428571427,0.0,0.0,0.0,0.0,0.0,0.0,0.0,0.0,0.07278020378457059,0.07142857142857142,0.07278020378457059
f1-score,0.1264822134387352,0.10942249240121582,0.0,0.0,0.0,0.0,0.0,0.0,0.0,0.0,0.07278020378457059,0.0235904705839951,0.02516208300113709
support,64.0,84.0,74.0,74.0,70.0,77.0,73.0,68.0,61.0,42.0,0.07278020378457059,687.0,687.0
