,1,2,3,4,5,6,7,8,9,10,accuracy,macro avg,weighted avg
precision,0.11553784860557768,0.0581039755351682,0.0,0.0,0.0,0.0,0.0,0.0,0.0,0.0,0.08304498269896193,0.01736418241407459,0.016721744072459934
recall,0.5087719298245614,0.3584905660377358,0.0,0.0,0.0,0.0,0.0,0.0,0.0,0.0,0.08304498269896193,0.08672624958622972,0.08304498269896193
f1-score,0.1883116883116883,0.09999999999999999,0.0,0.0,0.0,0.0,0.0,0.0,0.0,0.0,0.08304498269896193,0.02883116883116883,0.027740079989214936
support,57.0,53.0,45.0,42.0,62.0,62.0,73.0,65.0,64.0,55.0,0.08304498269896193,578.0,578.0
