,1,2,3,4,5,6,7,8,9,10,accuracy,macro avg,weighted avg
precision,0.13541666666666666,0.12751677852348994,0.04,0.08771929824561403,0.047619047619047616,0.0,0.0,0.0,0.0,0.0,0.10294117647058823,0.043827179105481825,0.04408874032878782
recall,0.48148148148148145,0.36538461538461536,0.07462686567164178,0.10638297872340426,0.014705882352941176,0.0,0.0,0.0,0.0,0.0,0.10294117647058823,0.10425818236140841,0.10294117647058823
f1-score,0.2113821138211382,0.18905472636815923,0.05208333333333333,0.09615384615384616,0.022471910112359546,0.0,0.0,0.0,0.0,0.0,0.10294117647058823,0.05711459297888364,0.05658526453619539
support,54.0,52.0,67.0,47.0,68.0,10.0,46.0,68.0,82.0,50.0,0.10294117647058823,544.0,544.0
