,1,2,3,4,5,6,7,8,9,10,accuracy,macro avg,weighted avg
precision,0.14225941422594143,0.07964601769911504,0.0,0.0,0.0,0.0,0.0,0.0,0.0,0.0,0.10553633217993079,0.022190543192505647,0.021332224133099927
recall,0.5964912280701754,0.5094339622641509,0.0,0.0,0.0,0.0,0.0,0.0,0.0,0.0,0.10553633217993079,0.11059251903343263,0.10553633217993079
f1-score,0.22972972972972971,0.13775510204081634,0.0,0.0,0.0,0.0,0.0,0.0,0.0,0.0,0.10553633217993079,0.036748483177054606,0.03528653114663989
support,57.0,53.0,45.0,42.0,62.0,62.0,73.0,65.0,64.0,55.0,0.10553633217993079,578.0,578.0
