,1,2,3,4,5,6,7,8,9,10,accuracy,macro avg,weighted avg
precision,0.1,0.07936507936507936,0.11570247933884298,0.1111111111111111,0.030303030303030304,0.010526315789473684,0.0,0.0967741935483871,0.0,0.2,0.07720588235294118,0.07437822094559246,0.07582313758216902
recall,0.09259259259259259,0.09615384615384616,0.208955223880597,0.23404255319148937,0.029411764705882353,0.1,0.0,0.04411764705882353,0.0,0.02,0.07720588235294118,0.0825273627583231,0.07720588235294118
f1-score,0.09615384615384615,0.08695652173913043,0.14893617021276595,0.1506849315068493,0.02985074626865672,0.019047619047619046,0.0,0.06060606060606061,0.0,0.03636363636363636,0.07720588235294118,0.06285995318985646,0.06421816706610017
support,54.0,52.0,67.0,47.0,68.0,10.0,46.0,68.0,82.0,50.0,0.07720588235294118,544.0,544.0
