,1,2,3,4,5,6,7,8,9,10,accuracy,macro avg,weighted avg
precision,0.07894736842105263,0.14285714285714285,0.15384615384615385,0.0,0.1,0.0,0.0,0.0,0.0,0.0,0.08455882352941177,0.04756506651243493,0.05294011329228048
recall,0.2777777777777778,0.2692307692307692,0.1791044776119403,0.0,0.07352941176470588,0.0,0.0,0.0,0.0,0.0,0.08455882352941177,0.07996424363851931,0.08455882352941177
f1-score,0.12295081967213113,0.18666666666666665,0.16551724137931034,0.0,0.08474576271186442,0.0,0.0,0.0,0.0,0.0,0.08455882352941177,0.05598804904299726,0.06102643008415868
support,54.0,52.0,67.0,47.0,68.0,10.0,46.0,68.0,82.0,50.0,0.08455882352941177,544.0,544.0
