,1,2,3,4,5,6,7,8,9,10,accuracy,macro avg,weighted avg
precision,0.14583333333333334,0.05917159763313609,0.0,0.0,0.0,0.0,0.0,0.0,0.0,0.0,0.09515570934256055,0.020500493096646942,0.019807257222415595
recall,0.6140350877192983,0.37735849056603776,0.0,0.0,0.0,0.0,0.0,0.0,0.0,0.0,0.09515570934256055,0.0991393578285336,0.09515570934256055
f1-score,0.2356902356902357,0.10230179028132992,0.0,0.0,0.0,0.0,0.0,0.0,0.0,0.0,0.09515570934256055,0.03379920259715656,0.03262342269767114
support,57.0,53.0,45.0,42.0,62.0,62.0,73.0,65.0,64.0,55.0,0.09515570934256055,578.0,578.0
