,1,2,3,4,5,6,7,8,9,10,accuracy,macro avg,weighted avg
precision,0.10638297872340426,0.1746987951807229,0.13846153846153847,0.17647058823529413,0.07586206896551724,0.0,0.0,0.0,0.0,0.0,0.12518195050946143,0.0671875969566477,0.07292362683643437
recall,0.078125,0.34523809523809523,0.12162162162162163,0.28378378378378377,0.3142857142857143,0.0,0.0,0.0,0.0,0.0,0.12518195050946143,0.11430542149292149,0.12518195050946143
f1-score,0.0900900900900901,0.23199999999999996,0.12949640287769784,0.21761658031088082,0.12222222222222223,0.0,0.0,0.0,0.0,0.0,0.12518195050946143,0.07914252955008909,0.08660215731772364
support,64.0,84.0,74.0,74.0,70.0,77.0,73.0,68.0,61.0,42.0,0.12518195050946143,687.0,687.0
