,1,2,3,4,5,6,7,8,9,10,accuracy,macro avg,weighted avg
precision,0.10294117647058823,0.07563025210084033,0.0,0.0,0.0,0.0,0.0,0.0,0.0,0.0,0.09169550173010381,0.017857142857142856,0.0170865924224361
recall,0.6140350877192983,0.33962264150943394,0.0,0.0,0.0,0.0,0.0,0.0,0.0,0.0,0.09169550173010381,0.09536577292287322,0.09169550173010381
f1-score,0.17632241813602015,0.12371134020618556,0.0,0.0,0.0,0.0,0.0,0.0,0.0,0.0,0.09169550173010381,0.03000337583422057,0.028731970354119354
support,57.0,53.0,45.0,42.0,62.0,62.0,73.0,65.0,64.0,55.0,0.09169550173010381,578.0,578.0
