,1,2,3,4,5,6,7,8,9,10,accuracy,macro avg,weighted avg
precision,0.11352657004830918,0.1402439024390244,0.0,0.0,0.0,0.0,0.0,0.0,0.0,0.0,0.12110726643598616,0.02537704724873336,0.024055261802806083
recall,0.8245614035087719,0.4339622641509434,0.0,0.0,0.0,0.0,0.0,0.0,0.0,0.0,0.12110726643598616,0.12585236676597153,0.12110726643598616
f1-score,0.19957537154989385,0.21198156682027652,0.0,0.0,0.0,0.0,0.0,0.0,0.0,0.0,0.12110726643598616,0.04115569383701704,0.03911906439414984
support,57.0,53.0,45.0,42.0,62.0,62.0,73.0,65.0,64.0,55.0,0.12110726643598616,578.0,578.0
