,1,2,3,4,5,6,7,8,9,10,accuracy,macro avg,weighted avg
precision,0.058823529411764705,0.10218978102189781,0.11382113821138211,0.0875,0.08571428571428572,0.0,0.0,0.0,0.0,0.0,0.09024745269286755,0.044804873435933035,0.0483936123956836
recall,0.09375,0.16666666666666666,0.1891891891891892,0.0945945945945946,0.3,0.0,0.0,0.0,0.0,0.0,0.09024745269286755,0.08442004504504504,0.09024745269286755
f1-score,0.07228915662650601,0.12669683257918551,0.14213197969543145,0.09090909090909091,0.13333333333333333,0.0,0.0,0.0,0.0,0.0,0.09024745269286755,0.056536039314354726,0.06091326421952832
support,64.0,84.0,74.0,74.0,70.0,77.0,73.0,68.0,61.0,42.0,0.09024745269286755,687.0,687.0
