,1,2,3,4,5,6,7,8,9,10,accuracy,macro avg,weighted avg
precision,0.125,0.16666666666666666,0.17557251908396945,0.028846153846153848,0.1282051282051282,0.0,0.0,0.0,0.0,0.0,0.12683823529411764,0.06242904678019181,0.06848114594487235
recall,0.2222222222222222,0.3076923076923077,0.34328358208955223,0.06382978723404255,0.22058823529411764,0.0,0.0,0.0,0.0,0.0,0.12683823529411764,0.11576161345322422,0.12683823529411764
f1-score,0.16,0.21621621621621623,0.23232323232323232,0.039735099337748346,0.16216216216216214,0.0,0.0,0.0,0.0,0.0,0.12683823529411764,0.08104367100393592,0.08886668475147243
support,54.0,52.0,67.0,47.0,68.0,10.0,46.0,68.0,82.0,50.0,0.12683823529411764,544.0,544.0
