,1,2,3,4,5,6,7,8,9,10,accuracy,macro avg,weighted avg
precision,0.0946969696969697,0.08214285714285714,0.0,0.0,0.0,0.0,0.0,0.0,0.0,0.0,0.08823529411764706,0.017683982683982684,0.017251957601222306
recall,0.46296296296296297,0.4423076923076923,0.0,0.0,0.0,0.0,0.0,0.0,0.0,0.0,0.08823529411764706,0.09052706552706553,0.08823529411764706
f1-score,0.15723270440251574,0.13855421686746985,0.0,0.0,0.0,0.0,0.0,0.0,0.0,0.0,0.08823529411764706,0.02957869212699856,0.02885181124052258
support,54.0,52.0,67.0,47.0,68.0,10.0,46.0,68.0,82.0,50.0,0.08823529411764706,544.0,544.0
