,1,2,3,4,5,6,7,8,9,10,accuracy,macro avg,weighted avg
precision,0.09315068493150686,0.10328638497652583,0.0,0.0,0.0,0.0,0.0,0.0,0.0,0.0,0.09688581314878893,0.019643706990803266,0.018657037101819655
recall,0.5964912280701754,0.41509433962264153,0.0,0.0,0.0,0.0,0.0,0.0,0.0,0.0,0.09688581314878893,0.10115855676928169,0.09688581314878893
f1-score,0.16113744075829387,0.16541353383458646,0.0,0.0,0.0,0.0,0.0,0.0,0.0,0.0,0.09688581314878893,0.03265509745928803,0.031058393454075833
support,57.0,53.0,45.0,42.0,62.0,62.0,73.0,65.0,64.0,55.0,0.09688581314878893,578.0,578.0
