,1,2,3,4,5,6,7,8,9,10,accuracy,macro avg,weighted avg
precision,0.152,0.10714285714285714,0.14705882352941177,0.22077922077922077,0.21666666666666667,0.0,0.0,0.0,0.0,0.0,0.1615720524017467,0.08436475681181563,0.08895878012446212
recall,0.59375,0.03571428571428571,0.5405405405405406,0.22972972972972974,0.18571428571428572,0.0,0.0,0.0,0.0,0.0,0.1615720524017467,0.15854488416988416,0.1615720524017467
f1-score,0.24203821656050953,0.05357142857142857,0.23121387283236994,0.2251655629139073,0.2,0.0,0.0,0.0,0.0,0.0,0.1615720524017467,0.09519890808782154,0.09863540626651693
support,64.0,84.0,74.0,74.0,70.0,77.0,73.0,68.0,61.0,42.0,0.1615720524017467,687.0,687.0
