,1,2,3,4,5,6,7,8,9,10,accuracy,macro avg,weighted avg
precision,0.11864406779661017,0.1411764705882353,0.06542056074766354,0.09401709401709402,0.0,0.0,0.0,0.0,0.0,0.0,0.09688581314878893,0.041925819314960304,0.03657042904488937
recall,0.12280701754385964,0.4528301886792453,0.3111111111111111,0.2619047619047619,0.0,0.0,0.0,0.0,0.0,0.0,0.09688581314878893,0.11486530792389779,0.09688581314878893
f1-score,0.12068965517241378,0.21524663677130043,0.1081081081081081,0.13836477987421383,0.0,0.0,0.0,0.0,0.0,0.0,0.09688581314878893,0.058240917992603614,0.05010997874271342
support,57.0,53.0,45.0,42.0,62.0,62.0,73.0,65.0,64.0,55.0,0.09688581314878893,578.0,578.0
