,1,2,3,4,5,6,7,8,9,10,accuracy,macro avg,weighted avg
precision,0.0625,0.13125,0.07894736842105263,0.0873015873015873,0.023809523809523808,0.0,0.0,0.0,0.0,0.0,0.0900735294117647,0.03838084795321638,0.038992088063295495
recall,0.07407407407407407,0.40384615384615385,0.1791044776119403,0.23404255319148937,0.014705882352941176,0.0,0.0,0.0,0.0,0.0,0.0900735294117647,0.09057731410765987,0.0900735294117647
f1-score,0.06779661016949153,0.19811320754716985,0.1095890410958904,0.12716763005780346,0.018181818181818177,0.0,0.0,0.0,0.0,0.0,0.0900735294117647,0.05208483070521734,0.052423918647261813
support,54.0,52.0,67.0,47.0,68.0,10.0,46.0,68.0,82.0,50.0,0.0900735294117647,544.0,544.0
