,1,2,3,4,5,6,7,8,9,10,accuracy,macro avg,weighted avg
precision,0.05660377358490566,0.10309278350515463,0.0,0.04375,0.04375,0.0,0.0,0.0,0.0,0.0,0.05190311418685121,0.024719655709006035,0.022907149861786887
recall,0.10526315789473684,0.18867924528301888,0.0,0.16666666666666666,0.11290322580645161,0.0,0.0,0.0,0.0,0.0,0.05190311418685121,0.057351229565087404,0.05190311418685121
f1-score,0.0736196319018405,0.13333333333333333,0.0,0.06930693069306931,0.06306306306306306,0.0,0.0,0.0,0.0,0.0,0.05190311418685121,0.03393229589913062,0.031286828173166775
support,57.0,53.0,45.0,42.0,62.0,62.0,73.0,65.0,64.0,55.0,0.05190311418685121,578.0,578.0
