,1,2,3,4,5,6,7,8,9,10,accuracy,macro avg,weighted avg
precision,0.109375,0.14835164835164835,0.10582010582010581,0.15714285714285714,0.0989010989010989,0.0,0.0,0.0,0.0,0.0,0.12081513828238719,0.06195907102157102,0.06673053077711011
recall,0.109375,0.32142857142857145,0.2702702702702703,0.14864864864864866,0.2571428571428571,0.0,0.0,0.0,0.0,0.0,0.12081513828238719,0.11068653474903475,0.12081513828238719
f1-score,0.109375,0.20300751879699253,0.1520912547528517,0.15277777777777776,0.14285714285714285,0.0,0.0,0.0,0.0,0.0,0.12081513828238719,0.07601086941847648,0.08240602618080635
support,64.0,84.0,74.0,74.0,70.0,77.0,73.0,68.0,61.0,42.0,0.12081513828238719,687.0,687.0
