,1,2,3,4,5,6,7,8,9,10,accuracy,macro avg,weighted avg
precision,0.1054421768707483,0.1267605633802817,0.0,0.0,0.0,0.0,0.0,0.0,0.0,0.0,0.11591695501730104,0.023220274025103,0.02202165041658751
recall,0.543859649122807,0.6792452830188679,0.0,0.0,0.0,0.0,0.0,0.0,0.0,0.0,0.11591695501730104,0.1223104932141675,0.11591695501730104
f1-score,0.17663817663817663,0.2136498516320475,0.0,0.0,0.0,0.0,0.0,0.0,0.0,0.0,0.11591695501730104,0.03902880282702241,0.037010066098398936
support,57.0,53.0,45.0,42.0,62.0,62.0,73.0,65.0,64.0,55.0,0.11591695501730104,578.0,578.0
