,1,2,3,4,5,6,7,8,9,10,accuracy,macro avg,weighted avg
precision,0.13127413127413126,0.09473684210526316,0.0,0.0,0.0,0.0,0.0,0.0,0.0,0.0,0.11213235294117647,0.02260109733793944,0.0220866155850676
recall,0.6296296296296297,0.5192307692307693,0.0,0.0,0.0,0.0,0.0,0.0,0.0,0.0,0.11213235294117647,0.11488603988603989,0.11213235294117647
f1-score,0.21725239616613418,0.16023738872403562,0.0,0.0,0.0,0.0,0.0,0.0,0.0,0.0,0.11213235294117647,0.03774897848901698,0.03688230442393584
support,54.0,52.0,67.0,47.0,68.0,10.0,46.0,68.0,82.0,50.0,0.11213235294117647,544.0,544.0
