,1,2,3,4,5,6,7,8,9,10,accuracy,macro avg,weighted avg
precision,0.11743772241992882,0.09505703422053231,0.0,0.0,0.0,0.0,0.0,0.0,0.0,0.0,0.10661764705882353,0.021249475664046114,0.020743755128940874
recall,0.6111111111111112,0.4807692307692308,0.0,0.0,0.0,0.0,0.0,0.0,0.0,0.0,0.10661764705882353,0.1091880341880342,0.10661764705882353
f1-score,0.19701492537313434,0.15873015873015872,0.0,0.0,0.0,0.0,0.0,0.0,0.0,0.0,0.10661764705882353,0.03557450841032931,0.034729364382568954
support,54.0,52.0,67.0,47.0,68.0,10.0,46.0,68.0,82.0,50.0,0.10661764705882353,544.0,544.0
