,1,2,3,4,5,6,7,8,9,10,accuracy,macro avg,weighted avg
precision,0.11589403973509933,0.08695652173913043,0.0,0.0,0.0,0.0,0.0,0.0,0.0,0.0,0.10207612456747404,0.020285056147422976,0.019402518887672277
recall,0.6140350877192983,0.4528301886792453,0.0,0.0,0.0,0.0,0.0,0.0,0.0,0.0,0.10207612456747404,0.10668652763985435,0.10207612456747404
f1-score,0.1949860724233983,0.1458966565349544,0.0,0.0,0.0,0.0,0.0,0.0,0.0,0.0,0.10207612456747404,0.03408827289583527,0.032606797447208104
support,57.0,53.0,45.0,42.0,62.0,62.0,73.0,65.0,64.0,55.0,0.10207612456747404,578.0,578.0
