,1,2,3,4,5,6,7,8,9,10,accuracy,macro avg,weighted avg
precision,0.18627450980392157,0.12549019607843137,0.016666666666666666,0.030303030303030304,0.375,0.0,0.0,0.0,0.0,0.0,0.10034602076124567,0.073373440285205,0.07360095972959803
recall,0.3333333333333333,0.6037735849056604,0.06666666666666667,0.023809523809523808,0.04838709677419355,0.0,0.0,0.0,0.0,0.0,0.10034602076124567,0.10759702054893776,0.10034602076124567
f1-score,0.23899371069182393,0.2077922077922078,0.02666666666666667,0.02666666666666667,0.0857142857142857,0.0,0.0,0.0,0.0,0.0,0.10034602076124567,0.05858335375316508,0.05583030144758943
support,57.0,53.0,45.0,42.0,62.0,62.0,73.0,65.0,64.0,55.0,0.10034602076124567,578.0,578.0
