,1,2,3,4,5,6,7,8,9,10,accuracy,macro avg,weighted avg
precision,0.0603448275862069,0.10989010989010989,0.0784313725490196,0.1896551724137931,0.11428571428571428,0.0,0.0,0.0,0.0,0.0,0.09926470588235294,0.05526071967248438,0.05682542286691553
recall,0.12962962962962962,0.38461538461538464,0.1791044776119403,0.23404255319148937,0.058823529411764705,0.0,0.0,0.0,0.0,0.0,0.09926470588235294,0.09862155744602086,0.09926470588235294
f1-score,0.08235294117647059,0.17094017094017092,0.10909090909090907,0.20952380952380953,0.07766990291262135,0.0,0.0,0.0,0.0,0.0,0.09926470588235294,0.06495777336439815,0.06576141740291637
support,54.0,52.0,67.0,47.0,68.0,10.0,46.0,68.0,82.0,50.0,0.09926470588235294,544.0,544.0
