,1,2,3,4,5,6,7,8,9,10,accuracy,macro avg,weighted avg
precision,0.06756756756756757,0.10240963855421686,0.0625,0.05813953488372093,0.07575757575757576,0.0,0.0,0.0,0.0,0.0,0.07612456747404844,0.03663743167630811,0.03327057501178343
recall,0.17543859649122806,0.32075471698113206,0.15555555555555556,0.11904761904761904,0.08064516129032258,0.0,0.0,0.0,0.0,0.0,0.07612456747404844,0.08514416493658573,0.07612456747404844
f1-score,0.0975609756097561,0.1552511415525114,0.08917197452229299,0.078125,0.078125,0.0,0.0,0.0,0.0,0.0,0.07612456747404844,0.04982340916845605,0.044856444577062955
support,57.0,53.0,45.0,42.0,62.0,62.0,73.0,65.0,64.0,55.0,0.07612456747404844,578.0,578.0
