,1,2,3,4,5,6,7,8,9,10,accuracy,macro avg,weighted avg
precision,0.10262008733624454,0.1,0.0,0.0,0.0,0.0,0.0,0.0,0.0,0.0,0.10207612456747404,0.020262008733624454,0.019289524183678096
recall,0.8245614035087719,0.22641509433962265,0.0,0.0,0.0,0.0,0.0,0.0,0.0,0.0,0.10207612456747404,0.10509764978483946,0.10207612456747404
f1-score,0.18252427184466022,0.13872832369942195,0.0,0.0,0.0,0.0,0.0,0.0,0.0,0.0,0.10207612456747404,0.03212525955440822,0.030720561680302762
support,57.0,53.0,45.0,42.0,62.0,62.0,73.0,65.0,64.0,55.0,0.10207612456747404,578.0,578.0
