,1,2,3,4,5,6,7,8,9,10,accuracy,macro avg,weighted avg
precision,0.09342560553633218,0.1724137931034483,0.11374407582938388,0.20430107526881722,0.08333333333333333,0.0,0.0,0.0,0.0,0.0,0.12081513828238719,0.06672178830713149,0.07253372909696526
recall,0.421875,0.11904761904761904,0.32432432432432434,0.25675675675675674,0.04285714285714286,0.0,0.0,0.0,0.0,0.0,0.12081513828238719,0.11648608429858431,0.12081513828238719
f1-score,0.1529745042492918,0.1408450704225352,0.16842105263157894,0.22754491017964074,0.05660377358490566,0.0,0.0,0.0,0.0,0.0,0.12081513828238719,0.07463893110679523,0.07989097465272385
support,64.0,84.0,74.0,74.0,70.0,77.0,73.0,68.0,61.0,42.0,0.12081513828238719,687.0,687.0
