,1,2,3,4,5,6,7,8,9,10,accuracy,macro avg,weighted avg
precision,0.06578947368421052,0.15352697095435686,0.048484848484848485,0.20408163265306123,0.15384615384615385,0.0,0.0,0.0,0.0,0.0,0.11397058823529412,0.06257290796226309,0.06404024653178514
recall,0.09259259259259259,0.7115384615384616,0.11940298507462686,0.2127659574468085,0.029411764705882353,0.0,0.0,0.0,0.0,0.0,0.11397058823529412,0.11657117613583719,0.11397058823529412
f1-score,0.07692307692307691,0.2525597269624574,0.06896551724137932,0.20833333333333334,0.04938271604938271,0.0,0.0,0.0,0.0,0.0,0.11397058823529412,0.06561643705096296,0.06444362678141735
support,54.0,52.0,67.0,47.0,68.0,10.0,46.0,68.0,82.0,50.0,0.11397058823529412,544.0,544.0
