,1,2,3,4,5,6,7,8,9,10,accuracy,macro avg,weighted avg
precision,0.1134020618556701,0.07114624505928854,0.0,0.0,0.0,0.0,0.0,0.0,0.0,0.0,0.09375,0.018454830691495866,0.018057566329575715
recall,0.6111111111111112,0.34615384615384615,0.0,0.0,0.0,0.0,0.0,0.0,0.0,0.0,0.09375,0.09572649572649573,0.09375
f1-score,0.19130434782608693,0.1180327868852459,0.0,0.0,0.0,0.0,0.0,0.0,0.0,0.0,0.09375,0.030933713471133283,0.03027231562617919
support,54.0,52.0,67.0,47.0,68.0,10.0,46.0,68.0,82.0,50.0,0.09375,544.0,544.0
