,1,2,3,4,5,6,7,8,9,10,accuracy,macro avg,weighted avg
precision,0.18309859154929578,0.08029197080291971,0.06934306569343066,0.06493506493506493,0.0,0.0,0.0,0.0,0.0,0.0,0.08304498269896193,0.039766869298071106,0.03553599455768462
recall,0.22807017543859648,0.20754716981132076,0.4222222222222222,0.11904761904761904,0.0,0.0,0.0,0.0,0.0,0.0,0.08304498269896193,0.09768871865197584,0.08304498269896193
f1-score,0.20312499999999997,0.11578947368421053,0.11912225705329153,0.08403361344537814,0.0,0.0,0.0,0.0,0.0,0.0,0.08304498269896193,0.05220703441828802,0.04602920490893972
support,57.0,53.0,45.0,42.0,62.0,62.0,73.0,65.0,64.0,55.0,0.08304498269896193,578.0,578.0
