,1,2,3,4,5,6,7,8,9,10,accuracy,macro avg,weighted avg
precision,0.08771929824561403,0.08860759493670886,0.0,0.0,0.0,0.0,0.0,0.0,0.0,0.0,0.08823529411764706,0.017632689318232288,0.01717727397421327
recall,0.37037037037037035,0.5384615384615384,0.0,0.0,0.0,0.0,0.0,0.0,0.0,0.0,0.08823529411764706,0.09088319088319088,0.08823529411764706
f1-score,0.14184397163120568,0.15217391304347827,0.0,0.0,0.0,0.0,0.0,0.0,0.0,0.0,0.08823529411764706,0.029401788467468392,0.028626135930783045
support,54.0,52.0,67.0,47.0,68.0,10.0,46.0,68.0,82.0,50.0,0.08823529411764706,544.0,544.0
