,1,2,3,4,5,6,7,8,9,10,accuracy,macro avg,weighted avg
precision,0.08791208791208792,0.0967741935483871,0.15602836879432624,0.010638297872340425,0.11764705882352941,0.0,0.0,0.0,0.0,0.0,0.09558823529411764,0.04690000069506711,0.052818771178288114
recall,0.2962962962962963,0.17307692307692307,0.3283582089552239,0.02127659574468085,0.058823529411764705,0.0,0.0,0.0,0.0,0.0,0.09558823529411764,0.08778315534848888,0.09558823529411764
f1-score,0.13559322033898305,0.12413793103448276,0.21153846153846154,0.014184397163120569,0.07843137254901962,0.0,0.0,0.0,0.0,0.0,0.09558823529411764,0.05638853826240675,0.06240860888818955
support,54.0,52.0,67.0,47.0,68.0,10.0,46.0,68.0,82.0,50.0,0.09558823529411764,544.0,544.0
