,1,2,3,4,5,6,7,8,9,10,accuracy,macro avg,weighted avg
precision,0.10232558139534884,0.11392405063291139,0.1935483870967742,0.3333333333333333,0.11363636363636363,0.17894736842105263,0.0,0.0,0.0625,0.0,0.11062590975254731,0.10982150845157838,0.11739985094215624
recall,0.34375,0.10714285714285714,0.08108108108108109,0.08108108108108109,0.21428571428571427,0.22077922077922077,0.0,0.0,0.01639344262295082,0.0,0.11062590975254731,0.10645133969929052,0.11062590975254731
f1-score,0.15770609318996415,0.11042944785276072,0.11428571428571428,0.13043478260869568,0.1485148514851485,0.19767441860465118,0.0,0.0,0.025974025974025972,0.0,0.11062590975254731,0.08850193340009604,0.09414842179754011
support,64.0,84.0,74.0,74.0,70.0,77.0,73.0,68.0,61.0,42.0,0.11062590975254731,687.0,687.0
