,1,2,3,4,5,6,7,8,9,10,accuracy,macro avg,weighted avg
precision,0.07272727272727272,0.09387755102040816,0.1774193548387097,0.13541666666666666,0.09606986899563319,0.0,0.0,0.0,0.0,0.0,0.10625909752547306,0.05755107142486904,0.061739470394980955
recall,0.0625,0.27380952380952384,0.14864864864864866,0.17567567567567569,0.3142857142857143,0.0,0.0,0.0,0.0,0.0,0.10625909752547306,0.09749195624195625,0.10625909752547306
f1-score,0.06722689075630252,0.1398176291793313,0.16176470588235295,0.15294117647058825,0.14715719063545152,0.0,0.0,0.0,0.0,0.0,0.10625909752547306,0.06689075929240265,0.07225100509179977
support,64.0,84.0,74.0,74.0,70.0,77.0,73.0,68.0,61.0,42.0,0.10625909752547306,687.0,687.0
