,1,2,3,4,5,6,7,8,9,10,accuracy,macro avg,weighted avg
precision,0.07608695652173914,0.12558139534883722,0.060240963855421686,0.06818181818181818,0.058823529411764705,0.0,0.0,0.0,0.0,0.0,0.08823529411764706,0.03889146633195809,0.03497285300326514
recall,0.12280701754385964,0.5094339622641509,0.2222222222222222,0.14285714285714285,0.016129032258064516,0.0,0.0,0.0,0.0,0.0,0.08823529411764706,0.10134493771454403,0.08823529411764706
f1-score,0.09395973154362415,0.20149253731343283,0.09478672985781991,0.0923076923076923,0.02531645569620253,0.0,0.0,0.0,0.0,0.0,0.08823529411764706,0.05078631467187718,0.044544559427833995
support,57.0,53.0,45.0,42.0,62.0,62.0,73.0,65.0,64.0,55.0,0.08823529411764706,578.0,578.0
