,1,2,3,4,5,6,7,8,9,10,accuracy,macro avg,weighted avg
precision,0.10416666666666667,0.1949685534591195,0.0,0.0658682634730539,0.08955223880597014,0.0,0.0,0.0,0.0,0.0,0.11072664359861592,0.045455572240481024,0.04254245537226946
recall,0.17543859649122806,0.5849056603773585,0.0,0.2619047619047619,0.1935483870967742,0.0,0.0,0.0,0.0,0.0,0.11072664359861592,0.12157974058701226,0.11072664359861592
f1-score,0.130718954248366,0.29245283018867924,0.0,0.10526315789473685,0.12244897959183673,0.0,0.0,0.0,0.0,0.0,0.11072664359861592,0.06508839219236189,0.06049112414953233
support,57.0,53.0,45.0,42.0,62.0,62.0,73.0,65.0,64.0,55.0,0.11072664359861592,578.0,578.0
