,1,2,3,4,5,6,7,8,9,10,accuracy,macro avg,weighted avg
precision,0.11224489795918367,0.056338028169014086,0.0,0.0,0.0,0.0,0.0,0.0,0.0,0.0,0.0847750865051903,0.016858292612819775,0.016235077295209715
recall,0.5789473684210527,0.3018867924528302,0.0,0.0,0.0,0.0,0.0,0.0,0.0,0.0,0.0847750865051903,0.08808341608738827,0.0847750865051903
f1-score,0.18803418803418803,0.09495548961424333,0.0,0.0,0.0,0.0,0.0,0.0,0.0,0.0,0.0847750865051903,0.028298967764843135,0.0272501551340893
support,57.0,53.0,45.0,42.0,62.0,62.0,73.0,65.0,64.0,55.0,0.0847750865051903,578.0,578.0
