,1,2,3,4,5,6,7,8,9,10,accuracy,macro avg,weighted avg
precision,0.08955223880597014,0.10119047619047619,0.045454545454545456,0.1348314606741573,0.3333333333333333,0.0,0.0,0.0,0.0,0.0,0.09926470588235294,0.07043620544584825,0.0774759660316797
recall,0.2222222222222222,0.3269230769230769,0.08955223880597014,0.2553191489361702,0.10294117647058823,0.0,0.0,0.0,0.0,0.0,0.09926470588235294,0.09969578633580277,0.09926470588235294
f1-score,0.1276595744680851,0.15454545454545454,0.06030150753768844,0.17647058823529413,0.15730337078651682,0.0,0.0,0.0,0.0,0.0,0.09926470588235294,0.06762804955730391,0.06978111860883698
support,54.0,52.0,67.0,47.0,68.0,10.0,46.0,68.0,82.0,50.0,0.09926470588235294,544.0,544.0
