,1,2,3,4,5,6,7,8,9,10,accuracy,macro avg,weighted avg
precision,0.09090909090909091,0.22807017543859648,0.09411764705882353,0.19148936170212766,0.09836065573770492,0.0,0.0,0.0,0.0,0.0,0.11790393013100436,0.07029469308463435,0.07714154454872439
recall,0.3125,0.15476190476190477,0.32432432432432434,0.24324324324324326,0.08571428571428572,0.0,0.0,0.0,0.0,0.0,0.11790393013100436,0.11205437580437579,0.11790393013100436
f1-score,0.14084507042253522,0.18439716312056736,0.1458966565349544,0.21428571428571427,0.0916030534351145,0.0,0.0,0.0,0.0,0.0,0.11790393013100436,0.07770276577988858,0.08379789722031646
support,64.0,84.0,74.0,74.0,70.0,77.0,73.0,68.0,61.0,42.0,0.11790393013100436,687.0,687.0
