,1,2,3,4,5,6,7,8,9,10,accuracy,macro avg,weighted avg
precision,0.10043668122270742,0.13100436681222707,0.0,0.0,0.0,0.0,0.0,0.0,0.0,0.0,0.11062590975254731,0.023144104803493448,0.025374547904629327
recall,0.71875,0.35714285714285715,0.0,0.0,0.0,0.0,0.0,0.0,0.0,0.0,0.11062590975254731,0.10758928571428572,0.11062590975254731
f1-score,0.17624521072796934,0.19169329073482427,0.0,0.0,0.0,0.0,0.0,0.0,0.0,0.0,0.11062590975254731,0.03679385014627936,0.03985724877484029
support,64.0,84.0,74.0,74.0,70.0,77.0,73.0,68.0,61.0,42.0,0.11062590975254731,687.0,687.0
