,1,2,3,4,5,6,7,8,9,10,accuracy,macro avg,weighted avg
precision,0.12903225806451613,0.12142857142857143,0.06896551724137931,0.07857142857142857,0.15151515151515152,0.0,0.0,0.0,0.0,0.0,0.09515570934256055,0.05495129268210469,0.05119020876330998
recall,0.14035087719298245,0.32075471698113206,0.3111111111111111,0.2619047619047619,0.08064516129032258,0.0,0.0,0.0,0.0,0.0,0.09515570934256055,0.111476662848031,0.09515570934256055
f1-score,0.13445378151260504,0.1761658031088083,0.1129032258064516,0.12087912087912087,0.10526315789473684,0.0,0.0,0.0,0.0,0.0,0.09515570934256055,0.06496650892017228,0.058277745914658154
support,57.0,53.0,45.0,42.0,62.0,62.0,73.0,65.0,64.0,55.0,0.09515570934256055,578.0,578.0
