,1,2,3,4,5,6,7,8,9,10,accuracy,macro avg,weighted avg
precision,0.09375,0.20952380952380953,0.038461538461538464,0.02097902097902098,0.1,0.0,0.0,0.0,0.0,0.0,0.09688581314878893,0.0462714368964369,0.04370311421565747
recall,0.10526315789473684,0.41509433962264153,0.022222222222222223,0.07142857142857142,0.3870967741935484,0.0,0.0,0.0,0.0,0.0,0.09688581314878893,0.10011050653617204,0.09688581314878893
f1-score,0.09917355371900827,0.27848101265822783,0.028169014084507043,0.032432432432432434,0.15894039735099338,0.0,0.0,0.0,0.0,0.0,0.09688581314878893,0.0597196410245169,0.056914288347052096
support,57.0,53.0,45.0,42.0,62.0,62.0,73.0,65.0,64.0,55.0,0.09688581314878893,578.0,578.0
