,1,2,3,4,5,6,7,8,9,10,accuracy,macro avg,weighted avg
precision,0.10179640718562874,0.06190476190476191,0.0,0.0,0.0,0.0,0.0,0.0,0.0,0.0,0.08639705882352941,0.016370116909039063,0.01602215736594039
recall,0.6296296296296297,0.25,0.0,0.0,0.0,0.0,0.0,0.0,0.0,0.0,0.08639705882352941,0.08796296296296297,0.08639705882352941
f1-score,0.17525773195876287,0.09923664122137404,0.0,0.0,0.0,0.0,0.0,0.0,0.0,0.0,0.08639705882352941,0.027449437318013692,0.026882762627361483
support,54.0,52.0,67.0,47.0,68.0,10.0,46.0,68.0,82.0,50.0,0.08639705882352941,544.0,544.0
