,1,2,3,4,5,6,7,8,9,10,accuracy,macro avg,weighted avg
precision,0.07142857142857142,0.05555555555555555,0.14102564102564102,0.015384615384615385,0.03125,0.0,0.0,0.0,0.0,0.0,0.06066176470588235,0.031464438339438336,0.03500519598865187
recall,0.24074074074074073,0.09615384615384616,0.16417910447761194,0.0425531914893617,0.029411764705882353,0.0,0.0,0.0,0.0,0.0,0.06066176470588235,0.057303864756744295,0.06066176470588235
f1-score,0.11016949152542373,0.0704225352112676,0.1517241379310345,0.02259887005649718,0.030303030303030304,0.0,0.0,0.0,0.0,0.0,0.06066176470588235,0.03852180650272533,0.042094475308822675
support,54.0,52.0,67.0,47.0,68.0,10.0,46.0,68.0,82.0,50.0,0.06066176470588235,544.0,544.0
