,1,2,3,4,5,6,7,8,9,10,accuracy,macro avg,weighted avg
precision,0.1069182389937107,0.07964601769911504,0.0,0.0,0.0,0.0,0.0,0.0,0.0,0.0,0.09558823529411764,0.01865642566928257,0.01822642982723228
recall,0.6296296296296297,0.34615384615384615,0.0,0.0,0.0,0.0,0.0,0.0,0.0,0.0,0.09558823529411764,0.09757834757834757,0.09558823529411764
f1-score,0.1827956989247312,0.12949640287769784,0.0,0.0,0.0,0.0,0.0,0.0,0.0,0.0,0.09558823529411764,0.031229210180242904,0.030523493918337818
support,54.0,52.0,67.0,47.0,68.0,10.0,46.0,68.0,82.0,50.0,0.09558823529411764,544.0,544.0
