,1,2,3,4,5,6,7,8,9,10,accuracy,macro avg,weighted avg
precision,0.06666666666666667,0.12269938650306748,0.1092436974789916,0.20270270270270271,0.08163265306122448,0.0,0.0,0.0,0.0,0.0,0.10625909752547306,0.058294510641265285,0.0631320734507357
recall,0.140625,0.23809523809523808,0.17567567567567569,0.20270270270270271,0.22857142857142856,0.0,0.0,0.0,0.0,0.0,0.10625909752547306,0.0985670045045045,0.10625909752547306
f1-score,0.09045226130653267,0.16194331983805668,0.13471502590673573,0.20270270270270271,0.12030075187969923,0.0,0.0,0.0,0.0,0.0,0.10625909752547306,0.0710114061633727,0.0768299099544283
support,64.0,84.0,74.0,74.0,70.0,77.0,73.0,68.0,61.0,42.0,0.10625909752547306,687.0,687.0
