,1,2,3,4,5,6,7,8,9,10,accuracy,macro avg,weighted avg
precision,0.1076923076923077,0.2,0.10344827586206896,0.017964071856287425,0.0440251572327044,0.0,0.0,0.0,0.0,0.0,0.07958477508650519,0.04731298126433685,0.04304097702187956
recall,0.12280701754385964,0.37735849056603776,0.2,0.07142857142857142,0.11290322580645161,0.0,0.0,0.0,0.0,0.0,0.07958477508650519,0.08844973053449205,0.07958477508650519
f1-score,0.11475409836065573,0.26143790849673204,0.13636363636363635,0.028708133971291863,0.06334841628959274,0.0,0.0,0.0,0.0,0.0,0.07958477508650519,0.06046121934819086,0.054787023927330133
support,57.0,53.0,45.0,42.0,62.0,62.0,73.0,65.0,64.0,55.0,0.07958477508650519,578.0,578.0
