,1,2,3,4,5,6,7,8,9,10,accuracy,macro avg,weighted avg
precision,0.10227272727272728,0.22580645161290322,0.175,0.012987012987012988,0.07766990291262135,0.0,0.0,0.0,0.0,0.0,0.0900735294117647,0.059373609478526476,0.06412059883280534
recall,0.3333333333333333,0.1346153846153846,0.208955223880597,0.0425531914893617,0.11764705882352941,0.0,0.0,0.0,0.0,0.0,0.0900735294117647,0.08371041921422061,0.0900735294117647
f1-score,0.15652173913043477,0.1686746987951807,0.19047619047619047,0.01990049751243781,0.09356725146198829,0.0,0.0,0.0,0.0,0.0,0.0900735294117647,0.0629140377376232,0.06853503583602466
support,54.0,52.0,67.0,47.0,68.0,10.0,46.0,68.0,82.0,50.0,0.0900735294117647,544.0,544.0
