,1,2,3,4,5,6,7,8,9,10,accuracy,macro avg,weighted avg
precision,0.11176470588235295,0.15254237288135594,0.14492753623188406,0.006289308176100629,0.09195402298850575,0.0,0.0,0.0,0.0,0.0,0.08639705882352941,0.050747794616019935,0.055562708607553156
recall,0.35185185185185186,0.17307692307692307,0.14925373134328357,0.02127659574468085,0.11764705882352941,0.0,0.0,0.0,0.0,0.0,0.08639705882352941,0.08131061608402688,0.08639705882352941
f1-score,0.16964285714285715,0.16216216216216217,0.14705882352941177,0.009708737864077669,0.1032258064516129,0.0,0.0,0.0,0.0,0.0,0.08639705882352941,0.059179838715012166,0.06419439965613721
support,54.0,52.0,67.0,47.0,68.0,10.0,46.0,68.0,82.0,50.0,0.08639705882352941,544.0,544.0
