,1,2,3,4,5,6,7,8,9,10,accuracy,macro avg,weighted avg
precision,0.10828025477707007,0.09848484848484848,0.0,0.0,0.0,0.0,0.0,0.0,0.0,0.0,0.10380622837370242,0.020676510326191853,0.019708774207595092
recall,0.5964912280701754,0.49056603773584906,0.0,0.0,0.0,0.0,0.0,0.0,0.0,0.0,0.10380622837370242,0.10870572658060244,0.10380622837370242
f1-score,0.18328840970350405,0.16403785488958988,0.0,0.0,0.0,0.0,0.0,0.0,0.0,0.0,0.10380622837370242,0.03473262645930939,0.033116687996968854
support,57.0,53.0,45.0,42.0,62.0,62.0,73.0,65.0,64.0,55.0,0.10380622837370242,578.0,578.0
