,1,2,3,4,5,6,7,8,9,10,accuracy,macro avg,weighted avg
precision,0.059602649006622516,0.10215053763440861,0.09868421052631579,0.19444444444444445,0.09523809523809523,0.0,0.0,0.0,0.0,0.0,0.10043668122270742,0.05501199368498866,0.05932081780526505
recall,0.140625,0.2261904761904762,0.20270270270270271,0.1891891891891892,0.17142857142857143,0.0,0.0,0.0,0.0,0.0,0.10043668122270742,0.09301359395109395,0.10043668122270742
f1-score,0.08372093023255814,0.14074074074074075,0.1327433628318584,0.1917808219178082,0.12244897959183672,0.0,0.0,0.0,0.0,0.0,0.10043668122270742,0.06714348353148022,0.07244043668123702
support,64.0,84.0,74.0,74.0,70.0,77.0,73.0,68.0,61.0,42.0,0.10043668122270742,687.0,687.0
