,1,2,3,4,5,6,7,8,9,10,accuracy,macro avg,weighted avg
precision,0.09243697478991597,0.0947867298578199,0.0,0.0,0.0,0.0,0.0,0.0,0.0,0.0,0.09315866084425037,0.018722370464773586,0.020200948609332595
recall,0.6875,0.23809523809523808,0.0,0.0,0.0,0.0,0.0,0.0,0.0,0.0,0.09315866084425037,0.09255952380952381,0.09315866084425037
f1-score,0.16296296296296295,0.13559322033898305,0.0,0.0,0.0,0.0,0.0,0.0,0.0,0.0,0.09315866084425037,0.0298556183301946,0.031760495106410776
support,64.0,84.0,74.0,74.0,70.0,77.0,73.0,68.0,61.0,42.0,0.09315866084425037,687.0,687.0
