,1,2,3,4,5,6,7,8,9,10,accuracy,macro avg,weighted avg
precision,0.08487084870848709,0.14184397163120568,0.1038961038961039,0.2033898305084746,0.14516129032258066,0.0,0.0,0.0,0.0,0.0,0.11644832605531295,0.0679162045066852,0.07313985065921967
recall,0.359375,0.23809523809523808,0.21621621621621623,0.16216216216216217,0.12857142857142856,0.0,0.0,0.0,0.0,0.0,0.11644832605531295,0.11044200450450452,0.11644832605531295
f1-score,0.1373134328358209,0.17777777777777778,0.14035087719298245,0.18045112781954886,0.13636363636363638,0.0,0.0,0.0,0.0,0.0,0.11644832605531295,0.07722568519897663,0.08297845116624125
support,64.0,84.0,74.0,74.0,70.0,77.0,73.0,68.0,61.0,42.0,0.11644832605531295,687.0,687.0
