,1,2,3,4,5,6,7,8,9,10,accuracy,macro avg,weighted avg
precision,0.1059322033898305,0.07792207792207792,0.0,0.0,0.0,0.0,0.0,0.0,0.0,0.0,0.0900735294117647,0.01838542813119084,0.01796376293198327
recall,0.46296296296296297,0.46153846153846156,0.0,0.0,0.0,0.0,0.0,0.0,0.0,0.0,0.0900735294117647,0.09245014245014245,0.0900735294117647
f1-score,0.17241379310344826,0.13333333333333333,0.0,0.0,0.0,0.0,0.0,0.0,0.0,0.0,0.0900735294117647,0.03057471264367816,0.02985970250169033
support,54.0,52.0,67.0,47.0,68.0,10.0,46.0,68.0,82.0,50.0,0.0900735294117647,544.0,544.0
