,1,2,3,4,5,6,7,8,9,10,accuracy,macro avg,weighted avg
precision,0.09004739336492891,0.1018867924528302,0.0,0.0,0.0,0.0,0.0,0.0,0.0,0.0,0.09461426491994178,0.019193418581775912,0.02084646832808324
recall,0.59375,0.32142857142857145,0.0,0.0,0.0,0.0,0.0,0.0,0.0,0.0,0.09461426491994178,0.09151785714285714,0.09461426491994178
f1-score,0.15637860082304525,0.15472779369627507,0.0,0.0,0.0,0.0,0.0,0.0,0.0,0.0,0.09461426491994178,0.031110639451932032,0.03348670323604367
support,64.0,84.0,74.0,74.0,70.0,77.0,73.0,68.0,61.0,42.0,0.09461426491994178,687.0,687.0
