,1,2,3,4,5,6,7,8,9,10,accuracy,macro avg,weighted avg
precision,0.08026030368763558,0.0752212389380531,0.0,0.0,0.0,0.0,0.0,0.0,0.0,0.0,0.07860262008733625,0.01554815426256887,0.01667429913654314
recall,0.578125,0.20238095238095238,0.0,0.0,0.0,0.0,0.0,0.0,0.0,0.0,0.07860262008733625,0.07805059523809524,0.07860262008733625
f1-score,0.14095238095238094,0.10967741935483871,0.0,0.0,0.0,0.0,0.0,0.0,0.0,0.0,0.07860262008733625,0.025062980030721965,0.026541274536766857
support,64.0,84.0,74.0,74.0,70.0,77.0,73.0,68.0,61.0,42.0,0.07860262008733625,687.0,687.0
