,1,2,3,4,5,6,7,8,9,10,accuracy,macro avg,weighted avg
precision,0.1091314031180401,0.09663865546218488,0.0,0.0,0.0,0.0,0.0,0.0,0.0,0.0,0.10480349344978165,0.020577005858022496,0.021982615514378596
recall,0.765625,0.27380952380952384,0.0,0.0,0.0,0.0,0.0,0.0,0.0,0.0,0.10480349344978165,0.10394345238095237,0.10480349344978165
f1-score,0.19103313840155944,0.14285714285714288,0.0,0.0,0.0,0.0,0.0,0.0,0.0,0.0,0.10480349344978165,0.03338902812587023,0.03526364025866056
support,64.0,84.0,74.0,74.0,70.0,77.0,73.0,68.0,61.0,42.0,0.10480349344978165,687.0,687.0
