,1,2,3,4,5,6,7,8,9,10,accuracy,macro avg,weighted avg
precision,0.09170305676855896,0.09523809523809523,0.0,0.0,0.0,0.0,0.0,0.0,0.0,0.0,0.09375,0.01869411520066542,0.01820651841522635
recall,0.3888888888888889,0.5769230769230769,0.0,0.0,0.0,0.0,0.0,0.0,0.0,0.0,0.09375,0.09658119658119657,0.09375
f1-score,0.1484098939929329,0.16348773841961853,0.0,0.0,0.0,0.0,0.0,0.0,0.0,0.0,0.09375,0.031189763241255143,0.03035936888499732
support,54.0,52.0,67.0,47.0,68.0,10.0,46.0,68.0,82.0,50.0,0.09375,544.0,544.0
