,1,2,3,4,5,6,7,8,9,10,accuracy,macro avg,weighted avg
precision,0.11949685534591195,0.13513513513513514,0.1956521739130435,0.07142857142857142,0.2537313432835821,0.0,0.17307692307692307,0.32967032967032966,0.23809523809523808,0.19230769230769232,0.18382352941176472,0.17085942622564274,0.1961723200121721
recall,0.35185185185185186,0.09615384615384616,0.13432835820895522,0.02127659574468085,0.25,0.0,0.1956521739130435,0.4411764705882353,0.06097560975609756,0.1,0.18382352941176472,0.16514149062167105,0.18382352941176472
f1-score,0.17840375586854462,0.11235955056179776,0.1592920353982301,0.032786885245901634,0.2518518518518518,0.0,0.18367346938775508,0.3773584905660377,0.0970873786407767,0.13157894736842105,0.18382352941176472,0.15243923648893162,0.171811479260242
support,54.0,52.0,67.0,47.0,68.0,10.0,46.0,68.0,82.0,50.0,0.18382352941176472,544.0,544.0
