,1,2,3,4,5,6,7,8,9,10,accuracy,macro avg,weighted avg
precision,0.10625,0.1008174386920981,0.0,0.0,0.0,0.0,0.0,0.0,0.0,0.0,0.10334788937409024,0.020706743869209808,0.022225130786224512
recall,0.53125,0.44047619047619047,0.0,0.0,0.0,0.0,0.0,0.0,0.0,0.0,0.10334788937409024,0.09717261904761905,0.10334788937409024
f1-score,0.17708333333333334,0.16407982261640797,0.0,0.0,0.0,0.0,0.0,0.0,0.0,0.0,0.10334788937409024,0.034116315594974134,0.036559007908459396
support,64.0,84.0,74.0,74.0,70.0,77.0,73.0,68.0,61.0,42.0,0.10334788937409024,687.0,687.0
