,1,2,3,4,5,6,7,8,9,10,accuracy,macro avg,weighted avg
precision,0.09969788519637462,0.06572769953051644,0.0,0.0,0.0,0.0,0.0,0.0,0.0,0.0,0.08639705882352941,0.016542558472689105,0.01617927605917479
recall,0.6111111111111112,0.2692307692307692,0.0,0.0,0.0,0.0,0.0,0.0,0.0,0.0,0.08639705882352941,0.08803418803418803,0.08639705882352941
f1-score,0.17142857142857143,0.10566037735849057,0.0,0.0,0.0,0.0,0.0,0.0,0.0,0.0,0.08639705882352941,0.027708894878706203,0.027116695734897736
support,54.0,52.0,67.0,47.0,68.0,10.0,46.0,68.0,82.0,50.0,0.08639705882352941,544.0,544.0
