,1,2,3,4,5,6,7,8,9,10,accuracy,macro avg,weighted avg
precision,0.09836065573770492,0.07692307692307693,0.1095890410958904,0.13043478260869565,0.3484848484848485,0.23076923076923078,0.22950819672131148,0.3055555555555556,0.13953488372093023,0.30612244897959184,0.1972318339100346,0.19752827205968365,0.20482556714600245
recall,0.10526315789473684,0.03773584905660377,0.17777777777777778,0.14285714285714285,0.3709677419354839,0.04838709677419355,0.3835616438356164,0.16923076923076924,0.1875,0.2727272727272727,0.1972318339100346,0.18960084520895973,0.1972318339100346
f1-score,0.10169491525423728,0.05063291139240506,0.13559322033898302,0.13636363636363635,0.359375,0.07999999999999999,0.28717948717948716,0.21782178217821782,0.15999999999999998,0.28846153846153844,0.1972318339100346,0.1817122491168505,0.18819770784928597
support,57.0,53.0,45.0,42.0,62.0,62.0,73.0,65.0,64.0,55.0,0.1972318339100346,578.0,578.0
