,1,2,3,4,5,6,7,8,9,10,accuracy,macro avg,weighted avg
precision,0.15196078431372548,0.08823529411764706,0.0,0.0,0.0,0.0,0.0,0.0,0.0,0.0,0.11072664359861592,0.024019607843137253,0.02307653165072257
recall,0.543859649122807,0.6226415094339622,0.0,0.0,0.0,0.0,0.0,0.0,0.0,0.0,0.11072664359861592,0.11665011585567693,0.11072664359861592
f1-score,0.23754789272030646,0.15456674473067916,0.0,0.0,0.0,0.0,0.0,0.0,0.0,0.0,0.11072664359861592,0.03921146374509856,0.037599078470213605
support,57.0,53.0,45.0,42.0,62.0,62.0,73.0,65.0,64.0,55.0,0.11072664359861592,578.0,578.0
