,1,2,3,4,5,6,7,8,9,10,accuracy,macro avg,weighted avg
precision,0.112565445026178,0.10163934426229508,0.0,0.0,0.0,0.0,0.0,0.0,0.0,0.0,0.10771470160116449,0.021420478928847308,0.022913964191714962
recall,0.671875,0.36904761904761907,0.0,0.0,0.0,0.0,0.0,0.0,0.0,0.0,0.10771470160116449,0.10409226190476191,0.10771470160116449
f1-score,0.1928251121076233,0.15938303341902313,0.0,0.0,0.0,0.0,0.0,0.0,0.0,0.0,0.10771470160116449,0.03522081455266464,0.03745121103651504
support,64.0,84.0,74.0,74.0,70.0,77.0,73.0,68.0,61.0,42.0,0.10771470160116449,687.0,687.0
