,1,2,3,4,5,6,7,8,9,10,accuracy,macro avg,weighted avg
precision,0.05,0.0,0.10625,0.14545454545454545,0.1111111111111111,0.07407407407407407,0.07407407407407407,0.1,0.14207650273224043,0.1016949152542373,0.11062590975254731,0.09047352227002822,0.08799545612790376
recall,0.03125,0.0,0.22972972972972974,0.10810810810810811,0.14285714285714285,0.025974025974025976,0.0547945205479452,0.014705882352941176,0.4262295081967213,0.14285714285714285,0.11062590975254731,0.11765060606237572,0.11062590975254731
f1-score,0.038461538461538464,0.0,0.1452991452991453,0.12403100775193798,0.125,0.038461538461538464,0.06299212598425197,0.02564102564102564,0.21311475409836064,0.11881188118811882,0.11062590975254731,0.08918130168859173,0.08505912983871645
support,64.0,84.0,74.0,74.0,70.0,77.0,73.0,68.0,61.0,42.0,0.11062590975254731,687.0,687.0
