,1,2,3,4,5,6,7,8,9,10,accuracy,macro avg,weighted avg
precision,0.3333333333333333,0.23529411764705882,0.1111111111111111,0.11904761904761904,0.08163265306122448,0.11891891891891893,0.23333333333333334,0.05714285714285714,0.4,0.0,0.13494809688581316,0.1689813943595456,0.17344706703405197
recall,0.14035087719298245,0.1509433962264151,0.2222222222222222,0.35714285714285715,0.06451612903225806,0.3548387096774194,0.0958904109589041,0.03076923076923077,0.03125,0.0,0.13494809688581316,0.14479238332222893,0.13494809688581316
f1-score,0.19753086419753085,0.1839080459770115,0.14814814814814814,0.17857142857142858,0.07207207207207209,0.17813765182186236,0.13592233009708737,0.04,0.057971014492753624,0.0,0.13494809688581316,0.11922615553778945,0.1157760039251818
support,57.0,53.0,45.0,42.0,62.0,62.0,73.0,65.0,64.0,55.0,0.13494809688581316,578.0,578.0
