,1,2,3,4,5,6,7,8,9,10,accuracy,macro avg,weighted avg
precision,0.11369509043927649,0.08280254777070063,0.0,0.0,0.0,0.0,0.0,0.0,0.0,0.0,0.10477941176470588,0.01964976382099771,0.019200859131980448
recall,0.8148148148148148,0.25,0.0,0.0,0.0,0.0,0.0,0.0,0.0,0.0,0.10477941176470588,0.10648148148148148,0.10477941176470588
f1-score,0.19954648526077098,0.12440191387559808,0.0,0.0,0.0,0.0,0.0,0.0,0.0,0.0,0.10477941176470588,0.03239483991363691,0.03169928258384694
support,54.0,52.0,67.0,47.0,68.0,10.0,46.0,68.0,82.0,50.0,0.10477941176470588,544.0,544.0
