,1,2,3,4,5,6,7,8,9,10,accuracy,macro avg,weighted avg
precision,0.0,0.0,0.0,0.16666666666666666,0.0,0.0,0.1,0.2222222222222222,0.0,0.25,0.10204081632653061,0.07388888888888888,0.0753968253968254
recall,0.0,0.0,0.0,0.2,0.0,0.0,0.2,0.4,0.0,0.2,0.10204081632653061,0.1,0.10204081632653061
f1-score,0.0,0.0,0.0,0.1818181818181818,0.0,0.0,0.13333333333333333,0.2857142857142857,0.0,0.22222222222222224,0.10204081632653061,0.0823088023088023,0.08398857378449216
support,5.0,5.0,5.0,5.0,5.0,4.0,5.0,5.0,5.0,5.0,0.10204081632653061,49.0,49.0
