,1,2,3,4,5,6,7,8,9,10,accuracy,macro avg,weighted avg
precision,0.0,0.0,0.0,0.16666666666666666,0.16666666666666666,0.0,0.05555555555555555,0.0,0.0,0.0,0.061224489795918366,0.03888888888888888,0.03968253968253968
recall,0.0,0.0,0.0,0.2,0.2,0.0,0.2,0.0,0.0,0.0,0.061224489795918366,0.06000000000000001,0.061224489795918366
f1-score,0.0,0.0,0.0,0.1818181818181818,0.1818181818181818,0.0,0.08695652173913045,0.0,0.0,0.0,0.061224489795918366,0.045059288537549404,0.04597886585464224
support,5.0,5.0,5.0,5.0,5.0,4.0,5.0,5.0,5.0,5.0,0.061224489795918366,49.0,49.0
