,1,2,3,4,5,6,7,8,9,10,accuracy,macro avg,weighted avg
precision,0.0,0.14285714285714285,0.1,0.0,0.0,0.0,0.0,0.0,0.3333333333333333,0.23529411764705882,0.14,0.08114845938375351,0.0811484593837535
recall,0.0,0.2,0.2,0.0,0.0,0.0,0.0,0.0,0.2,0.8,0.14,0.14,0.14
f1-score,0.0,0.16666666666666666,0.13333333333333333,0.0,0.0,0.0,0.0,0.0,0.25,0.3636363636363636,0.14,0.09136363636363636,0.09136363636363637
support,5.0,5.0,5.0,5.0,5.0,5.0,5.0,5.0,5.0,5.0,0.14,50.0,50.0
