,1,2,3,4,5,6,7,8,9,10,accuracy,macro avg,weighted avg
precision,0.038461538461538464,0.0,0.0,0.0,0.1,0.16666666666666666,0.0,0.0,0.0,0.0,0.06,0.030512820512820515,0.03051282051282051
recall,0.2,0.0,0.0,0.0,0.2,0.2,0.0,0.0,0.0,0.0,0.06,0.06000000000000001,0.06
f1-score,0.06451612903225806,0.0,0.0,0.0,0.13333333333333333,0.1818181818181818,0.0,0.0,0.0,0.0,0.06,0.03796676441837732,0.03796676441837732
support,5.0,5.0,5.0,5.0,5.0,5.0,5.0,5.0,5.0,5.0,0.06,50.0,50.0
