,1,2,3,4,5,6,7,8,9,10,accuracy,macro avg,weighted avg
precision,0.16666666666666666,0.0,0.08333333333333333,0.25,0.23076923076923078,0.0,0.0,0.0,0.3333333333333333,0.5,0.1568627450980392,0.1564102564102564,0.1533433886375063
recall,0.2,0.0,0.2,0.2,0.6,0.0,0.0,0.0,0.2,0.2,0.1568627450980392,0.16,0.1568627450980392
f1-score,0.1818181818181818,0.0,0.11764705882352941,0.22222222222222224,0.33333333333333337,0.0,0.0,0.0,0.25,0.28571428571428575,0.1568627450980392,0.13907350819115527,0.13634657665799535
support,5.0,5.0,5.0,5.0,5.0,6.0,5.0,5.0,5.0,5.0,0.1568627450980392,51.0,51.0
