,1,2,3,4,5,6,7,8,9,10,accuracy,macro avg,weighted avg
precision,0.2,0.16666666666666666,0.3333333333333333,0.0,0.0,0.0,0.25,0.5,0.0,0.2,0.14285714285714285,0.16499999999999998,0.1683673469387755
recall,0.2,0.2,0.4,0.0,0.0,0.0,0.2,0.2,0.0,0.2,0.14285714285714285,0.14,0.14285714285714285
f1-score,0.20000000000000004,0.1818181818181818,0.3636363636363636,0.0,0.0,0.0,0.22222222222222224,0.28571428571428575,0.0,0.20000000000000004,0.14285714285714285,0.14533910533910535,0.14830520952969933
support,5.0,5.0,5.0,5.0,5.0,4.0,5.0,5.0,5.0,5.0,0.14285714285714285,49.0,49.0
