,1,2,3,4,5,6,7,8,9,10,accuracy,macro avg,weighted avg
precision,0.0,0.125,0.0,0.2,0.1,0.0,0.0,0.0,0.0,0.0,0.0784313725490196,0.0425,0.041666666666666664
recall,0.0,0.2,0.0,0.4,0.2,0.0,0.0,0.0,0.0,0.0,0.0784313725490196,0.08,0.0784313725490196
f1-score,0.0,0.15384615384615385,0.0,0.26666666666666666,0.13333333333333333,0.0,0.0,0.0,0.0,0.0,0.0784313725490196,0.055384615384615386,0.05429864253393665
support,5.0,5.0,5.0,5.0,5.0,6.0,5.0,5.0,5.0,5.0,0.0784313725490196,51.0,51.0
