,1,2,3,4,5,6,7,8,9,10,accuracy,macro avg,weighted avg
precision,0.0,0.3333333333333333,0.0,0.0,0.0,0.0,0.0,0.0,0.043478260869565216,0.2222222222222222,0.0784313725490196,0.05990338164251208,0.05872880553187459
recall,0.0,0.2,0.0,0.0,0.0,0.0,0.0,0.0,0.2,0.4,0.0784313725490196,0.08,0.0784313725490196
f1-score,0.0,0.25,0.0,0.0,0.0,0.0,0.0,0.0,0.07142857142857142,0.2857142857142857,0.0784313725490196,0.06071428571428571,0.05952380952380952
support,5.0,5.0,5.0,5.0,5.0,6.0,5.0,5.0,5.0,5.0,0.0784313725490196,51.0,51.0
