,1,2,3,4,5,6,7,8,9,10,accuracy,macro avg,weighted avg
precision,0.0,0.0,0.0,0.0,0.0,0.0,0.3333333333333333,0.0,0.09523809523809523,0.0,0.06,0.04285714285714286,0.04285714285714286
recall,0.0,0.0,0.0,0.0,0.0,0.0,0.2,0.0,0.4,0.0,0.06,0.06000000000000001,0.06
f1-score,0.0,0.0,0.0,0.0,0.0,0.0,0.25,0.0,0.15384615384615385,0.0,0.06,0.04038461538461539,0.04038461538461538
support,5.0,5.0,5.0,5.0,5.0,5.0,5.0,5.0,5.0,5.0,0.06,50.0,50.0
