,1,2,3,4,5,6,7,8,9,10,accuracy,macro avg,weighted avg
precision,0.3333333333333333,0.0,0.16666666666666666,0.0,0.1111111111111111,0.5,0.2857142857142857,0.125,0.0,0.0,0.16,0.15218253968253967,0.1521825396825397
recall,0.2,0.0,0.2,0.0,0.2,0.2,0.4,0.4,0.0,0.0,0.16,0.16,0.16
f1-score,0.25,0.0,0.1818181818181818,0.0,0.14285714285714285,0.28571428571428575,0.3333333333333333,0.19047619047619047,0.0,0.0,0.16,0.13841991341991342,0.13841991341991342
support,5.0,5.0,5.0,5.0,5.0,5.0,5.0,5.0,5.0,5.0,0.16,50.0,50.0
