,1,2,3,4,5,6,7,8,9,10,accuracy,macro avg,weighted avg
precision,0.2,0.06666666666666667,0.16666666666666666,0.5,0.0,0.0,0.0,0.0,0.0,0.0,0.08,0.09333333333333334,0.09333333333333332
recall,0.2,0.2,0.2,0.2,0.0,0.0,0.0,0.0,0.0,0.0,0.08,0.08,0.08
f1-score,0.20000000000000004,0.1,0.1818181818181818,0.28571428571428575,0.0,0.0,0.0,0.0,0.0,0.0,0.08,0.07675324675324677,0.07675324675324675
support,5.0,5.0,5.0,5.0,5.0,5.0,5.0,5.0,5.0,5.0,0.08,50.0,50.0
