,1,2,3,4,5,6,7,8,9,10,accuracy,macro avg,weighted avg
precision,0.2,0.0,0.0,0.5,0.0,0.0,0.0,0.3333333333333333,0.0,0.14285714285714285,0.12244897959183673,0.1176190476190476,0.12001943634596694
recall,0.4,0.0,0.0,0.2,0.0,0.0,0.0,0.4,0.0,0.2,0.12244897959183673,0.12,0.12244897959183673
f1-score,0.26666666666666666,0.0,0.0,0.28571428571428575,0.0,0.0,0.0,0.3636363636363636,0.0,0.16666666666666666,0.12244897959183673,0.10826839826839826,0.1104779574167329
support,5.0,5.0,5.0,5.0,5.0,4.0,5.0,5.0,5.0,5.0,0.12244897959183673,49.0,49.0
