,1,2,3,4,5,6,7,8,9,10,accuracy,macro avg,weighted avg
precision,0.08333333333333333,0.0,0.0,0.13636363636363635,0.0,0.0,0.5,0.0,0.0,0.0,0.10204081632653061,0.07196969696969698,0.07343846629560916
recall,0.2,0.0,0.0,0.6,0.0,0.0,0.2,0.0,0.0,0.0,0.10204081632653061,0.1,0.10204081632653061
f1-score,0.11764705882352941,0.0,0.0,0.22222222222222218,0.0,0.0,0.28571428571428575,0.0,0.0,0.0,0.10204081632653061,0.06255835667600373,0.06383505783265687
support,5.0,5.0,5.0,5.0,5.0,4.0,5.0,5.0,5.0,5.0,0.10204081632653061,49.0,49.0
