,1,2,3,4,5,6,7,8,9,10,accuracy,macro avg,weighted avg
precision,0.0,0.05263157894736842,0.0,0.0,0.0,0.0,0.0,0.125,0.5,0.0,0.058823529411764705,0.06776315789473683,0.0664344685242518
recall,0.0,0.2,0.0,0.0,0.0,0.0,0.0,0.2,0.2,0.0,0.058823529411764705,0.06000000000000001,0.058823529411764705
f1-score,0.0,0.08333333333333333,0.0,0.0,0.0,0.0,0.0,0.15384615384615385,0.28571428571428575,0.0,0.058823529411764705,0.05228937728937729,0.05126409538174245
support,5.0,5.0,5.0,5.0,5.0,6.0,5.0,5.0,5.0,5.0,0.058823529411764705,51.0,51.0
