,1,2,3,4,5,6,7,8,9,10,accuracy,macro avg,weighted avg
precision,0.0,0.0,0.0,0.14285714285714285,0.0,0.0,0.0,1.0,0.2,0.0,0.058823529411764705,0.13428571428571429,0.13165266106442577
recall,0.0,0.0,0.0,0.2,0.0,0.0,0.0,0.2,0.2,0.0,0.058823529411764705,0.06000000000000001,0.058823529411764705
f1-score,0.0,0.0,0.0,0.16666666666666666,0.0,0.0,0.0,0.33333333333333337,0.20000000000000004,0.0,0.058823529411764705,0.07,0.06862745098039216
support,5.0,5.0,5.0,5.0,5.0,6.0,5.0,5.0,5.0,5.0,0.058823529411764705,51.0,51.0
