,1,2,3,4,5,6,7,8,9,10,accuracy,macro avg,weighted avg
precision,1.0,0.2,0.0,0.25,0.0,0.0,0.0,0.09090909090909091,0.0,0.1875,0.14285714285714285,0.17284090909090907,0.1763682745825603
recall,0.2,0.2,0.0,0.2,0.0,0.0,0.0,0.2,0.0,0.6,0.14285714285714285,0.13999999999999999,0.14285714285714285
f1-score,0.33333333333333337,0.20000000000000004,0.0,0.22222222222222224,0.0,0.0,0.0,0.12500000000000003,0.0,0.2857142857142857,0.14285714285714285,0.11662698412698413,0.11900712666018791
support,5.0,5.0,5.0,5.0,5.0,4.0,5.0,5.0,5.0,5.0,0.14285714285714285,49.0,49.0
