,1,2,3,4,5,6,7,8,9,10,accuracy,macro avg,weighted avg
precision,0.09859154929577464,0.14814814814814814,0.1276595744680851,0.14285714285714285,0.15492957746478872,0.2413793103448276,0.1791044776119403,0.1188118811881188,0.05263157894736842,0.03636363636363636,0.10967741935483871,0.1300476876689831,0.1384781549681801
recall,0.06306306306306306,0.16326530612244897,0.08108108108108109,0.04054054054054054,0.15714285714285714,0.0673076923076923,0.1643835616438356,0.17647058823529413,0.08196721311475409,0.14285714285714285,0.10967741935483871,0.11380790461087098,0.10967741935483871
f1-score,0.0769230769230769,0.15533980582524273,0.09917355371900827,0.06315789473684211,0.15602836879432622,0.10526315789473682,0.17142857142857143,0.1420118343195266,0.0641025641025641,0.05797101449275361,0.10967741935483871,0.10913998422366489,0.1111739011595991
support,111.0,98.0,74.0,74.0,70.0,104.0,73.0,68.0,61.0,42.0,0.10967741935483871,775.0,775.0
