,1,2,3,4,5,6,7,8,9,10,accuracy,macro avg,weighted avg
precision,0.14285714285714285,0.08571428571428572,0.075,0.07692307692307693,0.047619047619047616,0.12857142857142856,0.06976744186046512,0.15384615384615385,0.10071942446043165,0.08888888888888889,0.10039630118890357,0.09699068907409213,0.09752959413896573
recall,0.10526315789473684,0.041666666666666664,0.07142857142857142,0.012048192771084338,0.03225806451612903,0.1125,0.1232876712328767,0.20689655172413793,0.1686746987951807,0.10526315789473684,0.10039630118890357,0.09792867329241205,0.10039630118890357
f1-score,0.12121212121212122,0.056074766355140186,0.07317073170731707,0.020833333333333336,0.03846153846153846,0.12,0.0891089108910891,0.17647058823529413,0.12612612612612611,0.09638554216867469,0.10039630118890357,0.09178436584906344,0.09307563929480253
support,57.0,72.0,84.0,83.0,62.0,80.0,73.0,87.0,83.0,76.0,0.10039630118890357,757.0,757.0
