,1,2,3,4,5,6,7,8,9,10,accuracy,macro avg,weighted avg
precision,0.11578947368421053,0.07608695652173914,0.075,0.08333333333333333,0.04411764705882353,0.06862745098039216,0.11764705882352941,0.12686567164179105,0.1875,0.14035087719298245,0.10698689956331878,0.10353184692368016,0.11059338971291081
recall,0.13580246913580246,0.07777777777777778,0.06818181818181818,0.10294117647058823,0.04411764705882353,0.09859154929577464,0.057692307692307696,0.1559633027522936,0.15126050420168066,0.13559322033898305,0.10698689956331878,0.10279217729058499,0.10698689956331878
f1-score,0.125,0.07692307692307693,0.07142857142857141,0.09210526315789472,0.04411764705882353,0.08092485549132948,0.07741935483870968,0.13991769547325106,0.16744186046511625,0.13793103448275862,0.10698689956331878,0.10132093593195317,0.10681954041215826
support,81.0,90.0,88.0,68.0,68.0,71.0,104.0,109.0,119.0,118.0,0.10698689956331878,916.0,916.0
