,1,2,3,4,5,6,7,8,9,10,accuracy,macro avg,weighted avg
precision,0.11627906976744186,0.12121212121212122,0.0975609756097561,0.10828025477707007,0.07894736842105263,0.2032520325203252,0.031746031746031744,0.057692307692307696,0.07936507936507936,0.06493506493506493,0.1032258064516129,0.09592703060462507,0.10386015826098886
recall,0.04504504504504504,0.08163265306122448,0.05405405405405406,0.22972972972972974,0.04285714285714286,0.2403846153846154,0.0273972602739726,0.08823529411764706,0.08196721311475409,0.11904761904761904,0.1032258064516129,0.10103506266858042,0.1032258064516129
f1-score,0.06493506493506493,0.0975609756097561,0.06956521739130435,0.1471861471861472,0.05555555555555556,0.22026431718061673,0.029411764705882353,0.06976744186046513,0.08064516129032258,0.08403361344537814,0.1032258064516129,0.09189252591604932,0.09670291373601207
support,111.0,98.0,74.0,74.0,70.0,104.0,73.0,68.0,61.0,42.0,0.1032258064516129,775.0,775.0
