,1,2,3,4,5,6,7,8,9,10,accuracy,macro avg,weighted avg
precision,0.2,0.23529411764705882,0.15294117647058825,0.16666666666666666,0.08823529411764706,0.04,0.11627906976744186,0.14583333333333334,0.06626506024096386,0.06306306306306306,0.11870967741935484,0.1274577781306763,0.1346350072165694
recall,0.06306306306306306,0.20408163265306123,0.17567567567567569,0.04054054054054054,0.08571428571428572,0.009615384615384616,0.136986301369863,0.20588235294117646,0.18032786885245902,0.16666666666666666,0.11870967741935484,0.1268553772092176,0.11870967741935484
f1-score,0.09589041095890412,0.21857923497267762,0.16352201257861637,0.06521739130434784,0.08695652173913045,0.01550387596899225,0.12578616352201258,0.17073170731707318,0.09691629955947136,0.0915032679738562,0.11870967741935484,0.1130606885895082,0.11256497253717683
support,111.0,98.0,74.0,74.0,70.0,104.0,73.0,68.0,61.0,42.0,0.11870967741935484,775.0,775.0
