,1,2,3,4,5,6,7,8,9,10,accuracy,macro avg,weighted avg
precision,0.06976744186046512,0.14634146341463414,0.12244897959183673,0.21875,0.17647058823529413,0.15476190476190477,0.14285714285714285,0.1456953642384106,0.11711711711711711,0.13402061855670103,0.14002642007926025,0.14282306206335063,0.14436958855680085
recall,0.05263157894736842,0.08333333333333333,0.07142857142857142,0.08433734939759036,0.14516129032258066,0.1625,0.1917808219178082,0.25287356321839083,0.1566265060240964,0.17105263157894737,0.14002642007926025,0.1371725646168687,0.14002642007926025
f1-score,0.06,0.10619469026548671,0.09022556390977443,0.12173913043478261,0.1592920353982301,0.15853658536585366,0.16374269005847952,0.18487394957983194,0.13402061855670103,0.15028901734104047,0.14002642007926025,0.13289142809101803,0.13459877485260405
support,57.0,72.0,84.0,83.0,62.0,80.0,73.0,87.0,83.0,76.0,0.14002642007926025,757.0,757.0
