,1,2,3,4,5,6,7,8,9,10,accuracy,macro avg,weighted avg
precision,0.12962962962962962,0.10465116279069768,0.14473684210526316,0.18421052631578946,0.05084745762711865,0.16666666666666666,0.017543859649122806,0.11956521739130435,0.10483870967741936,0.13953488372093023,0.12,0.1162224955573942,0.11812416311788787
recall,0.06306306306306306,0.09183673469387756,0.14864864864864866,0.1891891891891892,0.04285714285714286,0.17307692307692307,0.0136986301369863,0.16176470588235295,0.21311475409836064,0.14285714285714285,0.12,0.1240106934503687,0.12
f1-score,0.08484848484848485,0.09782608695652174,0.14666666666666667,0.18666666666666668,0.04651162790697675,0.16981132075471697,0.015384615384615385,0.1375,0.14054054054054055,0.1411764705882353,0.12,0.11669324803134247,0.11556575223138364
support,111.0,98.0,74.0,74.0,70.0,104.0,73.0,68.0,61.0,42.0,0.12,775.0,775.0
