,1,2,3,4,5,6,7,8,9,10,accuracy,macro avg,weighted avg
precision,0.09090909090909091,0.13924050632911392,0.13432835820895522,0.1780821917808219,0.12941176470588237,0.12264150943396226,0.10309278350515463,0.19491525423728814,0.08333333333333333,0.11904761904761904,0.13606340819022458,0.12950024114912217,0.131511327397837
recall,0.10526315789473684,0.1527777777777778,0.10714285714285714,0.1566265060240964,0.1774193548387097,0.1625,0.136986301369863,0.26436781609195403,0.024096385542168676,0.06578947368421052,0.13606340819022458,0.13529696303663744,0.13606340819022458
f1-score,0.0975609756097561,0.1456953642384106,0.11920529801324502,0.16666666666666666,0.14965986394557823,0.13978494623655913,0.11764705882352941,0.22439024390243903,0.037383177570093455,0.0847457627118644,0.13606340819022458,0.1282739357718142,0.12947555572386715
support,57.0,72.0,84.0,83.0,62.0,80.0,73.0,87.0,83.0,76.0,0.13606340819022458,757.0,757.0
