,1,2,3,4,5,6,7,8,9,10,accuracy,macro avg,weighted avg
precision,0.08092485549132948,0.09523809523809523,0.11764705882352941,0.07947019867549669,0.08,0.06756756756756757,0.16901408450704225,0.12244897959183673,0.08333333333333333,0.05555555555555555,0.09170305676855896,0.09511997287837863,0.0966344755855816
recall,0.1728395061728395,0.13333333333333333,0.09090909090909091,0.17647058823529413,0.11764705882352941,0.14084507042253522,0.11538461538461539,0.05504587155963303,0.008403361344537815,0.00847457627118644,0.09170305676855896,0.10193530724565951,0.09170305676855896
f1-score,0.11023622047244094,0.1111111111111111,0.10256410256410256,0.10958904109589042,0.09523809523809526,0.091324200913242,0.13714285714285712,0.0759493670886076,0.015267175572519083,0.014705882352941175,0.09170305676855896,0.08631280535518074,0.08128871679667266
support,81.0,90.0,88.0,68.0,68.0,71.0,104.0,109.0,119.0,118.0,0.09170305676855896,916.0,916.0
