,1,2,3,4,5,6,7,8,9,10,accuracy,macro avg,weighted avg
precision,0.08064516129032258,0.14516129032258066,0.09774436090225563,0.14814814814814814,0.09210526315789473,0.12403100775193798,0.1111111111111111,0.12359550561797752,0.17857142857142858,0.15853658536585366,0.12663755458515283,0.12596498622395105,0.12917739542929174
recall,0.06172839506172839,0.1,0.14772727272727273,0.17647058823529413,0.10294117647058823,0.22535211267605634,0.09615384615384616,0.10091743119266056,0.16806722689075632,0.11016949152542373,0.12663755458515283,0.12895275409336265,0.12663755458515283
f1-score,0.06993006993006994,0.11842105263157895,0.11764705882352941,0.1610738255033557,0.09722222222222222,0.16,0.10309278350515465,0.1111111111111111,0.17316017316017318,0.13,0.12663755458515283,0.1241658296887195,0.12486694762521337
support,81.0,90.0,88.0,68.0,68.0,71.0,104.0,109.0,119.0,118.0,0.12663755458515283,916.0,916.0
