,1,2,3,4,5,6,7,8,9,10,accuracy,macro avg,weighted avg
precision,0.21739130434782608,0.12149532710280374,0.16216216216216217,0.08064516129032258,0.11904761904761904,0.16049382716049382,0.11764705882352941,0.10256410256410256,0.13131313131313133,0.09090909090909091,0.1367741935483871,0.13036687847210815,0.13731649965025997
recall,0.22522522522522523,0.1326530612244898,0.16216216216216217,0.06756756756756757,0.07142857142857142,0.125,0.0821917808219178,0.11764705882352941,0.21311475409836064,0.14285714285714285,0.1367741935483871,0.13398473242089667,0.1367741935483871
f1-score,0.22123893805309736,0.12682926829268296,0.16216216216216217,0.07352941176470587,0.08928571428571427,0.14054054054054055,0.0967741935483871,0.1095890410958904,0.16250000000000003,0.1111111111111111,0.1367741935483871,0.1293560380854292,0.13469667186271053
support,111.0,98.0,74.0,74.0,70.0,104.0,73.0,68.0,61.0,42.0,0.1367741935483871,775.0,775.0
