,1,2,3,4,5,6,7,8,9,10,accuracy,macro avg,weighted avg
precision,0.05263157894736842,0.11194029850746269,0.1896551724137931,0.1206896551724138,0.10126582278481013,0.12195121951219512,0.09090909090909091,0.125,0.08860759493670886,0.15789473684210525,0.11096433289299867,0.11605451700259484,0.11876928658434688
recall,0.07017543859649122,0.20833333333333334,0.13095238095238096,0.08433734939759036,0.12903225806451613,0.1875,0.1095890410958904,0.034482758620689655,0.08433734939759036,0.07894736842105263,0.11096433289299867,0.1117687277879535,0.11096433289299867
f1-score,0.06015037593984962,0.14563106796116504,0.15492957746478872,0.09929078014184396,0.11347517730496454,0.14778325123152708,0.09937888198757765,0.05405405405405405,0.08641975308641975,0.10526315789473684,0.11096433289299867,0.1066376077066927,0.10720944420870447
support,57.0,72.0,84.0,83.0,62.0,80.0,73.0,87.0,83.0,76.0,0.11096433289299867,757.0,757.0
