,1,2,3,4,5,6,7,8,9,10,accuracy,macro avg,weighted avg
precision,0.13793103448275862,0.1348314606741573,0.10204081632653061,0.1206896551724138,0.14,0.08,0.12790697674418605,0.1414141414141414,0.14838709677419354,0.10638297872340426,0.12336244541484716,0.12395841603117856,0.1251325945887161
recall,0.04938271604938271,0.13333333333333333,0.11363636363636363,0.20588235294117646,0.10294117647058823,0.11267605633802817,0.10576923076923077,0.12844036697247707,0.19327731092436976,0.0847457627118644,0.12336244541484716,0.12300846701468146,0.12336244541484716
f1-score,0.07272727272727272,0.1340782122905028,0.1075268817204301,0.15217391304347824,0.11864406779661017,0.09356725146198831,0.11578947368421053,0.1346153846153846,0.1678832116788321,0.09433962264150943,0.12336244541484716,0.1191345291660219,0.12041983754049489
support,81.0,90.0,88.0,68.0,68.0,71.0,104.0,109.0,119.0,118.0,0.12336244541484716,916.0,916.0
