,1,2,3,4,5,6,7,8,9,10,accuracy,macro avg,weighted avg
precision,0.14285714285714285,0.1650485436893204,0.10526315789473684,0.10810810810810811,0.06896551724137931,0.14285714285714285,0.13114754098360656,0.14814814814814814,0.030927835051546393,0.06832298136645963,0.10709677419354839,0.11116461181975909,0.11859369110756024
recall,0.08108108108108109,0.17346938775510204,0.05405405405405406,0.05405405405405406,0.05714285714285714,0.0673076923076923,0.1095890410958904,0.23529411764705882,0.04918032786885246,0.2619047619047619,0.10709677419354839,0.11430773749114043,0.10709677419354839
f1-score,0.10344827586206896,0.1691542288557214,0.07142857142857144,0.07207207207207209,0.0625,0.0915032679738562,0.11940298507462686,0.1818181818181818,0.0379746835443038,0.10837438423645321,0.10709677419354839,0.10176766508658557,0.10389483180012478
support,111.0,98.0,74.0,74.0,70.0,104.0,73.0,68.0,61.0,42.0,0.10709677419354839,775.0,775.0
