,1,2,3,4,5,6,7,8,9,10,accuracy,macro avg,weighted avg
precision,0.1,0.12087912087912088,0.125,0.15151515151515152,0.09090909090909091,0.1694915254237288,0.11363636363636363,0.0967741935483871,0.061224489795918366,0.047619047619047616,0.0967741935483871,0.10770489833268089,0.11356106277454853
recall,0.036036036036036036,0.11224489795918367,0.06756756756756757,0.06756756756756757,0.14285714285714285,0.09615384615384616,0.136986301369863,0.08823529411764706,0.14754098360655737,0.11904761904761904,0.0967741935483871,0.10142372562830304,0.0967741935483871
f1-score,0.052980132450331126,0.11640211640211641,0.08771929824561404,0.09345794392523366,0.1111111111111111,0.1226993865030675,0.12422360248447203,0.09230769230769231,0.08653846153846154,0.06802721088435373,0.0967741935483871,0.09554669558524534,0.09640653815924162
support,111.0,98.0,74.0,74.0,70.0,104.0,73.0,68.0,61.0,42.0,0.0967741935483871,775.0,775.0
