,1,2,3,4,5,6,7,8,9,10,accuracy,macro avg,weighted avg
precision,0.125,0.1038961038961039,0.08,0.11363636363636363,0.109375,0.05737704918032787,0.10256410256410256,0.09195402298850575,0.07692307692307693,0.18571428571428572,0.09934497816593886,0.10464400049027664,0.10645412621208628
recall,0.08641975308641975,0.08888888888888889,0.09090909090909091,0.22058823529411764,0.10294117647058823,0.09859154929577464,0.07692307692307693,0.07339449541284404,0.08403361344537816,0.11016949152542373,0.09934497816593886,0.1032859371251603,0.09934497816593886
f1-score,0.10218978102189781,0.09580838323353295,0.0851063829787234,0.15,0.10606060606060606,0.07253886010362695,0.08791208791208792,0.08163265306122448,0.08032128514056225,0.13829787234042554,0.09934497816593886,0.09998679118526874,0.09920312983605437
support,81.0,90.0,88.0,68.0,68.0,71.0,104.0,109.0,119.0,118.0,0.09934497816593886,916.0,916.0
