,1,2,3,4,5,6,7,8,9,10,accuracy,macro avg,weighted avg
precision,0.05,0.11267605633802817,0.07692307692307693,0.18181818181818182,0.10227272727272728,0.09615384615384616,0.06930693069306931,0.12727272727272726,0.13513513513513514,0.06451612903225806,0.10303830911492734,0.101607481063905,0.10409500082957931
recall,0.07017543859649122,0.1111111111111111,0.05952380952380952,0.1927710843373494,0.14516129032258066,0.125,0.0958904109589041,0.08045977011494253,0.12048192771084337,0.02631578947368421,0.10303830911492734,0.10268906321497162,0.10303830911492734
f1-score,0.05839416058394161,0.11188811188811189,0.06711409395973154,0.18713450292397663,0.12000000000000002,0.10869565217391305,0.08045977011494254,0.09859154929577464,0.12738853503184713,0.037383177570093455,0.10303830911492734,0.09970495535423325,0.10112973438380832
support,57.0,72.0,84.0,83.0,62.0,80.0,73.0,87.0,83.0,76.0,0.10303830911492734,757.0,757.0
