,1,2,3,4,5,6,7,8,9,10,accuracy,macro avg,weighted avg
precision,0.23958333333333334,0.13157894736842105,0.11842105263157894,0.09803921568627451,0.0784313725490196,0.1917808219178082,0.07547169811320754,0.11235955056179775,0.08235294117647059,0.04054054054054054,0.12129032258064516,0.11685594738784522,0.1300878242199273
recall,0.2072072072072072,0.10204081632653061,0.12162162162162163,0.13513513513513514,0.05714285714285714,0.1346153846153846,0.0547945205479452,0.14705882352941177,0.11475409836065574,0.07142857142857142,0.12129032258064516,0.11457990359153206,0.12129032258064516
f1-score,0.2222222222222222,0.11494252873563218,0.11999999999999998,0.11363636363636365,0.06611570247933884,0.15819209039548024,0.0634920634920635,0.12738853503184716,0.0958904109589041,0.05172413793103448,0.12129032258064516,0.11336040548828863,0.12337970560673037
support,111.0,98.0,74.0,74.0,70.0,104.0,73.0,68.0,61.0,42.0,0.12129032258064516,775.0,775.0
