,1,2,3,4,5,6,7,8,9,10,accuracy,macro avg,weighted avg
precision,0.25,0.12745098039215685,0.1271186440677966,0.08461538461538462,0.12121212121212122,0.06756756756756757,0.14634146341463414,0.16216216216216217,0.1282051282051282,0.13333333333333333,0.1277292576419214,0.13480067849702845,0.13710210487704055
recall,0.14814814814814814,0.14444444444444443,0.17045454545454544,0.16176470588235295,0.11764705882352941,0.07042253521126761,0.11538461538461539,0.11009174311926606,0.12605042016806722,0.11864406779661017,0.1277292576419214,0.12830522844328468,0.1277292576419214
f1-score,0.18604651162790697,0.13541666666666666,0.14563106796116504,0.11111111111111112,0.11940298507462688,0.06896551724137931,0.12903225806451613,0.13114754098360656,0.1271186440677966,0.12556053811659193,0.1277292576419214,0.1279432840915367,0.1291506666320519
support,81.0,90.0,88.0,68.0,68.0,71.0,104.0,109.0,119.0,118.0,0.1277292576419214,916.0,916.0
