,1,2,3,4,5,6,7,8,9,10,accuracy,macro avg,weighted avg
precision,0.05357142857142857,0.1111111111111111,0.06,0.12,0.1566265060240964,0.125,0.10526315789473684,0.18181818181818182,0.13157894736842105,0.1590909090909091,0.1202113606340819,0.12040602418788851,0.12190061937787457
recall,0.05263157894736842,0.19444444444444445,0.03571428571428571,0.07228915662650602,0.20967741935483872,0.25,0.136986301369863,0.11494252873563218,0.060240963855421686,0.09210526315789473,0.1202113606340819,0.1219031942206255,0.1202113606340819
f1-score,0.05309734513274336,0.14141414141414138,0.04477611940298507,0.09022556390977442,0.17931034482758623,0.16666666666666666,0.11904761904761904,0.1408450704225352,0.08264462809917354,0.11666666666666667,0.1202113606340819,0.11346941655898915,0.1130502318593462
support,57.0,72.0,84.0,83.0,62.0,80.0,73.0,87.0,83.0,76.0,0.1202113606340819,757.0,757.0
