,1,2,3,4,5,6,7,8,9,10,accuracy,macro avg,weighted avg
precision,0.06521739130434782,0.15555555555555556,0.15942028985507245,0.2222222222222222,0.07692307692307693,0.03636363636363636,0.125,0.07534246575342465,0.13761467889908258,0.03968253968253968,0.0967741935483871,0.10933418565589584,0.10864645689048258
recall,0.02702702702702703,0.07142857142857142,0.14864864864864866,0.05405405405405406,0.07142857142857142,0.019230769230769232,0.1643835616438356,0.16176470588235295,0.2459016393442623,0.11904761904761904,0.0967741935483871,0.10829151677357118,0.0967741935483871
f1-score,0.03821656050955414,0.0979020979020979,0.15384615384615385,0.08695652173913043,0.07407407407407408,0.025157232704402517,0.14201183431952663,0.102803738317757,0.17647058823529413,0.05952380952380952,0.0967741935483871,0.09569626111718003,0.09042529443097555
support,111.0,98.0,74.0,74.0,70.0,104.0,73.0,68.0,61.0,42.0,0.0967741935483871,775.0,775.0
