,1,2,3,4,5,6,7,8,9,10,accuracy,macro avg,weighted avg
precision,0.024096385542168676,0.0945945945945946,0.08333333333333333,0.1111111111111111,0.07936507936507936,0.1388888888888889,0.11827956989247312,0.13,0.09195402298850575,0.14423076923076922,0.10171730515191546,0.1015853754946924,0.10432814268483176
recall,0.03508771929824561,0.09722222222222222,0.07142857142857142,0.060240963855421686,0.08064516129032258,0.0625,0.1506849315068493,0.14942528735632185,0.0963855421686747,0.19736842105263158,0.10171730515191546,0.10009888201792609,0.10171730515191546
f1-score,0.02857142857142857,0.0958904109589041,0.07692307692307691,0.078125,0.08,0.08620689655172414,0.13253012048192772,0.13903743315508021,0.09411764705882353,0.16666666666666666,0.10171730515191546,0.09780686803676318,0.09984746770873268
support,57.0,72.0,84.0,83.0,62.0,80.0,73.0,87.0,83.0,76.0,0.10171730515191546,757.0,757.0
