,1,2,3,4,5,6,7,8,9,10,accuracy,macro avg,weighted avg
precision,0.09803921568627451,0.112,0.02531645569620253,0.15384615384615385,0.15,0.10185185185185185,0.08571428571428572,0.10606060606060606,0.10909090909090909,0.0,0.10171730515191546,0.09419194779462836,0.09317722262739579
recall,0.08771929824561403,0.19444444444444445,0.023809523809523808,0.0963855421686747,0.1935483870967742,0.1375,0.0821917808219178,0.08045977011494253,0.14457831325301204,0.0,0.10171730515191546,0.10406370599549035,0.10171730515191546
f1-score,0.0925925925925926,0.14213197969543145,0.024539877300613498,0.11851851851851854,0.16901408450704225,0.11702127659574468,0.0839160839160839,0.0915032679738562,0.1243523316062176,0.0,0.10171730515191546,0.09635900127061008,0.09466069270297131
support,57.0,72.0,84.0,83.0,62.0,80.0,73.0,87.0,83.0,76.0,0.10171730515191546,757.0,757.0
