,1,2,3,4,5,6,7,8,9,10,accuracy,macro avg,weighted avg
precision,0.06521739130434782,0.1111111111111111,0.12244897959183673,0.11764705882352941,0.08108108108108109,0.13953488372093023,0.11926605504587157,0.17692307692307693,0.10526315789473684,0.13076923076923078,0.12417437252311757,0.11692620262657524,0.11985688580118561
recall,0.05263157894736842,0.09722222222222222,0.07142857142857142,0.024096385542168676,0.04838709677419355,0.075,0.1780821917808219,0.26436781609195403,0.1686746987951807,0.2236842105263158,0.12417437252311757,0.12035747721087967,0.12417437252311757
f1-score,0.05825242718446602,0.1037037037037037,0.09022556390977443,0.04,0.060606060606060594,0.0975609756097561,0.14285714285714285,0.2119815668202765,0.12962962962962962,0.1650485436893204,0.12417437252311757,0.10998656140101301,0.11284329261894532
support,57.0,72.0,84.0,83.0,62.0,80.0,73.0,87.0,83.0,76.0,0.12417437252311757,757.0,757.0
