,1,2,3,4,5,6,7,8,9,10,accuracy,macro avg,weighted avg
precision,0.15254237288135594,0.18604651162790697,0.14285714285714285,0.10526315789473684,0.18181818181818182,0.2619047619047619,0.10465116279069768,0.10638297872340426,0.08125,0.05660377358490566,0.12258064516129032,0.13793200440830938,0.14928802281013023
recall,0.08108108108108109,0.16326530612244897,0.0945945945945946,0.05405405405405406,0.14285714285714285,0.10576923076923077,0.1232876712328767,0.14705882352941177,0.21311475409836064,0.14285714285714285,0.12258064516129032,0.12679398011963444,0.12258064516129032
f1-score,0.10588235294117648,0.17391304347826086,0.11382113821138212,0.07142857142857144,0.16,0.1506849315068493,0.11320754716981131,0.12345679012345678,0.11764705882352941,0.0810810810810811,0.12258064516129032,0.12111225147641189,0.12466737999076262
support,111.0,98.0,74.0,74.0,70.0,104.0,73.0,68.0,61.0,42.0,0.12258064516129032,775.0,775.0
