,1,2,3,4,5,6,7,8,9,10,accuracy,macro avg,weighted avg
precision,0.23943661971830985,0.10526315789473684,0.14285714285714285,0.13725490196078433,0.05084745762711865,0.1935483870967742,0.06779661016949153,0.12,0.0660377358490566,0.11320754716981132,0.12516129032258064,0.12362495603432262,0.1331639629434883
recall,0.15315315315315314,0.08163265306122448,0.10810810810810811,0.1891891891891892,0.04285714285714286,0.17307692307692307,0.0547945205479452,0.17647058823529413,0.11475409836065574,0.14285714285714285,0.12516129032258064,0.12368935194467787,0.12516129032258064
f1-score,0.1868131868131868,0.09195402298850575,0.12307692307692308,0.1590909090909091,0.04651162790697675,0.18274111675126903,0.0606060606060606,0.14285714285714282,0.08383233532934131,0.12631578947368421,0.12516129032258064,0.12037991148939993,0.1257375889247612
support,111.0,98.0,74.0,74.0,70.0,104.0,73.0,68.0,61.0,42.0,0.12516129032258064,775.0,775.0
