,1,2,3,4,5,6,7,8,9,10,accuracy,macro avg,weighted avg
precision,0.10619469026548672,0.07462686567164178,0.08653846153846154,0.10869565217391304,0.041666666666666664,0.13793103448275862,0.06779661016949153,0.2,0.2,0.15555555555555556,0.10589519650655022,0.11790055365239756,0.12440798753270169
recall,0.14814814814814814,0.16666666666666666,0.10227272727272728,0.14705882352941177,0.04411764705882353,0.28169014084507044,0.038461538461538464,0.10091743119266056,0.05042016806722689,0.059322033898305086,0.10589519650655022,0.1139075325140579,0.10589519650655022
f1-score,0.12371134020618556,0.10309278350515463,0.09375000000000001,0.125,0.04285714285714286,0.18518518518518517,0.049079754601226995,0.13414634146341464,0.08053691275167786,0.08588957055214723,0.10589519650655022,0.1023249031122135,0.09995252246205422
support,81.0,90.0,88.0,68.0,68.0,71.0,104.0,109.0,119.0,118.0,0.10589519650655022,916.0,916.0
