,1,2,3,4,5,6,7,8,9,10,accuracy,macro avg,weighted avg
precision,0.041237113402061855,0.02912621359223301,0.13559322033898305,0.0975609756097561,0.09174311926605505,0.09900990099009901,0.028169014084507043,0.10714285714285714,0.027777777777777776,0.09302325581395349,0.07397622192866579,0.07503834480182836,0.07701050118541555
recall,0.07017543859649122,0.041666666666666664,0.09523809523809523,0.0963855421686747,0.16129032258064516,0.125,0.0273972602739726,0.06896551724137931,0.012048192771084338,0.05263157894736842,0.07397622192866579,0.07507986144843777,0.07397622192866579
f1-score,0.051948051948051945,0.03428571428571428,0.11188811188811189,0.09696969696969697,0.1169590643274854,0.11049723756906078,0.027777777777777776,0.08391608391608392,0.016806722689075633,0.06722689075630252,0.07397622192866579,0.07182753521273612,0.07239183142625488
support,57.0,72.0,84.0,83.0,62.0,80.0,73.0,87.0,83.0,76.0,0.07397622192866579,757.0,757.0
