,1,2,3,4,5,6,7,8,9,10,accuracy,macro avg,weighted avg
precision,0.02857142857142857,0.11290322580645161,0.16923076923076924,0.15,0.06666666666666667,0.1896551724137931,0.11607142857142858,0.125,0.16666666666666666,0.11926605504587157,0.12813738441215325,0.12440314129730759,0.1294247070422605
recall,0.017543859649122806,0.09722222222222222,0.13095238095238096,0.03614457831325301,0.06451612903225806,0.1375,0.1780821917808219,0.1839080459770115,0.21686746987951808,0.17105263157894737,0.12813738441215325,0.12337895093855358,0.12813738441215325
f1-score,0.02173913043478261,0.1044776119402985,0.14765100671140938,0.05825242718446602,0.06557377049180328,0.15942028985507245,0.14054054054054055,0.14883720930232558,0.18848167539267016,0.14054054054054055,0.12813738441215325,0.11755142023939089,0.1219969726299673
support,57.0,72.0,84.0,83.0,62.0,80.0,73.0,87.0,83.0,76.0,0.12813738441215325,757.0,757.0
