,1,2,3,4,5,6,7,8,9,10,accuracy,macro avg,weighted avg
precision,0.072,0.1,0.038461538461538464,0.08641975308641975,0.10135135135135136,0.06896551724137931,0.08333333333333333,0.13333333333333333,0.19047619047619047,0.18181818181818182,0.0927947598253275,0.10561591991017279,0.11266682787307192
recall,0.1111111111111111,0.15555555555555556,0.03409090909090909,0.10294117647058823,0.22058823529411764,0.14084507042253522,0.04807692307692308,0.09174311926605505,0.06722689075630252,0.03389830508474576,0.0927947598253275,0.10060772961288433,0.0927947598253275
f1-score,0.087378640776699,0.12173913043478263,0.03614457831325301,0.09395973154362416,0.1388888888888889,0.09259259259259259,0.06097560975609755,0.10869565217391304,0.09937888198757765,0.05714285714285715,0.0927947598253275,0.08968965636102857,0.08775210523806094
support,81.0,90.0,88.0,68.0,68.0,71.0,104.0,109.0,119.0,118.0,0.0927947598253275,916.0,916.0
