,1,2,3,4,5,6,7,8,9,10,accuracy,macro avg,weighted avg
precision,0.023255813953488372,0.11578947368421053,0.10227272727272728,0.08080808080808081,0.057692307692307696,0.11842105263157894,0.09803921568627451,0.09523809523809523,0.1694915254237288,0.10126582278481013,0.10807860262008734,0.09622741151753024,0.100247362601568
recall,0.012345679012345678,0.12222222222222222,0.10227272727272728,0.11764705882352941,0.04411764705882353,0.1267605633802817,0.09615384615384616,0.09174311926605505,0.25210084033613445,0.06779661016949153,0.10807860262008734,0.1033160313695457,0.10807860262008734
f1-score,0.016129032258064516,0.11891891891891893,0.10227272727272728,0.09580838323353294,0.05000000000000001,0.12244897959183675,0.09708737864077671,0.09345794392523364,0.20270270270270271,0.08121827411167512,0.10807860262008734,0.09800443406554686,0.10219146633165624
support,81.0,90.0,88.0,68.0,68.0,71.0,104.0,109.0,119.0,118.0,0.10807860262008734,916.0,916.0
