,1,2,3,4,5,6,7,8,9,10,accuracy,macro avg,weighted avg
precision,0.09090909090909091,0.14285714285714285,0.1891891891891892,0.125,0.14516129032258066,0.15789473684210525,0.16455696202531644,0.07526881720430108,0.05612244897959184,0.050955414012738856,0.0967741935483871,0.1197915092342057,0.12466811176657985
recall,0.02702702702702703,0.1326530612244898,0.0945945945945946,0.013513513513513514,0.12857142857142856,0.028846153846153848,0.1780821917808219,0.10294117647058823,0.18032786885245902,0.19047619047619047,0.0967741935483871,0.1077033206357267,0.0967741935483871
f1-score,0.04166666666666667,0.1375661375661376,0.12612612612612614,0.024390243902439025,0.13636363636363638,0.048780487804878044,0.17105263157894735,0.08695652173913043,0.08560311284046693,0.08040201005025127,0.0967741935483871,0.09389075746386798,0.09143468132859384
support,111.0,98.0,74.0,74.0,70.0,104.0,73.0,68.0,61.0,42.0,0.0967741935483871,775.0,775.0
