,1,2,3,4,5,6,7,8,9,10,accuracy,macro avg,weighted avg
precision,0.16071428571428573,0.18181818181818182,0.058823529411764705,0.13846153846153847,0.0967741935483871,0.13675213675213677,0.0784313725490196,0.10091743119266056,0.10084033613445378,0.07017543859649122,0.11612903225806452,0.11237084441789198,0.11992191324920641
recall,0.08108108108108109,0.16326530612244897,0.04054054054054054,0.12162162162162163,0.08571428571428572,0.15384615384615385,0.0547945205479452,0.16176470588235295,0.19672131147540983,0.09523809523809523,0.11612903225806452,0.1154587622069935,0.11612903225806452
f1-score,0.10778443113772455,0.17204301075268816,0.04800000000000001,0.12949640287769784,0.0909090909090909,0.14479638009049775,0.06451612903225806,0.12429378531073446,0.13333333333333336,0.08080808080808081,0.11612903225806452,0.10959806442521058,0.11363923634039504
support,111.0,98.0,74.0,74.0,70.0,104.0,73.0,68.0,61.0,42.0,0.11612903225806452,775.0,775.0
