,1,2,3,4,5,6,7,8,9,10,accuracy,macro avg,weighted avg
precision,0.1038961038961039,0.10619469026548672,0.06666666666666667,0.05405405405405406,0.04819277108433735,0.06611570247933884,0.16842105263157894,0.17894736842105263,0.09523809523809523,0.14285714285714285,0.10262008733624454,0.10305836475938572,0.10993264302799531
recall,0.19753086419753085,0.13333333333333333,0.06818181818181818,0.058823529411764705,0.058823529411764705,0.11267605633802817,0.15384615384615385,0.1559633027522936,0.03361344537815126,0.059322033898305086,0.10262008733624454,0.10321140667491438,0.10262008733624454
f1-score,0.13617021276595745,0.11822660098522167,0.06741573033707866,0.056338028169014086,0.052980132450331126,0.08333333333333333,0.16080402010050254,0.16666666666666666,0.04968944099378882,0.08383233532934131,0.10262008733624454,0.09754565011312356,0.10005306876135332
support,81.0,90.0,88.0,68.0,68.0,71.0,104.0,109.0,119.0,118.0,0.10262008733624454,916.0,916.0
