,1,2,3,4,5,6,7,8,9,10,accuracy,macro avg,weighted avg
precision,0.07317073170731707,0.11875,0.07446808510638298,0.17777777777777778,0.10752688172043011,0.02564102564102564,0.13846153846153847,0.12195121951219512,0.21428571428571427,0.07692307692307693,0.1091703056768559,0.11289560511354582,0.11643925374213722
recall,0.07407407407407407,0.2111111111111111,0.07954545454545454,0.23529411764705882,0.14705882352941177,0.04225352112676056,0.17307692307692307,0.09174311926605505,0.07563025210084033,0.01694915254237288,0.1091703056768559,0.11467365490200623,0.1091703056768559
f1-score,0.07361963190184048,0.152,0.07692307692307693,0.20253164556962028,0.12422360248447205,0.03191489361702128,0.15384615384615385,0.10471204188481675,0.11180124223602485,0.027777777777777776,0.1091703056768559,0.10593500662408042,0.10359549501864235
support,81.0,90.0,88.0,68.0,68.0,71.0,104.0,109.0,119.0,118.0,0.1091703056768559,916.0,916.0
