,1,2,3,4,5,6,7,8,9,10,accuracy,macro avg,weighted avg
precision,0.06569343065693431,0.10309278350515463,0.07936507936507936,0.13953488372093023,0.08771929824561403,0.05454545454545454,0.16666666666666666,0.125,0.3333333333333333,0.0,0.09606986899563319,0.1154950930039167,0.12176272601447036
recall,0.1111111111111111,0.2222222222222222,0.056818181818181816,0.17647058823529413,0.14705882352941177,0.1267605633802817,0.11538461538461539,0.06422018348623854,0.03361344537815126,0.0,0.09606986899563319,0.10536597345455079,0.09606986899563319
f1-score,0.08256880733944955,0.14084507042253522,0.0662251655629139,0.15584415584415584,0.10989010989010989,0.07627118644067797,0.13636363636363638,0.08484848484848485,0.061068702290076333,0.0,0.09606986899563319,0.091392531900204,0.08665350132325364
support,81.0,90.0,88.0,68.0,68.0,71.0,104.0,109.0,119.0,118.0,0.09606986899563319,916.0,916.0
