,1,2,3,4,5,6,7,8,9,10,accuracy,macro avg,weighted avg
precision,0.05,0.13761467889908258,0.13008130081300814,0.08653846153846154,0.08695652173913043,0.09090909090909091,0.13043478260869565,0.136986301369863,0.11711711711711711,0.075,0.11135371179039301,0.10416382549944495,0.1063519007286465
recall,0.024691358024691357,0.16666666666666666,0.18181818181818182,0.1323529411764706,0.058823529411764705,0.11267605633802817,0.08653846153846154,0.1834862385321101,0.1092436974789916,0.05084745762711865,0.11135371179039301,0.11071445886124853,0.11135371179039301
f1-score,0.03305785123966942,0.1507537688442211,0.1516587677725119,0.10465116279069767,0.07017543859649121,0.10062893081761008,0.10404624277456648,0.1568627450980392,0.11304347826086956,0.060606060606060615,0.11135371179039301,0.10454844468007371,0.1060555646523506
support,81.0,90.0,88.0,68.0,68.0,71.0,104.0,109.0,119.0,118.0,0.11135371179039301,916.0,916.0
