,1,2,3,4,5,6,7,8,9,10,accuracy,macro avg,weighted avg
precision,0.06944444444444445,0.102803738317757,0.10416666666666667,0.08064516129032258,0.08661417322834646,0.07975460122699386,0.15730337078651685,0.1527777777777778,0.12280701754385964,0.1276595744680851,0.10152838427947598,0.10839765257507702,0.11328647135827483
recall,0.12345679012345678,0.12222222222222222,0.056818181818181816,0.07352941176470588,0.16176470588235295,0.18309859154929578,0.1346153846153846,0.10091743119266056,0.058823529411764705,0.05084745762711865,0.10152838427947598,0.1066093706207144,0.10152838427947598
f1-score,0.08888888888888889,0.1116751269035533,0.07352941176470588,0.07692307692307693,0.11282051282051282,0.1111111111111111,0.14507772020725385,0.12154696132596686,0.07954545454545454,0.07272727272727274,0.10152838427947598,0.0993845537217797,0.09923278559702943
support,81.0,90.0,88.0,68.0,68.0,71.0,104.0,109.0,119.0,118.0,0.10152838427947598,916.0,916.0
