,1,2,3,4,5,6,7,8,9,10,accuracy,macro avg,weighted avg
precision,0.06944444444444445,0.07216494845360824,0.09090909090909091,0.15384615384615385,0.07272727272727272,0.11320754716981132,0.1125,0.16842105263157894,0.1411764705882353,0.11347517730496454,0.1096433289299868,0.11078721580751602,0.1140454304137537
recall,0.08771929824561403,0.09722222222222222,0.07142857142857142,0.024096385542168676,0.06451612903225806,0.075,0.1232876712328767,0.1839080459770115,0.14457831325301204,0.21052631578947367,0.1096433289299868,0.10822829527232083,0.1096433289299868
f1-score,0.07751937984496124,0.08284023668639053,0.08,0.04166666666666667,0.06837606837606838,0.09022556390977444,0.11764705882352942,0.17582417582417584,0.14285714285714285,0.14746543778801843,0.1096433289299868,0.10244217307767278,0.10431737265240111
support,57.0,72.0,84.0,83.0,62.0,80.0,73.0,87.0,83.0,76.0,0.1096433289299868,757.0,757.0
