,1,2,3,4,5,6,7,8,9,10,accuracy,macro avg,weighted avg
precision,0.05263157894736842,0.2,0.045454545454545456,0.15492957746478872,0.11666666666666667,0.0625,0.10606060606060606,0.11409395973154363,0.05,0.09090909090909091,0.09806451612903226,0.099324602523461,0.09974992561058879
recall,0.02702702702702703,0.12244897959183673,0.04054054054054054,0.14864864864864866,0.1,0.04807692307692308,0.0958904109589041,0.25,0.08196721311475409,0.14285714285714285,0.09806451612903226,0.10574568858157771,0.09806451612903226
f1-score,0.03571428571428572,0.15189873417721522,0.04285714285714286,0.15172413793103448,0.1076923076923077,0.05434782608695653,0.10071942446043164,0.1566820276497696,0.06211180124223603,0.1111111111111111,0.09806451612903226,0.09748587989224908,0.09406760555060885
support,111.0,98.0,74.0,74.0,70.0,104.0,73.0,68.0,61.0,42.0,0.09806451612903226,775.0,775.0
