,1,2,3,4,5,6,7,8,9,10,accuracy,macro avg,weighted avg
precision,0.10256410256410256,0.07317073170731707,0.08928571428571429,0.14285714285714285,0.125,0.16296296296296298,0.08421052631578947,0.14545454545454545,0.046511627906976744,0.2,0.11360634081902246,0.11720173540545513,0.11772920134100097
recall,0.14035087719298245,0.125,0.05952380952380952,0.0963855421686747,0.1935483870967742,0.275,0.1095890410958904,0.09195402298850575,0.024096385542168676,0.05263157894736842,0.11360634081902246,0.11680796445561743,0.11360634081902246
f1-score,0.11851851851851851,0.0923076923076923,0.07142857142857142,0.11510791366906475,0.1518987341772152,0.2046511627906977,0.09523809523809523,0.11267605633802816,0.03174603174603175,0.08333333333333333,0.11360634081902246,0.10769061095472483,0.10629977886463449
support,57.0,72.0,84.0,83.0,62.0,80.0,73.0,87.0,83.0,76.0,0.11360634081902246,757.0,757.0
