,1,2,3,4,5,6,7,8,9,10,accuracy,macro avg,weighted avg
precision,0.06666666666666667,0.16091954022988506,0.14444444444444443,0.2553191489361702,0.23076923076923078,0.10416666666666667,0.10638297872340426,0.14423076923076922,0.17647058823529413,0.12931034482758622,0.14398943196829592,0.15186803787301179,0.15342237071720508
recall,0.07017543859649122,0.19444444444444445,0.15476190476190477,0.14457831325301204,0.0967741935483871,0.0625,0.136986301369863,0.1724137931034483,0.18072289156626506,0.19736842105263158,0.14398943196829592,0.14107257016964475,0.14398943196829592
f1-score,0.06837606837606838,0.1761006289308176,0.14942528735632182,0.18461538461538463,0.13636363636363635,0.078125,0.11976047904191617,0.15706806282722513,0.17857142857142858,0.15625,0.14398943196829592,0.14046559760827987,0.14301174729651944
support,57.0,72.0,84.0,83.0,62.0,80.0,73.0,87.0,83.0,76.0,0.14398943196829592,757.0,757.0
