,1,2,3,4,5,6,7,8,9,10,accuracy,macro avg,weighted avg
precision,0.0,0.0,0.0,0.0,1.0,0.25,0.0,0.0,0.0,0.0,0.06,0.125,0.125
recall,0.0,0.0,0.0,0.0,0.2,0.4,0.0,0.0,0.0,0.0,0.06,0.06000000000000001,0.06
f1-score,0.0,0.0,0.0,0.0,0.33333333333333337,0.3076923076923077,0.0,0.0,0.0,0.0,0.06,0.06410256410256411,0.06410256410256411
support,5.0,5.0,5.0,5.0,5.0,5.0,5.0,5.0,5.0,5.0,0.06,50.0,50.0
