,1,2,3,4,5,6,7,8,9,10,accuracy,macro avg,weighted avg
precision,0.0,0.0,0.09090909090909091,0.0,0.0,0.5,0.15789473684210525,0.16666666666666666,0.16666666666666666,0.0,0.14,0.10821371610845296,0.10821371610845296
recall,0.0,0.0,0.2,0.0,0.0,0.2,0.6,0.2,0.2,0.0,0.14,0.13999999999999999,0.14
f1-score,0.0,0.0,0.12500000000000003,0.0,0.0,0.28571428571428575,0.25,0.1818181818181818,0.1818181818181818,0.0,0.14,0.10243506493506493,0.10243506493506495
support,5.0,5.0,5.0,5.0,5.0,5.0,5.0,5.0,5.0,5.0,0.14,50.0,50.0
