,1,2,3,4,5,6,7,8,9,10,accuracy,macro avg,weighted avg
precision,0.1232876712328767,0.08771929824561403,0.1456953642384106,0.10236220472440945,0.029411764705882353,0.034482758620689655,0.15384615384615385,0.18947368421052632,0.1375,0.22,0.1277292576419214,0.12237788998245629,0.13219024850133687
recall,0.1111111111111111,0.05555555555555555,0.25,0.19117647058823528,0.029411764705882353,0.04225352112676056,0.11538461538461539,0.1651376146788991,0.09243697478991597,0.1864406779661017,0.1277292576419214,0.12389083059070768,0.1277292576419214
f1-score,0.11688311688311688,0.06802721088435375,0.18410041841004185,0.13333333333333333,0.029411764705882353,0.0379746835443038,0.13186813186813184,0.17647058823529413,0.11055276381909548,0.20183486238532108,0.1277292576419214,0.11904568740688745,0.1260650217831804
support,81.0,90.0,88.0,68.0,68.0,71.0,104.0,109.0,119.0,118.0,0.1277292576419214,916.0,916.0
