,1,2,3,4,5,6,7,8,9,10,accuracy,macro avg,weighted avg
precision,0.12244897959183673,0.14893617021276595,0.08928571428571429,0.05555555555555555,0.043478260869565216,0.08333333333333333,0.06976744186046512,0.08928571428571429,0.056818181818181816,0.04838709677419355,0.07483870967741936,0.08072964485873259,0.08681109586322953
recall,0.05405405405405406,0.07142857142857142,0.06756756756756757,0.05405405405405406,0.04285714285714286,0.057692307692307696,0.0821917808219178,0.14705882352941177,0.08196721311475409,0.14285714285714285,0.07483870967741936,0.08017286579769242,0.07483870967741936
f1-score,0.07500000000000001,0.09655172413793103,0.07692307692307693,0.0547945205479452,0.04316546762589928,0.06818181818181819,0.07547169811320754,0.11111111111111112,0.06711409395973154,0.07228915662650602,0.07483870967741936,0.07406026672272269,0.07463452494293096
support,111.0,98.0,74.0,74.0,70.0,104.0,73.0,68.0,61.0,42.0,0.07483870967741936,775.0,775.0
