,1,2,3,4,5,6,7,8,9,10,accuracy,macro avg,weighted avg
precision,0.1595744680851064,0.11702127659574468,0.08108108108108109,0.14473684210526316,0.15384615384615385,0.10869565217391304,0.14516129032258066,0.23943661971830985,0.061224489795918366,0.04878048780487805,0.13210039630118892,0.1259558361528949,0.1252259826273979
recall,0.2631578947368421,0.1527777777777778,0.07142857142857142,0.13253012048192772,0.25806451612903225,0.125,0.1232876712328767,0.19540229885057472,0.03614457831325301,0.02631578947368421,0.13210039630118892,0.13841092184245402,0.13210039630118892
f1-score,0.19867549668874174,0.13253012048192772,0.0759493670886076,0.13836477987421386,0.1927710843373494,0.11627906976744186,0.13333333333333333,0.2151898734177215,0.045454545454545456,0.034188034188034185,0.13210039630118892,0.12827357046319168,0.12524530852439084
support,57.0,72.0,84.0,83.0,62.0,80.0,73.0,87.0,83.0,76.0,0.13210039630118892,757.0,757.0
