,1,2,3,4,5,6,7,8,9,10,accuracy,macro avg,weighted avg
precision,0.07547169811320754,0.11594202898550725,0.07692307692307693,0.12698412698412698,0.1791044776119403,0.21568627450980393,0.11206896551724138,0.07920792079207921,0.05982905982905983,0.08080808080808081,0.10580645161290322,0.11220257100741242,0.11665571811905331
recall,0.036036036036036036,0.08163265306122448,0.04054054054054054,0.10810810810810811,0.17142857142857143,0.10576923076923077,0.1780821917808219,0.11764705882352941,0.11475409836065574,0.19047619047619047,0.10580645161290322,0.1144474679384909,0.10580645161290322
f1-score,0.04878048780487805,0.09580838323353293,0.05309734513274336,0.11678832116788321,0.1751824817518248,0.14193548387096774,0.13756613756613756,0.09467455621301776,0.07865168539325844,0.11347517730496454,0.10580645161290322,0.10559600594392082,0.10379789312941028
support,111.0,98.0,74.0,74.0,70.0,104.0,73.0,68.0,61.0,42.0,0.10580645161290322,775.0,775.0
