,1,2,3,4,5,6,7,8,9,10,accuracy,macro avg,weighted avg
precision,0.07142857142857142,0.12396694214876033,0.12345679012345678,0.12987012987012986,0.11864406779661017,0.14666666666666667,0.16279069767441862,0.16176470588235295,0.08823529411764706,0.09090909090909091,0.12285336856010567,0.12177329566177046,0.12341582002021995
recall,0.14035087719298245,0.20833333333333334,0.11904761904761904,0.12048192771084337,0.11290322580645161,0.1375,0.1917808219178082,0.12643678160919541,0.03614457831325301,0.05263157894736842,0.12285336856010567,0.12456107438788548,0.12285336856010567
f1-score,0.09467455621301775,0.15544041450777202,0.1212121212121212,0.125,0.11570247933884298,0.14193548387096774,0.1761006289308176,0.14193548387096774,0.05128205128205129,0.06666666666666667,0.12285336856010567,0.11899498858932249,0.11915479536460537
support,57.0,72.0,84.0,83.0,62.0,80.0,73.0,87.0,83.0,76.0,0.12285336856010567,757.0,757.0
