,1,2,3,4,5,6,7,8,9,10,accuracy,macro avg,weighted avg
precision,0.08695652173913043,0.1686746987951807,0.1,0.056179775280898875,0.03225806451612903,0.15384615384615385,0.12048192771084337,0.08943089430894309,0.08247422680412371,0.10810810810810811,0.10064516129032258,0.09984103711095113,0.10380078992694002
recall,0.05405405405405406,0.14285714285714285,0.06756756756756757,0.06756756756756757,0.014285714285714285,0.057692307692307696,0.136986301369863,0.16176470588235295,0.13114754098360656,0.2857142857142857,0.10064516129032258,0.11196371879744622,0.10064516129032258
f1-score,0.06666666666666667,0.15469613259668508,0.08064516129032258,0.06134969325153374,0.019801980198019802,0.0839160839160839,0.12820512820512822,0.11518324607329843,0.10126582278481013,0.1568627450980392,0.10064516129032258,0.09685926600805876,0.09437178986794366
support,111.0,98.0,74.0,74.0,70.0,104.0,73.0,68.0,61.0,42.0,0.10064516129032258,775.0,775.0
