,1,2,3,4,5,6,7,8,9,10,accuracy,macro avg,weighted avg
precision,0.24193548387096775,0.1320754716981132,0.1262135922330097,0.07954545454545454,0.10344827586206896,0.136986301369863,0.08108108108108109,0.07777777777777778,0.09722222222222222,0.06862745098039216,0.10967741935483871,0.11449131116409503,0.124558806909741
recall,0.13513513513513514,0.07142857142857142,0.17567567567567569,0.0945945945945946,0.08571428571428572,0.09615384615384616,0.0821917808219178,0.10294117647058823,0.11475409836065574,0.16666666666666666,0.10967741935483871,0.11252558310219371,0.10967741935483871
f1-score,0.17341040462427748,0.09271523178807947,0.14689265536723162,0.08641975308641975,0.09375,0.11299435028248589,0.0816326530612245,0.08860759493670886,0.10526315789473684,0.09722222222222224,0.10967741935483871,0.10789080232633867,0.1114871798420041
support,111.0,98.0,74.0,74.0,70.0,104.0,73.0,68.0,61.0,42.0,0.10967741935483871,775.0,775.0
