,1,2,3,4,5,6,7,8,9,10,accuracy,macro avg,weighted avg
precision,0.06779661016949153,0.09210526315789473,0.05555555555555555,0.06569343065693431,0.10666666666666667,0.125,0.1566265060240964,0.10714285714285714,0.19736842105263158,0.06896551724137931,0.10043668122270742,0.10429208276675073,0.10792344520704854
recall,0.04938271604938271,0.07777777777777778,0.056818181818181816,0.1323529411764706,0.11764705882352941,0.11267605633802817,0.125,0.13761467889908258,0.12605042016806722,0.06779661016949153,0.10043668122270742,0.10031164412200118,0.10043668122270742
f1-score,0.05714285714285714,0.08433734939759036,0.05617977528089887,0.08780487804878048,0.1118881118881119,0.11851851851851851,0.13903743315508021,0.12048192771084336,0.15384615384615385,0.06837606837606837,0.10043668122270742,0.0997613073364903,0.10166504669680765
support,81.0,90.0,88.0,68.0,68.0,71.0,104.0,109.0,119.0,118.0,0.10043668122270742,916.0,916.0
