,1,2,3,4,5,6,7,8,9,10,accuracy,macro avg,weighted avg
precision,0.09554140127388536,0.10666666666666667,0.1588785046728972,0.1111111111111111,0.12244897959183673,0.09411764705882353,0.125,0.08433734939759036,0.1282051282051282,0.11538461538461539,0.11244541484716157,0.11416914033625544,0.11457332639684369
recall,0.18518518518518517,0.17777777777777778,0.19318181818181818,0.16176470588235295,0.17647058823529413,0.11267605633802817,0.08653846153846154,0.06422018348623854,0.04201680672268908,0.025423728813559324,0.11244541484716157,0.12252553121614047,0.11244541484716157
f1-score,0.12605042016806722,0.13333333333333336,0.17435897435897438,0.13173652694610777,0.14457831325301204,0.10256410256410256,0.10227272727272727,0.07291666666666666,0.06329113924050632,0.041666666666666664,0.11244541484716157,0.10927688704701641,0.10333812962020943
support,81.0,90.0,88.0,68.0,68.0,71.0,104.0,109.0,119.0,118.0,0.11244541484716157,916.0,916.0
