,1,2,3,4,5,6,7,8,9,10,accuracy,macro avg,weighted avg
precision,0.125,0.11392405063291139,0.104,0.06896551724137931,0.13043478260869565,0.11764705882352941,0.11290322580645161,0.16153846153846155,0.18571428571428572,0.1485148514851485,0.12554585152838427,0.1268642233850863,0.13145928645201801
recall,0.14814814814814814,0.1,0.14772727272727273,0.11764705882352941,0.1323529411764706,0.11267605633802817,0.0673076923076923,0.1926605504587156,0.1092436974789916,0.1271186440677966,0.12554585152838427,0.12548820615266454,0.12554585152838427
f1-score,0.13559322033898305,0.10650887573964497,0.12206572769953052,0.08695652173913043,0.1313868613138686,0.11510791366906475,0.08433734939759036,0.17573221757322174,0.13756613756613756,0.136986301369863,0.12554585152838427,0.12322411264070351,0.1253180083018959
support,81.0,90.0,88.0,68.0,68.0,71.0,104.0,109.0,119.0,118.0,0.12554585152838427,916.0,916.0
