,1,2,3,4,5,6,7,8,9,10,accuracy,macro avg,weighted avg
precision,0.14285714285714285,0.11428571428571428,0.14666666666666667,0.15789473684210525,0.12121212121212122,0.15,0.11702127659574468,0.15853658536585366,0.12396694214876033,0.10687022900763359,0.13210039630118892,0.13393114149817426,0.1348196472466588
recall,0.17543859649122806,0.05555555555555555,0.13095238095238096,0.14457831325301204,0.06451612903225806,0.075,0.1506849315068493,0.14942528735632185,0.18072289156626506,0.18421052631578946,0.13210039630118892,0.13110846120296601,0.13210039630118892
f1-score,0.15748031496062992,0.0747663551401869,0.1383647798742138,0.1509433962264151,0.08421052631578947,0.1,0.1317365269461078,0.15384615384615385,0.14705882352941177,0.1352657004830918,0.13210039630118892,0.12736725773220003,0.12842669615851007
support,57.0,72.0,84.0,83.0,62.0,80.0,73.0,87.0,83.0,76.0,0.13210039630118892,757.0,757.0
