,1,2,3,4,5,6,7,8,9,10,accuracy,macro avg,weighted avg
precision,0.112,0.10067114093959731,0.10227272727272728,0.050505050505050504,0.05813953488372093,0.10526315789473684,0.13953488372093023,0.1452991452991453,0.1388888888888889,0.2,0.10807860262008734,0.11525745294047973,0.12278485941472475
recall,0.1728395061728395,0.16666666666666666,0.10227272727272728,0.07352941176470588,0.07352941176470588,0.14084507042253522,0.11538461538461539,0.1559633027522936,0.04201680672268908,0.059322033898305086,0.10807860262008734,0.11023695528220837,0.10807860262008734
f1-score,0.13592233009708737,0.12552301255230125,0.10227272727272728,0.05988023952095808,0.06493506493506493,0.12048192771084337,0.12631578947368421,0.1504424778761062,0.06451612903225806,0.0915032679738562,0.10807860262008734,0.10417929664448869,0.10519466660214313
support,81.0,90.0,88.0,68.0,68.0,71.0,104.0,109.0,119.0,118.0,0.10807860262008734,916.0,916.0
