,1,2,3,4,5,6,7,8,9,10,accuracy,macro avg,weighted avg
precision,0.12280701754385964,0.1388888888888889,0.19642857142857142,0.11363636363636363,0.07407407407407407,0.16071428571428573,0.13793103448275862,0.1,0.06818181818181818,0.05102040816326531,0.10967741935483871,0.11636824621138853,0.1229133931896065
recall,0.06306306306306306,0.10204081632653061,0.14864864864864866,0.06756756756756757,0.05714285714285714,0.08653846153846154,0.2191780821917808,0.1323529411764706,0.14754098360655737,0.11904761904761904,0.10967741935483871,0.11431210403095564,0.10967741935483871
f1-score,0.08333333333333333,0.11764705882352941,0.16923076923076924,0.08474576271186442,0.06451612903225806,0.1125,0.1693121693121693,0.1139240506329114,0.09326424870466321,0.07142857142857142,0.10967741935483871,0.10799020932100697,0.1091426414639092
support,111.0,98.0,74.0,74.0,70.0,104.0,73.0,68.0,61.0,42.0,0.10967741935483871,775.0,775.0
