,1,2,3,4,5,6,7,8,9,10,accuracy,macro avg,weighted avg
precision,0.07647058823529412,0.14465408805031446,0.16483516483516483,0.09090909090909091,0.0975609756097561,0.104,0.13846153846153847,0.1111111111111111,0.08571428571428572,0.20689655172413793,0.11572052401746726,0.12206133946506936,0.12559317556214258
recall,0.16049382716049382,0.25555555555555554,0.17045454545454544,0.11764705882352941,0.11764705882352941,0.18309859154929578,0.08653846153846154,0.07339449541284404,0.025210084033613446,0.05084745762711865,0.11572052401746726,0.12408871359789872,0.11572052401746726
f1-score,0.10358565737051793,0.1847389558232932,0.16759776536312848,0.10256410256410256,0.10666666666666667,0.1326530612244898,0.10650887573964497,0.08839779005524863,0.03896103896103897,0.0816326530612245,0.11572052401746726,0.11133065668293558,0.10741583642819655
support,81.0,90.0,88.0,68.0,68.0,71.0,104.0,109.0,119.0,118.0,0.11572052401746726,916.0,916.0
