,1,2,3,4,5,6,7,8,9,10,accuracy,macro avg,weighted avg
precision,0.20454545454545456,0.13559322033898305,0.09259259259259259,0.11764705882352941,0.06382978723404255,0.22535211267605634,0.08791208791208792,0.125,0.08661417322834646,0.05504587155963303,0.11225806451612903,0.11941323589107258,0.13157173376421652
recall,0.08108108108108109,0.08163265306122448,0.06756756756756757,0.13513513513513514,0.04285714285714286,0.15384615384615385,0.1095890410958904,0.16176470588235295,0.18032786885245902,0.14285714285714285,0.11225806451612903,0.115665849223615,0.11225806451612903
f1-score,0.11612903225806454,0.1019108280254777,0.078125,0.1257861635220126,0.05128205128205128,0.18285714285714286,0.0975609756097561,0.14102564102564105,0.11702127659574468,0.07947019867549668,0.11225806451612903,0.10911683098513873,0.11324082232338638
support,111.0,98.0,74.0,74.0,70.0,104.0,73.0,68.0,61.0,42.0,0.11225806451612903,775.0,775.0
