,1,2,3,4,5,6,7,8,9,10,accuracy,macro avg,weighted avg
precision,0.07317073170731707,0.09230769230769231,0.17307692307692307,0.1774193548387097,0.07692307692307693,0.1891891891891892,0.058823529411764705,0.13513513513513514,0.12903225806451613,0.12096774193548387,0.11756935270805813,0.12260456325898081,0.12673661777830705
recall,0.10526315789473684,0.08333333333333333,0.10714285714285714,0.13253012048192772,0.06451612903225806,0.0875,0.0684931506849315,0.11494252873563218,0.1927710843373494,0.19736842105263158,0.11756935270805813,0.11538607826956578,0.11756935270805813
f1-score,0.08633093525179855,0.08759124087591243,0.1323529411764706,0.15172413793103448,0.07017543859649122,0.11965811965811968,0.06329113924050632,0.12422360248447203,0.15458937198067632,0.15,0.11756935270805813,0.11399369271954815,0.11693571252345021
support,57.0,72.0,84.0,83.0,62.0,80.0,73.0,87.0,83.0,76.0,0.11756935270805813,757.0,757.0
