,1,2,3,4,5,6,7,8,9,10,accuracy,macro avg,weighted avg
precision,0.09900990099009901,0.1411764705882353,0.12162162162162163,0.08,0.07,0.09615384615384616,0.11904761904761904,0.1717171717171717,0.17307692307692307,0.16923076923076924,0.11790393013100436,0.12410343224262851,0.1311340816880717
recall,0.12345679012345678,0.13333333333333333,0.10227272727272728,0.11764705882352941,0.10294117647058823,0.2112676056338028,0.09615384615384616,0.1559633027522936,0.07563025210084033,0.09322033898305085,0.11790393013100436,0.12118864316474687,0.11790393013100436
f1-score,0.10989010989010989,0.13714285714285712,0.11111111111111113,0.09523809523809526,0.08333333333333333,0.13215859030837004,0.10638297872340424,0.16346153846153846,0.10526315789473682,0.12021857923497266,0.11790393013100436,0.11642003513385288,0.11805796560614348
support,81.0,90.0,88.0,68.0,68.0,71.0,104.0,109.0,119.0,118.0,0.11790393013100436,916.0,916.0
