,1,2,3,4,5,6,7,8,9,10,accuracy,macro avg,weighted avg
precision,0.05263157894736842,0.09375,0.1134020618556701,0.09210526315789473,0.07894736842105263,0.10714285714285714,0.12727272727272726,0.10810810810810811,0.112,0.057971014492753624,0.0977542932628798,0.09433309793984321,0.09614899213907419
recall,0.07017543859649122,0.08333333333333333,0.13095238095238096,0.08433734939759036,0.04838709677419355,0.0375,0.1917808219178082,0.09195402298850575,0.1686746987951807,0.05263157894736842,0.0977542932628798,0.09597267217028524,0.0977542932628798
f1-score,0.06015037593984962,0.08823529411764706,0.12154696132596685,0.0880503144654088,0.060000000000000005,0.05555555555555555,0.1530054644808743,0.09937888198757763,0.1346153846153846,0.05517241379310344,0.0977542932628798,0.09157106462813679,0.09332314387433617
support,57.0,72.0,84.0,83.0,62.0,80.0,73.0,87.0,83.0,76.0,0.0977542932628798,757.0,757.0
