,1,2,3,4,5,6,7,8,9,10,accuracy,macro avg,weighted avg
precision,0.06315789473684211,0.04411764705882353,0.16891891891891891,0.12371134020618557,0.054945054945054944,0.08333333333333333,0.1134020618556701,0.13636363636363635,0.12790697674418605,0.1935483870967742,0.11353711790393013,0.1109405251259425,0.11652143539017225
recall,0.07407407407407407,0.03333333333333333,0.2840909090909091,0.17647058823529413,0.07352941176470588,0.09859154929577464,0.10576923076923077,0.11009174311926606,0.09243697478991597,0.1016949152542373,0.11353711790393013,0.11500827297267413,0.11353711790393013
f1-score,0.06818181818181819,0.0379746835443038,0.211864406779661,0.14545454545454545,0.0628930817610063,0.09032258064516129,0.10945273631840795,0.12182741116751268,0.10731707317073172,0.13333333333333336,0.11353711790393013,0.10886216703564817,0.11062379465045029
support,81.0,90.0,88.0,68.0,68.0,71.0,104.0,109.0,119.0,118.0,0.11353711790393013,916.0,916.0
