,1,2,3,4,5,6,7,8,9,10,accuracy,macro avg,weighted avg
precision,0.10062893081761007,0.12781954887218044,0.13043478260869565,0.10619469026548672,0.14102564102564102,0.07954545454545454,0.0875,0.21428571428571427,0.13846153846153847,0.07692307692307693,0.1168122270742358,0.12028193778053982,0.12183696776834153
recall,0.19753086419753085,0.18888888888888888,0.13636363636363635,0.17647058823529413,0.16176470588235295,0.09859154929577464,0.0673076923076923,0.11009174311926606,0.07563025210084033,0.03389830508474576,0.1168122270742358,0.12465382254760222,0.1168122270742358
f1-score,0.13333333333333333,0.15246636771300448,0.1333333333333333,0.13259668508287292,0.1506849315068493,0.08805031446540881,0.07608695652173912,0.14545454545454545,0.09782608695652173,0.047058823529411764,0.1168122270742358,0.11568913778970202,0.11215268901719636
support,81.0,90.0,88.0,68.0,68.0,71.0,104.0,109.0,119.0,118.0,0.1168122270742358,916.0,916.0
