,1,2,3,4,5,6,7,8,9,10,accuracy,macro avg,weighted avg
precision,0.05263157894736842,0.15789473684210525,0.18181818181818182,0.08955223880597014,0.1111111111111111,0.17543859649122806,0.08035714285714286,0.12631578947368421,0.040268456375838924,0.07317073170731707,0.09548387096774194,0.10885585644299478,0.11278152786600311
recall,0.018018018018018018,0.12244897959183673,0.05405405405405406,0.08108108108108109,0.05714285714285714,0.09615384615384616,0.1232876712328767,0.17647058823529413,0.09836065573770492,0.21428571428571427,0.09548387096774194,0.10413034655332831,0.09548387096774194
f1-score,0.026845637583892617,0.13793103448275865,0.08333333333333334,0.08510638297872342,0.07547169811320754,0.12422360248447205,0.0972972972972973,0.147239263803681,0.057142857142857134,0.1090909090909091,0.09548387096774194,0.09436820163111323,0.0933502255398835
support,111.0,98.0,74.0,74.0,70.0,104.0,73.0,68.0,61.0,42.0,0.09548387096774194,775.0,775.0
