,1,2,3,4,5,6,7,8,9,10,accuracy,macro avg,weighted avg
precision,0.05392156862745098,0.13861386138613863,0.11904761904761904,0.06944444444444445,0.07792207792207792,0.11702127659574468,0.10909090909090909,0.08928571428571429,0.09433962264150944,0.20930232558139536,0.09606986899563319,0.10779894196230037,0.11206354381498859
recall,0.13580246913580246,0.15555555555555556,0.11363636363636363,0.07352941176470588,0.17647058823529413,0.15492957746478872,0.057692307692307696,0.045871559633027525,0.04201680672268908,0.07627118644067797,0.09606986899563319,0.10317758262812127,0.09606986899563319
f1-score,0.07719298245614035,0.14659685863874347,0.11627906976744186,0.07142857142857144,0.1081081081081081,0.1333333333333333,0.07547169811320756,0.0606060606060606,0.058139534883720936,0.11180124223602485,0.09606986899563319,0.09589574595713525,0.09379949379473575
support,81.0,90.0,88.0,68.0,68.0,71.0,104.0,109.0,119.0,118.0,0.09606986899563319,916.0,916.0
