,1,2,3,4,5,6,7,8,9,10,accuracy,macro avg,weighted avg
precision,0.17647058823529413,0.10526315789473684,0.06015037593984962,0.125,0.11428571428571428,0.19047619047619047,0.125,0.1323529411764706,0.05,0.054945054945054944,0.10709677419354839,0.11339440229533108,0.12244821768331206
recall,0.08108108108108109,0.04081632653061224,0.10810810810810811,0.17567567567567569,0.11428571428571428,0.15384615384615385,0.0958904109589041,0.1323529411764706,0.06557377049180328,0.11904761904761904,0.10709677419354839,0.1086677801202142,0.10709677419354839
f1-score,0.11111111111111113,0.0588235294117647,0.07729468599033816,0.1460674157303371,0.11428571428571428,0.1702127659574468,0.10852713178294573,0.1323529411764706,0.056737588652482275,0.07518796992481203,0.10709677419354839,0.10506008540234228,0.10821978150630875
support,111.0,98.0,74.0,74.0,70.0,104.0,73.0,68.0,61.0,42.0,0.10709677419354839,775.0,775.0
