,1,2,3,4,5,6,7,8,9,10,accuracy,macro avg,weighted avg
precision,0.0847457627118644,0.16,0.16666666666666666,0.09333333333333334,0.13924050632911392,0.1,0.0958904109589041,0.2,0.12195121951219512,0.11320754716981132,0.12813738441215325,0.12750354466818892,0.12926791458132877
recall,0.08771929824561403,0.16666666666666666,0.08333333333333333,0.08433734939759036,0.1774193548387097,0.1875,0.0958904109589041,0.25287356321839083,0.060240963855421686,0.07894736842105263,0.12813738441215325,0.12749283089356836,0.12813738441215325
f1-score,0.08620689655172413,0.16326530612244897,0.1111111111111111,0.08860759493670887,0.15602836879432622,0.13043478260869568,0.0958904109589041,0.2233502538071066,0.08064516129032258,0.09302325581395347,0.12813738441215325,0.12285631419953018,0.12372521564262107
support,57.0,72.0,84.0,83.0,62.0,80.0,73.0,87.0,83.0,76.0,0.12813738441215325,757.0,757.0
