,1,2,3,4,5,6,7,8,9,10,accuracy,macro avg,weighted avg
precision,0.2,0.16666666666666666,0.08823529411764706,0.08333333333333333,0.10144927536231885,0.19444444444444445,0.125,0.10101010101010101,0.13924050632911392,0.01694915254237288,0.12258064516129032,0.12163287738059983,0.13387394248236503
recall,0.13513513513513514,0.14285714285714285,0.12162162162162163,0.08108108108108109,0.1,0.1346153846153846,0.1095890410958904,0.14705882352941177,0.18032786885245902,0.023809523809523808,0.12258064516129032,0.11760956225976502,0.12258064516129032
f1-score,0.16129032258064516,0.15384615384615383,0.10227272727272729,0.08219178082191782,0.10071942446043165,0.1590909090909091,0.11678832116788321,0.11976047904191615,0.15714285714285714,0.019801980198019802,0.12258064516129032,0.11729049556234612,0.1255651538247743
support,111.0,98.0,74.0,74.0,70.0,104.0,73.0,68.0,61.0,42.0,0.12258064516129032,775.0,775.0
