,1,2,3,4,5,6,7,8,9,10,accuracy,macro avg,weighted avg
precision,0.049019607843137254,0.04950495049504951,0.08771929824561403,0.12903225806451613,0.13513513513513514,0.08955223880597014,0.10743801652892562,0.09210526315789473,0.10909090909090909,0.14285714285714285,0.09379128137384413,0.09914548202242945,0.10006202305228734
recall,0.08771929824561403,0.06944444444444445,0.05952380952380952,0.0963855421686747,0.16129032258064516,0.075,0.1780821917808219,0.08045977011494253,0.07228915662650602,0.07894736842105263,0.09379128137384413,0.0959141903906511,0.09379128137384413
f1-score,0.06289308176100629,0.057803468208092484,0.07092198581560283,0.1103448275862069,0.14705882352941174,0.08163265306122448,0.134020618556701,0.08588957055214723,0.08695652173913043,0.1016949152542373,0.09379128137384413,0.09392164660637606,0.09341239739708476
support,57.0,72.0,84.0,83.0,62.0,80.0,73.0,87.0,83.0,76.0,0.09379128137384413,757.0,757.0
