,1,2,3,4,5,6,7,8,9,10,accuracy,macro avg,weighted avg
precision,0.0375,0.1188118811881188,0.14705882352941177,0.1346153846153846,0.024390243902439025,0.10256410256410256,0.10256410256410256,0.060240963855421686,0.07894736842105263,0.06722689075630252,0.08645161290322581,0.0873919761396336,0.08806041730810975
recall,0.02702702702702703,0.12244897959183673,0.13513513513513514,0.0945945945945946,0.014285714285714285,0.038461538461538464,0.1095890410958904,0.07352941176470588,0.14754098360655737,0.19047619047619047,0.08645161290322581,0.09530886160391905,0.08645161290322581
f1-score,0.031413612565445025,0.12060301507537688,0.14084507042253522,0.11111111111111112,0.018018018018018018,0.055944055944055944,0.10596026490066225,0.06622516556291391,0.10285714285714284,0.09937888198757765,0.08645161290322581,0.08523563384448388,0.08221524688887058
support,111.0,98.0,74.0,74.0,70.0,104.0,73.0,68.0,61.0,42.0,0.08645161290322581,775.0,775.0
