,1,2,3,4,5,6,7,8,9,10,accuracy,macro avg,weighted avg
precision,0.08,0.13095238095238096,0.1111111111111111,0.125,0.0625,0.16071428571428573,0.05660377358490566,0.20930232558139536,0.11764705882352941,0.09523809523809523,0.11889035667107001,0.11490690310057032,0.11859078802744427
recall,0.07017543859649122,0.1527777777777778,0.09523809523809523,0.12048192771084337,0.04838709677419355,0.1125,0.0410958904109589,0.20689655172413793,0.14457831325301204,0.15789473684210525,0.11889035667107001,0.11500258283276155,0.11889035667107001
f1-score,0.07476635514018691,0.14102564102564105,0.10256410256410256,0.12269938650306748,0.05454545454545454,0.1323529411764706,0.04761904761904762,0.20809248554913293,0.12972972972972974,0.1188118811881188,0.11889035667107001,0.11322070250409522,0.11699144362581437
support,57.0,72.0,84.0,83.0,62.0,80.0,73.0,87.0,83.0,76.0,0.11889035667107001,757.0,757.0
