,1,2,3,4,5,6,7,8,9,10,accuracy,macro avg,weighted avg
precision,0.09243697478991597,0.1554054054054054,0.10989010989010989,0.13636363636363635,0.0273972602739726,0.05426356589147287,0.08196721311475409,0.13636363636363635,0.11904761904761904,0.07272727272727272,0.10262008733624454,0.09858626938677953,0.10073076052457093
recall,0.13580246913580246,0.25555555555555554,0.11363636363636363,0.22058823529411764,0.029411764705882353,0.09859154929577464,0.04807692307692308,0.11009174311926606,0.04201680672268908,0.03389830508474576,0.10262008733624454,0.10876697156271202,0.10262008733624454
f1-score,0.11,0.19327731092436976,0.11173184357541897,0.16853932584269662,0.028368794326241134,0.06999999999999999,0.06060606060606061,0.12182741116751268,0.06211180124223603,0.04624277456647399,0.10262008733624454,0.09727053222510097,0.09489877975576105
support,81.0,90.0,88.0,68.0,68.0,71.0,104.0,109.0,119.0,118.0,0.10262008733624454,916.0,916.0
