,1,2,3,4,5,6,7,8,9,10,accuracy,macro avg,weighted avg
precision,0.1686746987951807,0.03571428571428571,0.13675213675213677,0.05952380952380952,0.07894736842105263,0.08,0.13829787234042554,0.14,0.12295081967213115,0.1320754716981132,0.11353711790393013,0.10929364629171352,0.11339104407849261
recall,0.1728395061728395,0.03333333333333333,0.18181818181818182,0.07352941176470588,0.08823529411764706,0.056338028169014086,0.125,0.12844036697247707,0.12605042016806722,0.11864406779661017,0.11353711790393013,0.1104228610312876,0.11353711790393013
f1-score,0.17073170731707316,0.03448275862068965,0.15609756097560976,0.06578947368421052,0.08333333333333334,0.06611570247933884,0.1313131313131313,0.1339712918660287,0.12448132780082988,0.125,0.11353711790393013,0.10913162873902453,0.11280194559594565
support,81.0,90.0,88.0,68.0,68.0,71.0,104.0,109.0,119.0,118.0,0.11353711790393013,916.0,916.0
