,1,2,3,4,5,6,7,8,9,10,accuracy,macro avg,weighted avg
precision,0.038461538461538464,0.14814814814814814,0.14285714285714285,0.14084507042253522,0.10204081632653061,0.17777777777777778,0.11904761904761904,0.13953488372093023,0.037383177570093455,0.041666666666666664,0.10451612903225807,0.10877628409989823,0.11306152415156986
recall,0.018018018018018018,0.12244897959183673,0.06756756756756757,0.13513513513513514,0.07142857142857142,0.15384615384615385,0.136986301369863,0.17647058823529413,0.06557377049180328,0.11904761904761904,0.10451612903225807,0.10665227047318622,0.10451612903225807
f1-score,0.024539877300613498,0.13407821229050276,0.09174311926605505,0.13793103448275862,0.08403361344537814,0.16494845360824742,0.12738853503184713,0.15584415584415584,0.04761904761904762,0.0617283950617284,0.10451612903225807,0.10298544439503346,0.1048910849429235
support,111.0,98.0,74.0,74.0,70.0,104.0,73.0,68.0,61.0,42.0,0.10451612903225807,775.0,775.0
