,1,2,3,4,5,6,7,8,9,10,accuracy,macro avg,weighted avg
precision,0.14084507042253522,0.125,0.18840579710144928,0.12962962962962962,0.125,0.13953488372093023,0.11538461538461539,0.15714285714285714,0.11029411764705882,0.10135135135135136,0.12813738441215325,0.1332588322400427,0.13405274225819552
recall,0.17543859649122806,0.06944444444444445,0.15476190476190477,0.08433734939759036,0.0967741935483871,0.075,0.1232876712328767,0.12643678160919541,0.18072289156626506,0.19736842105263158,0.12813738441215325,0.12835722541045236,0.12813738441215325
f1-score,0.15625,0.08928571428571429,0.16993464052287582,0.10218978102189781,0.10909090909090909,0.0975609756097561,0.11920529801324503,0.14012738853503184,0.13698630136986303,0.13392857142857142,0.12813738441215325,0.12545595798778647,0.12562893192802124
support,57.0,72.0,84.0,83.0,62.0,80.0,73.0,87.0,83.0,76.0,0.12813738441215325,757.0,757.0
