,1,2,3,4,5,6,7,8,9,10,accuracy,macro avg,weighted avg
precision,0.07462686567164178,0.12,0.15217391304347827,0.09615384615384616,0.10714285714285714,0.0958904109589041,0.16901408450704225,0.19402985074626866,0.0782608695652174,0.1308411214953271,0.11889035667107001,0.1218133819284583,0.1236848109389324
recall,0.08771929824561403,0.125,0.08333333333333333,0.060240963855421686,0.14516129032258066,0.0875,0.1643835616438356,0.14942528735632185,0.10843373493975904,0.18421052631578946,0.11889035667107001,0.11954079960126555,0.11889035667107001
f1-score,0.08064516129032258,0.12244897959183673,0.1076923076923077,0.07407407407407407,0.12328767123287672,0.0915032679738562,0.16666666666666666,0.16883116883116883,0.09090909090909093,0.1530054644808743,0.11889035667107001,0.11790638527430745,0.11836241476061933
support,57.0,72.0,84.0,83.0,62.0,80.0,73.0,87.0,83.0,76.0,0.11889035667107001,757.0,757.0
