,1,2,3,4,5,6,7,8,9,10,accuracy,macro avg,weighted avg
precision,0.07407407407407407,0.13114754098360656,0.1746031746031746,0.13846153846153847,0.1320754716981132,0.10909090909090909,0.10638297872340426,0.1111111111111111,0.07207207207207207,0.15053763440860216,0.11624834874504623,0.11995565052266058,0.12099767214674098
recall,0.10526315789473684,0.1111111111111111,0.13095238095238096,0.10843373493975904,0.11290322580645161,0.075,0.136986301369863,0.10344827586206896,0.0963855421686747,0.18421052631578946,0.11624834874504623,0.11646942564208355,0.11624834874504623
f1-score,0.08695652173913043,0.12030075187969924,0.14965986394557823,0.12162162162162161,0.12173913043478261,0.08888888888888888,0.11976047904191617,0.10714285714285715,0.0824742268041237,0.16568047337278105,0.11624834874504623,0.1164224814871379,0.11683508134890576
support,57.0,72.0,84.0,83.0,62.0,80.0,73.0,87.0,83.0,76.0,0.11624834874504623,757.0,757.0
