,1,2,3,4,5,6,7,8,9,10,accuracy,macro avg,weighted avg
precision,0.07446808510638298,0.1076923076923077,0.14754098360655737,0.1111111111111111,0.059322033898305086,0.09448818897637795,0.02564102564102564,0.14,0.19230769230769232,0.16326530612244897,0.10171730515191546,0.11158367344622092,0.11528759533491104
recall,0.12280701754385964,0.19444444444444445,0.10714285714285714,0.08433734939759036,0.11290322580645161,0.15,0.0136986301369863,0.08045977011494253,0.060240963855421686,0.10526315789473684,0.10171730515191546,0.10312974163372905,0.10171730515191546
f1-score,0.09271523178807946,0.1386138613861386,0.12413793103448276,0.0958904109589041,0.07777777777777778,0.11594202898550725,0.017857142857142856,0.10218978102189781,0.09174311926605505,0.128,0.10171730515191546,0.09848672850759857,0.0994528432837913
support,57.0,72.0,84.0,83.0,62.0,80.0,73.0,87.0,83.0,76.0,0.10171730515191546,757.0,757.0
