,1,2,3,4,5,6,7,8,9,10,accuracy,macro avg,weighted avg
precision,0.08196721311475409,0.10606060606060606,0.1487603305785124,0.10897435897435898,0.08823529411764706,0.04918032786885246,0.15555555555555556,0.13541666666666666,0.10843373493975904,0.20175438596491227,0.12554585152838427,0.11843384738416245,0.12426484064818676
recall,0.06172839506172839,0.07777777777777778,0.20454545454545456,0.25,0.08823529411764706,0.04225352112676056,0.1346153846153846,0.11926605504587157,0.07563025210084033,0.19491525423728814,0.12554585152838427,0.12489673886287529,0.12554585152838427
f1-score,0.07042253521126761,0.08974358974358973,0.1722488038277512,0.15178571428571427,0.08823529411764706,0.045454545454545456,0.1443298969072165,0.12682926829268293,0.0891089108910891,0.19827586206896552,0.12554585152838427,0.11764344208004696,0.12153161147053455
support,81.0,90.0,88.0,68.0,68.0,71.0,104.0,109.0,119.0,118.0,0.12554585152838427,916.0,916.0
