,1,2,3,4,5,6,7,8,9,10,accuracy,macro avg,weighted avg
precision,0.1320754716981132,0.07407407407407407,0.09090909090909091,0.102803738317757,0.13333333333333333,0.19718309859154928,0.0875,0.04878048780487805,0.16666666666666666,0.0449438202247191,0.1032258064516129,0.10782697816201817,0.11335953787642271
recall,0.06306306306306306,0.04081632653061224,0.13513513513513514,0.14864864864864866,0.14285714285714285,0.1346153846153846,0.0958904109589041,0.058823529411764705,0.14754098360655737,0.09523809523809523,0.1032258064516129,0.1062628720065308,0.1032258064516129
f1-score,0.08536585365853658,0.05263157894736842,0.10869565217391305,0.12154696132596686,0.1379310344827586,0.16,0.0915032679738562,0.05333333333333334,0.15652173913043477,0.061068702290076333,0.1032258064516129,0.10285981233162442,0.10372354466789908
support,111.0,98.0,74.0,74.0,70.0,104.0,73.0,68.0,61.0,42.0,0.1032258064516129,775.0,775.0
