,1,2,3,4,5,6,7,8,9,10,accuracy,macro avg,weighted avg
precision,0.13,0.12280701754385964,0.12244897959183673,0.15151515151515152,0.15384615384615385,0.056074766355140186,0.11235955056179775,0.21176470588235294,0.17647058823529413,0.10256410256410256,0.12945838837516513,0.13398510160956895,0.1350141706640418
recall,0.22807017543859648,0.19444444444444445,0.07142857142857142,0.12048192771084337,0.22580645161290322,0.075,0.136986301369863,0.20689655172413793,0.03614457831325301,0.05263157894736842,0.12945838837516513,0.13478905809899813,0.12945838837516513
f1-score,0.16560509554140126,0.15053763440860213,0.09022556390977443,0.13422818791946306,0.1830065359477124,0.06417112299465241,0.12345679012345678,0.20930232558139536,0.06,0.06956521739130435,0.12945838837516513,0.12500984738177623,0.1228094936376208
support,57.0,72.0,84.0,83.0,62.0,80.0,73.0,87.0,83.0,76.0,0.12945838837516513,757.0,757.0
