,1,2,3,4,5,6,7,8,9,10,accuracy,macro avg,weighted avg
precision,0.1076923076923077,0.09836065573770492,0.13815789473684212,0.09448818897637795,0.03076923076923077,0.07547169811320754,0.10526315789473684,0.15328467153284672,0.2328767123287671,0.21495327102803738,0.13209606986899564,0.1251317788810059,0.1357441464537295
recall,0.08641975308641975,0.06666666666666667,0.23863636363636365,0.17647058823529413,0.029411764705882353,0.056338028169014086,0.07692307692307693,0.1926605504587156,0.14285714285714285,0.19491525423728814,0.13209606986899564,0.1261299188975864,0.13209606986899564
f1-score,0.0958904109589041,0.07947019867549669,0.17500000000000002,0.12307692307692308,0.030075187969924814,0.06451612903225806,0.08888888888888889,0.17073170731707318,0.17708333333333334,0.20444444444444446,0.13209606986899564,0.12091772236972467,0.129220514775173
support,81.0,90.0,88.0,68.0,68.0,71.0,104.0,109.0,119.0,118.0,0.13209606986899564,916.0,916.0
