,1,2,3,4,5,6,7,8,9,10,accuracy,macro avg,weighted avg
precision,0.17857142857142858,0.16455696202531644,0.10714285714285714,0.10752688172043011,0.11538461538461539,0.125,0.13559322033898305,0.0684931506849315,0.1095890410958904,0.044444444444444446,0.11483870967741935,0.1156302601408897,0.12389410594522965
recall,0.13513513513513514,0.1326530612244898,0.12162162162162163,0.13513513513513514,0.08571428571428572,0.10576923076923077,0.1095890410958904,0.07352941176470588,0.13114754098360656,0.09523809523809523,0.11483870967741935,0.11255325586821963,0.11483870967741935
f1-score,0.15384615384615385,0.14689265536723162,0.1139240506329114,0.11976047904191617,0.09836065573770493,0.11458333333333333,0.1212121212121212,0.07092198581560283,0.11940298507462686,0.06060606060606061,0.11483870967741935,0.11195104806676628,0.11750604849820342
support,111.0,98.0,74.0,74.0,70.0,104.0,73.0,68.0,61.0,42.0,0.11483870967741935,775.0,775.0
