,1,2,3,4,5,6,7,8,9,10,accuracy,macro avg,weighted avg
precision,0.0975609756097561,0.06666666666666667,0.125,0.13846153846153847,0.07142857142857142,0.12941176470588237,0.07547169811320754,0.10714285714285714,0.11428571428571428,0.08333333333333333,0.09907529722589167,0.10087631197475273,0.10275390496677166
recall,0.14035087719298245,0.08333333333333333,0.09523809523809523,0.10843373493975904,0.08064516129032258,0.1375,0.1095890410958904,0.13793103448275862,0.04819277108433735,0.05263157894736842,0.09907529722589167,0.09938456276048475,0.09907529722589167
f1-score,0.11510791366906475,0.07407407407407407,0.1081081081081081,0.12162162162162161,0.07575757575757575,0.13333333333333333,0.08938547486033521,0.12060301507537688,0.06779661016949153,0.06451612903225808,0.09907529722589167,0.09703038557012394,0.09773017553324138
support,57.0,72.0,84.0,83.0,62.0,80.0,73.0,87.0,83.0,76.0,0.09907529722589167,757.0,757.0
