,1,2,3,4,5,6,7,8,9,10,accuracy,macro avg,weighted avg
precision,0.10112359550561797,0.17142857142857143,0.0975609756097561,0.10465116279069768,0.07462686567164178,0.2028985507246377,0.07777777777777778,0.030303030303030304,0.056818181818181816,0.07352941176470588,0.09806451612903226,0.09907181233946184,0.10787906508199355
recall,0.08108108108108109,0.12244897959183673,0.10810810810810811,0.12162162162162163,0.07142857142857142,0.1346153846153846,0.0958904109589041,0.029411764705882353,0.08196721311475409,0.11904761904761904,0.09806451612903226,0.09656207542737633,0.09806451612903226
f1-score,0.09,0.14285714285714288,0.10256410256410257,0.1125,0.072992700729927,0.161849710982659,0.08588957055214724,0.02985074626865672,0.06711409395973154,0.09090909090909093,0.09806451612903226,0.09565271588234578,0.1007206884249495
support,111.0,98.0,74.0,74.0,70.0,104.0,73.0,68.0,61.0,42.0,0.09806451612903226,775.0,775.0
