,1,2,3,4,5,6,7,8,9,10,accuracy,macro avg,weighted avg
precision,0.024390243902439025,0.15151515151515152,0.14035087719298245,0.14285714285714285,0.1951219512195122,0.0,0.23333333333333334,0.27058823529411763,0.09782608695652174,0.09302325581395349,0.15916955017301038,0.13490062780851542,0.13811871045756371
recall,0.017543859649122806,0.2830188679245283,0.17777777777777778,0.023809523809523808,0.3870967741935484,0.0,0.0958904109589041,0.35384615384615387,0.140625,0.07272727272727272,0.15916955017301038,0.1552335640886832,0.15916955017301038
f1-score,0.020408163265306124,0.19736842105263155,0.15686274509803919,0.04081632653061224,0.2594594594594594,0.0,0.13592233009708737,0.30666666666666664,0.11538461538461539,0.08163265306122448,0.15916955017301038,0.13145213806156425,0.135317408452421
support,57.0,53.0,45.0,42.0,62.0,62.0,73.0,65.0,64.0,55.0,0.15916955017301038,578.0,578.0
