,1,2,3,4,5,6,7,8,9,10,accuracy,macro avg,weighted avg
precision,0.045454545454545456,0.15151515151515152,0.125,0.05063291139240506,0.12422360248447205,1.0,0.0,0.08196721311475409,0.075,0.030303030303030304,0.08442503639010189,0.16840964542643586,0.18304272054999302
recall,0.03125,0.05952380952380952,0.12162162162162163,0.05405405405405406,0.2857142857142857,0.012987012987012988,0.0,0.07352941176470588,0.14754098360655737,0.07142857142857142,0.08442503639010189,0.08576497507006184,0.08442503639010189
f1-score,0.037037037037037035,0.08547008547008547,0.12328767123287672,0.05228758169934641,0.17316017316017315,0.025641025641025647,0.0,0.07751937984496124,0.09944751381215469,0.0425531914893617,0.08442503639010189,0.07164036593870218,0.07243500375104098
support,64.0,84.0,74.0,74.0,70.0,77.0,73.0,68.0,61.0,42.0,0.08442503639010189,687.0,687.0
