,1,2,3,4,5,6,7,8,9,10,accuracy,macro avg,weighted avg
precision,0.06806282722513089,0.1076923076923077,0.1746031746031746,0.058823529411764705,0.08088235294117647,0.24324324324324326,0.0847457627118644,0.0,0.0,0.061224489795918366,0.08879184861717612,0.08792776876245803,0.0929040969005451
recall,0.203125,0.08333333333333333,0.14864864864864866,0.02702702702702703,0.15714285714285714,0.11688311688311688,0.0684931506849315,0.0,0.0,0.07142857142857142,0.08879184861717612,0.0876081705148486,0.08879184861717612
f1-score,0.10196078431372549,0.09395973154362416,0.16058394160583941,0.03703703703703704,0.10679611650485438,0.15789473684210528,0.07575757575757576,0.0,0.0,0.06593406593406594,0.08879184861717612,0.07999239895388274,0.08293335772493657
support,64.0,84.0,74.0,74.0,70.0,77.0,73.0,68.0,61.0,42.0,0.08879184861717612,687.0,687.0
