,1,2,3,4,5,6,7,8,9,10,accuracy,macro avg,weighted avg
precision,0.0625,0.2631578947368421,0.06976744186046512,0.2,0.2125,0.0,0.1282051282051282,0.3113207547169811,0.08275862068965517,0.12698412698412698,0.17474048442906576,0.14571939671931985,0.14550156648549586
recall,0.017543859649122806,0.37735849056603776,0.06666666666666667,0.047619047619047616,0.27419354838709675,0.0,0.0684931506849315,0.5076923076923077,0.1875,0.14545454545454545,0.17474048442906576,0.16925216167197563,0.17474048442906576
f1-score,0.0273972602739726,0.3100775193798449,0.06818181818181818,0.07692307692307693,0.23943661971830982,0.0,0.08928571428571427,0.38596491228070173,0.11483253588516747,0.13559322033898302,0.17474048442906576,0.14476926772675885,0.14801429012220071
support,57.0,53.0,45.0,42.0,62.0,62.0,73.0,65.0,64.0,55.0,0.17474048442906576,578.0,578.0
