,1,2,3,4,5,6,7,8,9,10,accuracy,macro avg,weighted avg
precision,0.12195121951219512,0.0,0.0,0.14285714285714285,0.09774436090225563,0.22448979591836735,0.2564102564102564,0.0,0.0,0.0,0.09898107714701601,0.08434527756002172,0.08911510172784563
recall,0.078125,0.0,0.0,0.04054054054054054,0.5571428571428572,0.14285714285714285,0.136986301369863,0.0,0.0,0.0,0.09898107714701601,0.09556518419104035,0.09898107714701601
f1-score,0.09523809523809523,0.0,0.0,0.06315789473684211,0.16631130063965882,0.17460317460317462,0.17857142857142855,0.0,0.0,0.0,0.09898107714701601,0.06778818937891994,0.0711657526647733
support,64.0,84.0,74.0,74.0,70.0,77.0,73.0,68.0,61.0,42.0,0.09898107714701601,687.0,687.0
