,1,2,3,4,5,6,7,8,9,10,accuracy,macro avg,weighted avg
precision,0.4,0.1388888888888889,0.024390243902439025,0.12030075187969924,0.20588235294117646,0.16228070175438597,0.06,0.06666666666666667,0.08333333333333333,0.25,0.14186851211072665,0.15117429393665896,0.15040498222051862
recall,0.17543859649122806,0.09433962264150944,0.022222222222222223,0.38095238095238093,0.11290322580645161,0.5967741935483871,0.0410958904109589,0.015384615384615385,0.015625,0.01818181818181818,0.14186851211072665,0.14729175656395718,0.14186851211072665
f1-score,0.24390243902439024,0.11235955056179775,0.023255813953488372,0.18285714285714286,0.14583333333333331,0.25517241379310346,0.04878048780487805,0.025,0.02631578947368421,0.03389830508474576,0.14186851211072665,0.1097375275886564,0.10757950877101122
support,57.0,53.0,45.0,42.0,62.0,62.0,73.0,65.0,64.0,55.0,0.14186851211072665,578.0,578.0
