,1,2,3,4,5,6,7,8,9,10,accuracy,macro avg,weighted avg
precision,0.0,0.1232876712328767,0.23636363636363636,0.0,0.2642857142857143,0.0,0.3333333333333333,0.31746031746031744,0.0967741935483871,0.17142857142857143,0.20761245674740483,0.15429334376528364,0.16288356104038504
recall,0.0,0.16981132075471697,0.28888888888888886,0.0,0.5967741935483871,0.0,0.0410958904109589,0.6153846153846154,0.1875,0.10909090909090909,0.20761245674740483,0.20085458180784763,0.20761245674740483
f1-score,0.0,0.14285714285714285,0.26,0.0,0.36633663366336633,0.0,0.07317073170731707,0.418848167539267,0.12765957446808507,0.13333333333333333,0.20761245674740483,0.15222055835685117,0.15580352986597673
support,57.0,53.0,45.0,42.0,62.0,62.0,73.0,65.0,64.0,55.0,0.20761245674740483,578.0,578.0
