,1,2,3,4,5,6,7,8,9,10,accuracy,macro avg,weighted avg
precision,0.14035087719298245,0.11538461538461539,0.3684210526315789,0.16666666666666666,0.14545454545454545,0.1793478260869565,0.02040816326530612,0.0,0.0821917808219178,0.05128205128205128,0.13100436681222707,0.12695075787866206,0.13234380866607434
recall,0.25,0.07142857142857142,0.0945945945945946,0.04054054054054054,0.22857142857142856,0.42857142857142855,0.0136986301369863,0.0,0.09836065573770492,0.047619047619047616,0.13100436681222707,0.12733848972003023,0.13100436681222707
f1-score,0.1797752808988764,0.08823529411764706,0.15053763440860216,0.06521739130434784,0.17777777777777778,0.25287356321839083,0.01639344262295082,0.0,0.08955223880597014,0.049382716049382706,0.13100436681222707,0.10697453392039458,0.10994533530006252
support,64.0,84.0,74.0,74.0,70.0,77.0,73.0,68.0,61.0,42.0,0.13100436681222707,687.0,687.0
