,1,2,3,4,5,6,7,8,9,10,accuracy,macro avg,weighted avg
precision,0.09803921568627451,0.17708333333333334,0.11594202898550725,0.07216494845360824,0.07432432432432433,0.0,0.07407407407407407,0.02040816326530612,0.0,0.061855670103092786,0.08296943231441048,0.06938917582255207,0.07229291046709889
recall,0.078125,0.20238095238095238,0.10810810810810811,0.0945945945945946,0.15714285714285714,0.0,0.0273972602739726,0.014705882352941176,0.0,0.14285714285714285,0.08296943231441048,0.08253117977105688,0.08296943231441048
f1-score,0.08695652173913043,0.1888888888888889,0.11188811188811189,0.08187134502923976,0.10091743119266054,0.0,0.04,0.017094017094017092,0.0,0.08633093525179857,0.08296943231441048,0.07139472510838472,0.07357000945605528
support,64.0,84.0,74.0,74.0,70.0,77.0,73.0,68.0,61.0,42.0,0.08296943231441048,687.0,687.0
