,1,2,3,4,5,6,7,8,9,10,accuracy,macro avg,weighted avg
precision,0.15053763440860216,0.12121212121212122,0.0,0.09803921568627451,0.34146341463414637,0.05,0.07317073170731707,0.25862068965517243,0.16666666666666666,0.2,0.15992647058823528,0.14597104739703004,0.16062159028534312
recall,0.25925925925925924,0.15384615384615385,0.0,0.10638297872340426,0.20588235294117646,0.3,0.06521739130434782,0.4411764705882353,0.07317073170731707,0.08,0.15992647058823528,0.16849353383698942,0.15992647058823528
f1-score,0.19047619047619047,0.13559322033898305,0.0,0.1020408163265306,0.2568807339449541,0.08571428571428572,0.06896551724137931,0.32608695652173914,0.1016949152542373,0.11428571428571428,0.15992647058823528,0.1381738350104014,0.14679615529007897
support,54.0,52.0,67.0,47.0,68.0,10.0,46.0,68.0,82.0,50.0,0.15992647058823528,544.0,544.0
