,1,2,3,4,5,6,7,8,9,10,accuracy,macro avg,weighted avg
precision,0.02564102564102564,0.02564102564102564,0.1813953488372093,0.0,0.0,0.0,0.0,0.14285714285714285,0.17647058823529413,0.3333333333333333,0.09926470588235294,0.08853384645450309,0.10243194431302984
recall,0.037037037037037035,0.019230769230769232,0.582089552238806,0.0,0.0,0.0,0.0,0.029411764705882353,0.10975609756097561,0.02,0.09926470588235294,0.07975252207734702,0.09926470588235294
f1-score,0.030303030303030307,0.02197802197802198,0.2765957446808511,0.0,0.0,0.0,0.0,0.04878048780487805,0.13533834586466165,0.03773584905660377,0.09926470588235294,0.05507314796880468,0.06914107657592271
support,54.0,52.0,67.0,47.0,68.0,10.0,46.0,68.0,82.0,50.0,0.09926470588235294,544.0,544.0
