,1,2,3,4,5,6,7,8,9,10,accuracy,macro avg,weighted avg
precision,0.25,0.16901408450704225,0.20987654320987653,0.1134020618556701,0.15384615384615385,0.15979381443298968,0.14583333333333334,0.0,0.14285714285714285,0.0,0.15051903114186851,0.13446231340422085,0.13261149832310243
recall,0.03508771929824561,0.22641509433962265,0.37777777777777777,0.2619047619047619,0.0967741935483871,0.5,0.0958904109589041,0.0,0.015625,0.0,0.15051903114186851,0.16094749578276993,0.15051903114186851
f1-score,0.061538461538461535,0.1935483870967742,0.26984126984126977,0.15827338129496404,0.11881188118811879,0.24218749999999997,0.11570247933884298,0.0,0.028169014084507043,0.0,0.15051903114186851,0.11880723743829383,0.11278054586137426
support,57.0,53.0,45.0,42.0,62.0,62.0,73.0,65.0,64.0,55.0,0.15051903114186851,578.0,578.0
