,1,2,3,4,5,6,7,8,9,10,accuracy,macro avg,weighted avg
precision,0.0,0.14814814814814814,0.24242424242424243,0.08695652173913043,0.16521739130434782,0.2222222222222222,0.2222222222222222,0.28169014084507044,0.14423076923076922,0.16666666666666666,0.17301038062283736,0.16797783248028195,0.1719098442685489
recall,0.0,0.22641509433962265,0.35555555555555557,0.047619047619047616,0.3064516129032258,0.03225806451612903,0.0273972602739726,0.3076923076923077,0.234375,0.21818181818181817,0.17301038062283736,0.17559457610816792,0.17301038062283736
f1-score,0.0,0.17910447761194032,0.2882882882882883,0.061538461538461535,0.21468926553672316,0.056338028169014086,0.04878048780487805,0.29411764705882354,0.17857142857142858,0.1889763779527559,0.17301038062283736,0.15104044625323138,0.14940261724105455
support,57.0,53.0,45.0,42.0,62.0,62.0,73.0,65.0,64.0,55.0,0.17301038062283736,578.0,578.0
