,1,2,3,4,5,6,7,8,9,10,accuracy,macro avg,weighted avg
precision,0.034482758620689655,0.13761467889908258,0.20987654320987653,0.10666666666666667,0.0759493670886076,0.0,0.0,0.10975609756097561,0.12658227848101267,0.047619047619047616,0.11353711790393013,0.0848547438145959,0.08688808795895475
recall,0.015625,0.17857142857142858,0.22972972972972974,0.10810810810810811,0.08571428571428572,0.0,0.0,0.1323529411764706,0.32786885245901637,0.047619047619047616,0.11353711790393013,0.11255893933780867,0.11353711790393013
f1-score,0.02150537634408602,0.15544041450777205,0.21935483870967742,0.10738255033557047,0.08053691275167786,0.0,0.0,0.12,0.18264840182648404,0.047619047619047616,0.11353711790393013,0.09344875420943155,0.09541636404374916
support,64.0,84.0,74.0,74.0,70.0,77.0,73.0,68.0,61.0,42.0,0.11353711790393013,687.0,687.0
