,1,2,3,4,5,6,7,8,9,10,accuracy,macro avg,weighted avg
precision,0.0,0.14344262295081966,0.08695652173913043,0.0,0.012195121951219513,0.0,0.0,0.4,0.3333333333333333,0.25,0.08272058823529412,0.1225927599974503,0.14916857532349379
recall,0.0,0.6730769230769231,0.029850746268656716,0.0,0.014705882352941176,0.0,0.0,0.058823529411764705,0.012195121951219513,0.04,0.08272058823529412,0.08286522030615052,0.08272058823529412
f1-score,0.0,0.23648648648648649,0.04444444444444444,0.0,0.013333333333333334,0.0,0.0,0.10256410256410256,0.023529411764705882,0.06896551724137932,0.08272058823529412,0.0489323295834452,0.052451816806756556
support,54.0,52.0,67.0,47.0,68.0,10.0,46.0,68.0,82.0,50.0,0.08272058823529412,544.0,544.0
