,1,2,3,4,5,6,7,8,9,10,accuracy,macro avg,weighted avg
precision,0.15384615384615385,0.19696969696969696,0.19014084507042253,0.0847457627118644,0.10434782608695652,0.13846153846153847,0.0,0.058823529411764705,0.0,0.0,0.1453287197231834,0.09273353525583974,0.08685466225685713
recall,0.07017543859649122,0.49056603773584906,0.6,0.11904761904761904,0.1935483870967742,0.14516129032258066,0.0,0.015384615384615385,0.0,0.0,0.1453287197231834,0.16338833881839296,0.1453287197231834
f1-score,0.09638554216867469,0.2810810810810811,0.2887700534759358,0.09900990099009901,0.13559322033898302,0.14173228346456693,0.0,0.024390243902439025,0.0,0.0,0.1453287197231834,0.10669623254217794,0.09744617394185408
support,57.0,53.0,45.0,42.0,62.0,62.0,73.0,65.0,64.0,55.0,0.1453287197231834,578.0,578.0
