,1,2,3,4,5,6,7,8,9,10,accuracy,macro avg,weighted avg
precision,0.09523809523809523,0.11494252873563218,0.13725490196078433,0.08870967741935484,0.125,0.0,0.17647058823529413,0.02564102564102564,0.08045977011494253,0.05454545454545454,0.09024745269286755,0.08982620418905835,0.09177101475378209
recall,0.03125,0.11904761904761904,0.0945945945945946,0.14864864864864866,0.11428571428571428,0.0,0.0410958904109589,0.014705882352941176,0.22950819672131148,0.14285714285714285,0.09024745269286755,0.09359936889189309,0.09024745269286755
f1-score,0.047058823529411764,0.11695906432748537,0.112,0.11111111111111112,0.11940298507462688,0.0,0.06666666666666667,0.018691588785046728,0.11914893617021277,0.07894736842105263,0.09024745269286755,0.0789986544085614,0.07922318278159281
support,64.0,84.0,74.0,74.0,70.0,77.0,73.0,68.0,61.0,42.0,0.09024745269286755,687.0,687.0
