,1,2,3,4,5,6,7,8,9,10,accuracy,macro avg,weighted avg
precision,0.35135135135135137,0.16470588235294117,0.16161616161616163,0.14285714285714285,0.125,0.11242603550295859,0.06666666666666667,0.034482758620689655,0.0,0.0,0.13494809688581316,0.1159105998967912,0.1104803222191265
recall,0.22807017543859648,0.2641509433962264,0.35555555555555557,0.14285714285714285,0.08064516129032258,0.3064516129032258,0.0547945205479452,0.015384615384615385,0.0,0.0,0.13494809688581316,0.14479097273736302,0.13494809688581316
f1-score,0.276595744680851,0.20289855072463767,0.22222222222222227,0.14285714285714285,0.09803921568627451,0.1645021645021645,0.06015037593984962,0.021276595744680854,0.0,0.0,0.13494809688581316,0.11885420123578232,0.11171470998946506
support,57.0,53.0,45.0,42.0,62.0,62.0,73.0,65.0,64.0,55.0,0.13494809688581316,578.0,578.0
