,1,2,3,4,5,6,7,8,9,10,accuracy,macro avg,weighted avg
precision,0.42857142857142855,0.20588235294117646,0.2,0.061855670103092786,0.08955223880597014,0.1366906474820144,0.11864406779661017,0.025974025974025976,0.04878048780487805,0.14814814814814814,0.10726643598615918,0.14640990676273447,0.14288020974699533
recall,0.05263157894736842,0.1320754716981132,0.13333333333333333,0.14285714285714285,0.0967741935483871,0.3064516129032258,0.0958904109589041,0.03076923076923077,0.03125,0.07272727272727272,0.10726643598615918,0.10947602477429783,0.10726643598615918
f1-score,0.09375,0.16091954022988503,0.16,0.08633093525179857,0.09302325581395347,0.18905472636815923,0.10606060606060605,0.028169014084507043,0.0380952380952381,0.09756097560975609,0.10726643598615918,0.10529642915139034,0.10305290460657344
support,57.0,53.0,45.0,42.0,62.0,62.0,73.0,65.0,64.0,55.0,0.10726643598615918,578.0,578.0
