,1,2,3,4,5,6,7,8,9,10,accuracy,macro avg,weighted avg
precision,0.1282051282051282,0.2857142857142857,0.13333333333333333,0.11538461538461539,0.3023255813953488,0.04,0.08,0.21875,0.1794871794871795,0.10344827586206896,0.1488970588235294,0.158664839938196,0.1756252427988344
recall,0.18518518518518517,0.19230769230769232,0.08955223880597014,0.2553191489361702,0.19117647058823528,0.2,0.08695652173913043,0.10294117647058823,0.17073170731707318,0.06,0.1488970588235294,0.15341701413500447,0.1488970588235294
f1-score,0.15151515151515152,0.2298850574712644,0.10714285714285712,0.15894039735099338,0.23423423423423423,0.06666666666666667,0.08333333333333333,0.14,0.17500000000000002,0.0759493670886076,0.1488970588235294,0.1422667064803108,0.15235295506755578
support,54.0,52.0,67.0,47.0,68.0,10.0,46.0,68.0,82.0,50.0,0.1488970588235294,544.0,544.0
