,1,2,3,4,5,6,7,8,9,10,accuracy,macro avg,weighted avg
precision,0.17647058823529413,0.0958904109589041,0.23529411764705882,0.1827956989247312,0.19047619047619047,0.06060606060606061,0.09302325581395349,0.2948717948717949,0.1282051282051282,0.16666666666666666,0.17279411764705882,0.16242999124057825,0.17574772810607264
recall,0.2222222222222222,0.1346153846153846,0.1791044776119403,0.3617021276595745,0.11764705882352941,0.2,0.08695652173913043,0.3382352941176471,0.06097560975609756,0.08,0.17279411764705882,0.17814586965455265,0.17279411764705882
f1-score,0.19672131147540983,0.11199999999999999,0.20338983050847456,0.24285714285714288,0.14545454545454542,0.0930232558139535,0.08988764044943821,0.31506849315068497,0.08264462809917356,0.10810810810810811,0.17279411764705882,0.1589154955916931,0.16553538737414086
support,54.0,52.0,67.0,47.0,68.0,10.0,46.0,68.0,82.0,50.0,0.17279411764705882,544.0,544.0
