,1,2,3,4,5,6,7,8,9,10,accuracy,macro avg,weighted avg
precision,0.2608695652173913,0.14414414414414414,0.17333333333333334,0.09259259259259259,0.14583333333333334,0.14705882352941177,0.13253012048192772,0.04878048780487805,0.17391304347826086,0.1111111111111111,0.14013840830449828,0.14301665550263842,0.1426373423315357
recall,0.10526315789473684,0.3018867924528302,0.28888888888888886,0.11904761904761904,0.11290322580645161,0.24193548387096775,0.1506849315068493,0.03076923076923077,0.0625,0.03636363636363636,0.14013840830449828,0.14502429666012107,0.14013840830449828
f1-score,0.15,0.1951219512195122,0.21666666666666665,0.10416666666666667,0.12727272727272726,0.18292682926829268,0.141025641025641,0.03773584905660378,0.09195402298850575,0.0547945205479452,0.14013840830449828,0.1301664874712561,0.1278465294206397
support,57.0,53.0,45.0,42.0,62.0,62.0,73.0,65.0,64.0,55.0,0.14013840830449828,578.0,578.0
