,1,2,3,4,5,6,7,8,9,10,accuracy,macro avg,weighted avg
precision,0.15384615384615385,0.09876543209876543,0.2,0.0,0.15,0.0189873417721519,0.0,0.125,0.13793103448275862,0.0,0.07536764705882353,0.088452996219983,0.10485976658480851
recall,0.07407407407407407,0.15384615384615385,0.1044776119402985,0.0,0.08823529411764706,0.3,0.0,0.07352941176470588,0.0975609756097561,0.0,0.07536764705882353,0.08917235213526355,0.07536764705882353
f1-score,0.1,0.12030075187969926,0.1372549019607843,0.0,0.11111111111111112,0.03571428571428572,0.0,0.09259259259259259,0.1142857142857143,0.0,0.07536764705882353,0.07112593575441874,0.08167672942930182
support,54.0,52.0,67.0,47.0,68.0,10.0,46.0,68.0,82.0,50.0,0.07536764705882353,544.0,544.0
