,1,2,3,4,5,6,7,8,9,10,accuracy,macro avg,weighted avg
precision,0.03508771929824561,0.1111111111111111,0.2857142857142857,0.19607843137254902,0.25,0.0,0.041666666666666664,0.27848101265822783,0.16666666666666666,0.17307692307692307,0.17279411764705882,0.15378828165646757,0.17684732791395033
recall,0.037037037037037035,0.11538461538461539,0.14925373134328357,0.2127659574468085,0.35294117647058826,0.0,0.021739130434782608,0.3235294117647059,0.12195121951219512,0.18,0.17279411764705882,0.15146022793940161,0.17279411764705882
f1-score,0.036036036036036036,0.11320754716981132,0.196078431372549,0.2040816326530612,0.2926829268292683,0.0,0.028571428571428567,0.29931972789115646,0.14084507042253522,0.17647058823529413,0.17279411764705882,0.14872933891811405,0.17004617914911394
support,54.0,52.0,67.0,47.0,68.0,10.0,46.0,68.0,82.0,50.0,0.17279411764705882,544.0,544.0
