,1,2,3,4,5,6,7,8,9,10,accuracy,macro avg,weighted avg
precision,0.10897435897435898,0.0425531914893617,0.5384615384615384,0.125,0.1092436974789916,0.21739130434782608,0.125,0.0,0.0,0.1111111111111111,0.11499272197962154,0.13777352018631878,0.14239131998631427
recall,0.265625,0.023809523809523808,0.0945945945945946,0.02702702702702703,0.37142857142857144,0.2597402597402597,0.0273972602739726,0.0,0.0,0.07142857142857142,0.11499272197962154,0.11410508083025206,0.11499272197962154
f1-score,0.15454545454545454,0.03053435114503816,0.16091954022988506,0.044444444444444446,0.16883116883116883,0.2366863905325444,0.0449438202247191,0.0,0.0,0.08695652173913043,0.11499272197962154,0.0927861691692385,0.09407399728039068
support,64.0,84.0,74.0,74.0,70.0,77.0,73.0,68.0,61.0,42.0,0.11499272197962154,687.0,687.0
