,1,2,3,4,5,6,7,8,9,10,accuracy,macro avg,weighted avg
precision,0.0,0.1232876712328767,0.14130434782608695,0.06349206349206349,0.1111111111111111,0.0,0.05,0.022727272727272728,0.05154639175257732,0.021739130434782608,0.08442503639010189,0.058520798857677095,0.0619238784854515
recall,0.0,0.10714285714285714,0.17567567567567569,0.05405405405405406,0.34285714285714286,0.0,0.0136986301369863,0.014705882352941176,0.08196721311475409,0.023809523809523808,0.08442503639010189,0.08139109791439351,0.08442503639010189
f1-score,0.0,0.11464968152866241,0.1566265060240964,0.058394160583941604,0.1678321678321678,0.0,0.02150537634408602,0.017857142857142856,0.06329113924050633,0.022727272727272724,0.08442503639010189,0.062288344713787615,0.06534183036575623
support,64.0,84.0,74.0,74.0,70.0,77.0,73.0,68.0,61.0,42.0,0.08442503639010189,687.0,687.0
