,1,2,3,4,5,6,7,8,9,10,accuracy,macro avg,weighted avg
precision,0.10144927536231885,0.06382978723404255,0.2,0.10526315789473684,0.3404255319148936,0.013333333333333334,0.08163265306122448,0.16666666666666666,0.16883116883116883,0.09090909090909091,0.12683823529411764,0.1332340665207476,0.15423730421708495
recall,0.12962962962962962,0.057692307692307696,0.1044776119402985,0.0425531914893617,0.23529411764705882,0.1,0.08695652173913043,0.14705882352941177,0.15853658536585366,0.12,0.12683823529411764,0.11821987890330524,0.12683823529411764
f1-score,0.11382113821138211,0.06060606060606061,0.1372549019607843,0.06060606060606061,0.2782608695652174,0.023529411764705882,0.08421052631578947,0.15625,0.16352201257861637,0.10344827586206896,0.12683823529411764,0.11815092574706856,0.13525616944475244
support,54.0,52.0,67.0,47.0,68.0,10.0,46.0,68.0,82.0,50.0,0.12683823529411764,544.0,544.0
