,1,2,3,4,5,6,7,8,9,10,accuracy,macro avg,weighted avg
precision,0.020618556701030927,0.05319148936170213,0.2857142857142857,0.1935483870967742,0.09180327868852459,0.2564102564102564,0.06666666666666667,0.0,0.0,0.10526315789473684,0.08733624454148471,0.10732160785339775,0.11166033344002835
recall,0.03125,0.05952380952380952,0.08108108108108109,0.08108108108108109,0.4,0.12987012987012986,0.0136986301369863,0.0,0.0,0.047619047619047616,0.08733624454148471,0.08441237793121355,0.08733624454148471
f1-score,0.02484472049689441,0.056179775280898875,0.12631578947368421,0.11428571428571428,0.14933333333333335,0.17241379310344826,0.022727272727272728,0.0,0.0,0.06557377049180328,0.08733624454148471,0.07316741691930494,0.07606413273018593
support,64.0,84.0,74.0,74.0,70.0,77.0,73.0,68.0,61.0,42.0,0.08733624454148471,687.0,687.0
