,1,2,3,4,5,6,7,8,9,10,accuracy,macro avg,weighted avg
precision,0.0,0.1,0.015151515151515152,0.038461538461538464,0.16993464052287582,0.0,0.3333333333333333,0.26582278481012656,0.15384615384615385,0.0,0.13321799307958476,0.10765499661255432,0.12039985934561678
recall,0.0,0.09433962264150944,0.022222222222222223,0.023809523809523808,0.41935483870967744,0.0,0.0136986301369863,0.3230769230769231,0.34375,0.0,0.13321799307958476,0.12402517605968424,0.13321799307958476
f1-score,0.0,0.09708737864077671,0.018018018018018018,0.029411764705882353,0.24186046511627907,0.0,0.02631578947368421,0.29166666666666663,0.21256038647342998,0.0,0.13321799307958476,0.09169204690947369,0.09804556320560577
support,57.0,53.0,45.0,42.0,62.0,62.0,73.0,65.0,64.0,55.0,0.13321799307958476,578.0,578.0
