,1,2,3,4,5,6,7,8,9,10,accuracy,macro avg,weighted avg
precision,0.11764705882352941,0.09433962264150944,0.16666666666666666,0.07407407407407407,0.10416666666666667,0.0,0.1282051282051282,0.3076923076923077,0.25,0.16,0.14705882352941177,0.14027915247698822,0.16233565414673415
recall,0.18518518518518517,0.09615384615384616,0.11940298507462686,0.0425531914893617,0.14705882352941177,0.0,0.10869565217391304,0.23529411764705882,0.24390243902439024,0.08,0.14705882352941177,0.12582462402777939,0.14705882352941177
f1-score,0.14388489208633093,0.09523809523809523,0.1391304347826087,0.05405405405405405,0.12195121951219513,0.0,0.11764705882352941,0.26666666666666666,0.24691358024691357,0.10666666666666667,0.14705882352941177,0.12921526680770604,0.15073983947728556
support,54.0,52.0,67.0,47.0,68.0,10.0,46.0,68.0,82.0,50.0,0.14705882352941177,544.0,544.0
