,1,2,3,4,5,6,7,8,9,10,accuracy,macro avg,weighted avg
precision,0.02857142857142857,0.07317073170731707,0.18,0.028169014084507043,0.0,0.017094017094017096,0.07317073170731707,0.1111111111111111,0.0,1.0,0.08088235294117647,0.1511287034275698,0.14673534602691501
recall,0.018518518518518517,0.11538461538461539,0.40298507462686567,0.0425531914893617,0.0,0.2,0.06521739130434782,0.029411764705882353,0.0,0.02,0.08088235294117647,0.08940705560295915,0.08088235294117647
f1-score,0.02247191011235955,0.08955223880597016,0.24884792626728108,0.03389830508474577,0.0,0.03149606299212599,0.06896551724137931,0.04651162790697674,0.0,0.0392156862745098,0.08088235294117647,0.058095927468534835,0.06019702278914221
support,54.0,52.0,67.0,47.0,68.0,10.0,46.0,68.0,82.0,50.0,0.08088235294117647,544.0,544.0
