,1,2,3,4,5,6,7,8,9,10,accuracy,macro avg,weighted avg
precision,0.13095238095238096,0.0,0.0,0.0,0.09666666666666666,0.16,0.16666666666666666,0.03278688524590164,0.029411764705882353,0.05172413793103448,0.0975254730713246,0.06682085021685327,0.06671080837142546
recall,0.34375,0.0,0.0,0.0,0.4142857142857143,0.1038961038961039,0.0273972602739726,0.029411764705882353,0.01639344262295082,0.07142857142857142,0.0975254730713246,0.10065628572131954,0.0975254730713246
f1-score,0.18965517241379312,0.0,0.0,0.0,0.15675675675675677,0.12598425196850394,0.047058823529411764,0.031007751937984496,0.02105263157894737,0.060000000000000005,0.0975254730713246,0.06315153881853974,0.06136786489778214
support,64.0,84.0,74.0,74.0,70.0,77.0,73.0,68.0,61.0,42.0,0.0975254730713246,687.0,687.0
