,1,2,3,4,5,6,7,8,9,10,accuracy,macro avg,weighted avg
precision,0.05063291139240506,0.125,0.21428571428571427,0.09210526315789473,0.09644670050761421,0.21875,0.20833333333333334,0.0,0.0,0.10975609756097561,0.10480349344978165,0.11153100202379373,0.11619584734551426
recall,0.0625,0.09523809523809523,0.08108108108108109,0.0945945945945946,0.2714285714285714,0.18181818181818182,0.0684931506849315,0.0,0.0,0.21428571428571427,0.10480349344978165,0.106943938913117,0.10480349344978165
f1-score,0.055944055944055944,0.1081081081081081,0.11764705882352942,0.09333333333333334,0.14232209737827714,0.19858156028368792,0.10309278350515465,0.0,0.0,0.14516129032258063,0.10480349344978165,0.09641902876987271,0.09774370309877227
support,64.0,84.0,74.0,74.0,70.0,77.0,73.0,68.0,61.0,42.0,0.10480349344978165,687.0,687.0
