,1,2,3,4,5,6,7,8,9,10,accuracy,macro avg,weighted avg
precision,0.03571428571428571,0.1875,0.1206896551724138,0.09,0.125,0.0,0.1111111111111111,0.024390243902439025,0.11304347826086956,0.02127659574468085,0.10625909752547306,0.08287253699058,0.08724259921417687
recall,0.015625,0.14285714285714285,0.0945945945945946,0.12162162162162163,0.38571428571428573,0.0,0.0273972602739726,0.014705882352941176,0.21311475409836064,0.023809523809523808,0.10625909752547306,0.1039440065322443,0.10625909752547306
f1-score,0.021739130434782608,0.16216216216216214,0.10606060606060606,0.10344827586206898,0.18881118881118883,0.0,0.04395604395604396,0.01834862385321101,0.14772727272727273,0.022471910112359546,0.10625909752547306,0.08147252139796958,0.0846361687633205
support,64.0,84.0,74.0,74.0,70.0,77.0,73.0,68.0,61.0,42.0,0.10625909752547306,687.0,687.0
