,1,2,3,4,5,6,7,8,9,10,accuracy,macro avg,weighted avg
precision,0.12903225806451613,0.07627118644067797,0.1702127659574468,0.04285714285714286,0.02857142857142857,0.014492753623188406,0.0,0.07142857142857142,0.4,0.6666666666666666,0.09375,0.15995327736096387,0.1791004513481599
recall,0.14814814814814814,0.17307692307692307,0.3582089552238806,0.06382978723404255,0.014705882352941176,0.1,0.0,0.014705882352941176,0.024390243902439025,0.04,0.09375,0.09370658222913157,0.09375
f1-score,0.13793103448275862,0.10588235294117647,0.23076923076923078,0.05128205128205128,0.019417475728155338,0.02531645569620253,0.0,0.024390243902439025,0.04597701149425288,0.07547169811320754,0.09375,0.07164375544094745,0.07647379122580253
support,54.0,52.0,67.0,47.0,68.0,10.0,46.0,68.0,82.0,50.0,0.09375,544.0,544.0
