,1,2,3,4,5,6,7,8,9,10,accuracy,macro avg,weighted avg
precision,0.15294117647058825,0.2,0.2962962962962963,0.21311475409836064,0.3287671232876712,0.025,0.0967741935483871,0.29333333333333333,0.16470588235294117,0.23529411764705882,0.20588235294117646,0.20062268770346367,0.22206268568499044
recall,0.24074074074074073,0.19230769230769232,0.11940298507462686,0.2765957446808511,0.35294117647058826,0.1,0.06521739130434782,0.3235294117647059,0.17073170731707318,0.08,0.20588235294117646,0.19214668496606263,0.20588235294117646
f1-score,0.18705035971223025,0.19607843137254902,0.1702127659574468,0.24074074074074073,0.3404255319148936,0.04000000000000001,0.07792207792207793,0.30769230769230765,0.16766467065868262,0.11940298507462688,0.20588235294117646,0.18471898710455553,0.2036598325647892
support,54.0,52.0,67.0,47.0,68.0,10.0,46.0,68.0,82.0,50.0,0.20588235294117646,544.0,544.0
