,1,2,3,4,5,6,7,8,9,10,accuracy,macro avg,weighted avg
precision,0.16666666666666666,0.0,0.1357142857142857,0.07142857142857142,0.08571428571428572,0.143646408839779,0.08888888888888889,0.0,0.0,0.0,0.10726643598615918,0.06920591072524775,0.06802144430516222
recall,0.10526315789473684,0.0,0.4222222222222222,0.09523809523809523,0.04838709677419355,0.41935483870967744,0.0547945205479452,0.0,0.0,0.0,0.10726643598615918,0.11452599313868705,0.10726643598615918
f1-score,0.12903225806451615,0.0,0.2054054054054054,0.08163265306122448,0.061855670103092786,0.21399176954732507,0.06779661016949151,0.0,0.0,0.0,0.10726643598615918,0.07597143663510554,0.0727999086197074
support,57.0,53.0,45.0,42.0,62.0,62.0,73.0,65.0,64.0,55.0,0.10726643598615918,578.0,578.0
