,1,2,3,4,5,6,7,8,9,10,accuracy,macro avg,weighted avg
precision,0.07692307692307693,0.06578947368421052,0.168141592920354,0.1111111111111111,0.0625,0.0,0.0,0.043478260869565216,0.3333333333333333,0.10526315789473684,0.08272058823529412,0.0966540006736388,0.11740003805241112
recall,0.05555555555555555,0.09615384615384616,0.2835820895522388,0.2765957446808511,0.014705882352941176,0.0,0.0,0.014705882352941176,0.012195121951219513,0.04,0.08272058823529412,0.07934941225995935,0.08272058823529412
f1-score,0.06451612903225808,0.078125,0.21111111111111114,0.15853658536585366,0.023809523809523808,0.0,0.0,0.021978021978021976,0.023529411764705882,0.057971014492753624,0.08272058823529412,0.06395767975542281,0.06816829141043783
support,54.0,52.0,67.0,47.0,68.0,10.0,46.0,68.0,82.0,50.0,0.08272058823529412,544.0,544.0
