,1,2,3,4,5,6,7,8,9,10,accuracy,macro avg,weighted avg
precision,0.05405405405405406,0.06060606060606061,0.07142857142857142,0.1206896551724138,0.1565217391304348,0.08333333333333333,0.09523809523809523,0.308411214953271,0.07476635514018691,0.13513513513513514,0.1453287197231834,0.11601842141915561,0.11879594654538231
recall,0.03508771929824561,0.03773584905660377,0.022222222222222223,0.16666666666666666,0.2903225806451613,0.016129032258064516,0.0273972602739726,0.5076923076923077,0.125,0.18181818181818182,0.1453287197231834,0.14100718199314263,0.1453287197231834
f1-score,0.0425531914893617,0.046511627906976744,0.03389830508474576,0.14,0.2033898305084746,0.027027027027027025,0.0425531914893617,0.38372093023255816,0.0935672514619883,0.15503875968992248,0.1453287197231834,0.11682601148904166,0.11962905953344413
support,57.0,53.0,45.0,42.0,62.0,62.0,73.0,65.0,64.0,55.0,0.1453287197231834,578.0,578.0
