,1,2,3,4,5,6,7,8,9,10,accuracy,macro avg,weighted avg
precision,0.06349206349206349,0.12745098039215685,0.23809523809523808,0.0375,0.05970149253731343,0.0,0.06666666666666667,0.3333333333333333,0.09090909090909091,0.2,0.09558823529411764,0.12171488654258626,0.13790162434147177
recall,0.07407407407407407,0.5,0.14925373134328357,0.06382978723404255,0.058823529411764705,0.0,0.021739130434782608,0.029411764705882353,0.012195121951219513,0.02,0.09558823529411764,0.09293271391550494,0.09558823529411764
f1-score,0.06837606837606837,0.203125,0.18348623853211007,0.047244094488188976,0.05925925925925926,0.0,0.03278688524590164,0.05405405405405406,0.021505376344086023,0.03636363636363636,0.09558823529411764,0.07062006126633047,0.07640438018367207
support,54.0,52.0,67.0,47.0,68.0,10.0,46.0,68.0,82.0,50.0,0.09558823529411764,544.0,544.0
