,1,2,3,4,5,6,7,8,9,10,accuracy,macro avg,weighted avg
precision,0.0,0.16666666666666666,0.07692307692307693,0.0,0.20304568527918782,0.0,0.0,0.34545454545454546,0.10526315789473684,0.0,0.18166089965397925,0.08973531322182136,0.09355552221797586
recall,0.0,0.11320754716981132,0.022222222222222223,0.0,0.6451612903225806,0.0,0.0,0.5846153846153846,0.3125,0.0,0.18166089965397925,0.16777064443299988,0.18166089965397925
f1-score,0.0,0.1348314606741573,0.034482758620689655,0.0,0.3088803088803089,0.0,0.0,0.43428571428571433,0.15748031496062992,0.0,0.18166089965397925,0.10699605574215001,0.11445619773406966
support,57.0,53.0,45.0,42.0,62.0,62.0,73.0,65.0,64.0,55.0,0.18166089965397925,578.0,578.0
