,1,2,3,4,5,6,7,8,9,10,accuracy,macro avg,weighted avg
precision,0.029411764705882353,0.06,0.1111111111111111,0.07142857142857142,0.09569377990430622,0.0,0.16,0.06976744186046512,0.1111111111111111,0.02857142857142857,0.0858806404657933,0.07370952086928759,0.07500846851048591
recall,0.015625,0.03571428571428571,0.10810810810810811,0.10810810810810811,0.2857142857142857,0.0,0.0547945205479452,0.04411764705882353,0.18032786885245902,0.023809523809523808,0.0858806404657933,0.08563193479135392,0.0858806404657933
f1-score,0.02040816326530612,0.04477611940298507,0.1095890410958904,0.08602150537634409,0.14336917562724014,0.0,0.08163265306122448,0.05405405405405406,0.13749999999999998,0.025974025974025976,0.0858806404657933,0.07033247378570703,0.07087570254983502
support,64.0,84.0,74.0,74.0,70.0,77.0,73.0,68.0,61.0,42.0,0.0858806404657933,687.0,687.0
