,1,2,3,4,5,6,7,8,9,10,accuracy,macro avg,weighted avg
precision,0.16666666666666666,0.0,0.0,0.16666666666666666,0.0,0.0,0.0,0.5,0.25,0.0,0.09803921568627451,0.10833333333333332,0.10620915032679737
recall,0.2,0.0,0.0,0.4,0.0,0.0,0.0,0.2,0.2,0.0,0.09803921568627451,0.1,0.09803921568627451
f1-score,0.1818181818181818,0.0,0.0,0.23529411764705882,0.0,0.0,0.0,0.28571428571428575,0.22222222222222224,0.0,0.09803921568627451,0.09250488074017485,0.09069105954919104
support,5.0,5.0,5.0,5.0,5.0,6.0,5.0,5.0,5.0,5.0,0.09803921568627451,51.0,51.0
