,1,2,3,4,5,6,7,8,9,10,accuracy,macro avg,weighted avg
precision,0.3333333333333333,0.36363636363636365,0.1,0.5,0.4,0.0,0.3333333333333333,0.0,0.4,1.0,0.26,0.343030303030303,0.34303030303030296
recall,0.2,0.8,0.2,0.2,0.4,0.0,0.2,0.0,0.4,0.2,0.26,0.26,0.26
f1-score,0.25,0.5000000000000001,0.13333333333333333,0.28571428571428575,0.4000000000000001,0.0,0.25,0.0,0.4000000000000001,0.33333333333333337,0.26,0.2552380952380953,0.25523809523809526
support,5.0,5.0,5.0,5.0,5.0,5.0,5.0,5.0,5.0,5.0,0.26,50.0,50.0
