,1,2,3,4,5,6,7,8,9,10,accuracy,macro avg,weighted avg
precision,0.0,0.0,0.0,0.1,0.0,0.0,0.0,0.0,0.05555555555555555,0.25,0.0784313725490196,0.04055555555555555,0.039760348583877995
recall,0.0,0.0,0.0,0.2,0.0,0.0,0.0,0.0,0.2,0.4,0.0784313725490196,0.08,0.0784313725490196
f1-score,0.0,0.0,0.0,0.13333333333333333,0.0,0.0,0.0,0.0,0.08695652173913045,0.3076923076923077,0.0784313725490196,0.05279821627647715,0.05176295713380113
support,5.0,5.0,5.0,5.0,5.0,6.0,5.0,5.0,5.0,5.0,0.0784313725490196,51.0,51.0
