,1,2,3,4,5,6,7,8,9,10,accuracy,macro avg,weighted avg
precision,0.6666666666666666,0.0,0.0,0.0,0.0,0.5,0.3333333333333333,0.15384615384615385,0.09090909090909091,0.0,0.14,0.17447552447552445,0.1744755244755245
recall,0.4,0.0,0.0,0.0,0.0,0.2,0.2,0.4,0.2,0.0,0.14,0.14,0.14
f1-score,0.5,0.0,0.0,0.0,0.0,0.28571428571428575,0.25,0.2222222222222222,0.12500000000000003,0.0,0.14,0.1382936507936508,0.1382936507936508
support,5.0,5.0,5.0,5.0,5.0,5.0,5.0,5.0,5.0,5.0,0.14,50.0,50.0
