,1,2,3,4,5,6,7,8,9,10,accuracy,macro avg,weighted avg
precision,0.25,0.0,0.1,0.14285714285714285,0.14285714285714285,0.0,0.0,0.0,0.3333333333333333,0.5,0.11764705882352941,0.1469047619047619,0.14402427637721754
recall,0.2,0.0,0.2,0.2,0.2,0.0,0.0,0.0,0.2,0.2,0.11764705882352941,0.12,0.11764705882352941
f1-score,0.22222222222222224,0.0,0.13333333333333333,0.16666666666666666,0.16666666666666666,0.0,0.0,0.0,0.25,0.28571428571428575,0.11764705882352941,0.12246031746031746,0.12005913476501713
support,5.0,5.0,5.0,5.0,5.0,6.0,5.0,5.0,5.0,5.0,0.11764705882352941,51.0,51.0
