,1,2,3,4,5,6,7,8,9,10,accuracy,macro avg,weighted avg
precision,0.3333333333333333,0.0,0.0,0.1,0.3333333333333333,0.0,0.0,0.09090909090909091,0.16666666666666666,0.3333333333333333,0.12244897959183673,0.13575757575757574,0.1385281385281385
recall,0.2,0.0,0.0,0.2,0.2,0.0,0.0,0.2,0.2,0.2,0.12244897959183673,0.12,0.12244897959183673
f1-score,0.25,0.0,0.0,0.13333333333333333,0.25,0.0,0.0,0.12500000000000003,0.1818181818181818,0.25,0.12244897959183673,0.11901515151515149,0.12144403215831787
support,5.0,5.0,5.0,5.0,5.0,4.0,5.0,5.0,5.0,5.0,0.12244897959183673,49.0,49.0
