,1,2,3,4,5,6,7,8,9,10,accuracy,macro avg,weighted avg
precision,0.25,0.25,0.125,0.0,0.0,0.0,0.16666666666666666,0.14285714285714285,0.0,0.25,0.16,0.11845238095238095,0.11845238095238095
recall,0.2,0.4,0.2,0.0,0.0,0.0,0.4,0.2,0.0,0.2,0.16,0.16,0.16
f1-score,0.22222222222222224,0.3076923076923077,0.15384615384615385,0.0,0.0,0.0,0.23529411764705882,0.16666666666666666,0.0,0.22222222222222224,0.16,0.13079436902966318,0.13079436902966315
support,5.0,5.0,5.0,5.0,5.0,5.0,5.0,5.0,5.0,5.0,0.16,50.0,50.0
