,1,2,3,4,5,6,7,8,9,10,accuracy,macro avg,weighted avg
precision,0.0,0.16666666666666666,0.0,0.2,0.1111111111111111,0.0,0.0,0.0,0.0,0.0,0.09803921568627451,0.04777777777777778,0.046840958605664486
recall,0.0,0.4,0.0,0.4,0.2,0.0,0.0,0.0,0.0,0.0,0.09803921568627451,0.1,0.09803921568627451
f1-score,0.0,0.23529411764705882,0.0,0.26666666666666666,0.14285714285714285,0.0,0.0,0.0,0.0,0.0,0.09803921568627451,0.06448179271708683,0.06321744384028122
support,5.0,5.0,5.0,5.0,5.0,6.0,5.0,5.0,5.0,5.0,0.09803921568627451,51.0,51.0
