,1,2,3,4,5,6,7,8,9,10,accuracy,macro avg,weighted avg
precision,0.0,0.0,0.06666666666666667,0.0,0.0625,0.0,0.0,0.0,0.2857142857142857,0.0,0.08163265306122448,0.041488095238095234,0.042334791059280855
recall,0.0,0.0,0.2,0.0,0.2,0.0,0.0,0.0,0.4,0.0,0.08163265306122448,0.08,0.08163265306122448
f1-score,0.0,0.0,0.1,0.0,0.09523809523809523,0.0,0.0,0.0,0.3333333333333333,0.0,0.08163265306122448,0.05285714285714286,0.05393586005830903
support,5.0,5.0,5.0,5.0,5.0,4.0,5.0,5.0,5.0,5.0,0.08163265306122448,49.0,49.0
