,1,2,3,4,5,6,7,8,9,10,accuracy,macro avg,weighted avg
precision,0.0,0.0,0.0,0.0,0.0,0.0,0.1875,0.14285714285714285,0.5,0.0,0.10204081632653061,0.08303571428571428,0.08473032069970846
recall,0.0,0.0,0.0,0.0,0.0,0.0,0.6,0.2,0.2,0.0,0.10204081632653061,0.1,0.10204081632653061
f1-score,0.0,0.0,0.0,0.0,0.0,0.0,0.2857142857142857,0.16666666666666666,0.28571428571428575,0.0,0.10204081632653061,0.07380952380952381,0.07531584062196307
support,5.0,5.0,5.0,5.0,5.0,4.0,5.0,5.0,5.0,5.0,0.10204081632653061,49.0,49.0
