,1,2,3,4,5,6,7,8,9,10,accuracy,macro avg,weighted avg
precision,0.07142857142857142,0.0,0.0,0.0,0.0,0.0,0.3333333333333333,0.0,0.0,0.0,0.0392156862745098,0.04047619047619048,0.03968253968253968
recall,0.2,0.0,0.0,0.0,0.0,0.0,0.2,0.0,0.0,0.0,0.0392156862745098,0.04,0.0392156862745098
f1-score,0.10526315789473682,0.0,0.0,0.0,0.0,0.0,0.25,0.0,0.0,0.0,0.0392156862745098,0.035526315789473684,0.0348297213622291
support,5.0,5.0,5.0,5.0,5.0,6.0,5.0,5.0,5.0,5.0,0.0392156862745098,51.0,51.0
