,1,2,3,4,5,6,7,8,9,10,accuracy,macro avg,weighted avg
precision,0.2222222222222222,0.0,0.0,0.17391304347826086,0.6666666666666666,0.25,0.3333333333333333,0.0,0.0,0.0,0.2,0.1646135265700483,0.1646135265700483
recall,0.4,0.0,0.0,0.8,0.4,0.2,0.2,0.0,0.0,0.0,0.2,0.2,0.2
f1-score,0.2857142857142857,0.0,0.0,0.2857142857142857,0.5,0.22222222222222224,0.25,0.0,0.0,0.0,0.2,0.15436507936507934,0.15436507936507934
support,5.0,5.0,5.0,5.0,5.0,5.0,5.0,5.0,5.0,5.0,0.2,50.0,50.0
