,1,2,3,4,5,6,7,8,9,10,accuracy,macro avg,weighted avg
precision,0.14285714285714285,0.1111111111111111,0.0,0.0,0.0,0.0,0.2222222222222222,0.0,0.2222222222222222,0.3333333333333333,0.14285714285714285,0.10317460317460317,0.10528020732102364
recall,0.2,0.2,0.0,0.0,0.0,0.0,0.4,0.0,0.4,0.2,0.14285714285714285,0.14,0.14285714285714285
f1-score,0.16666666666666666,0.14285714285714285,0.0,0.0,0.0,0.0,0.2857142857142857,0.0,0.2857142857142857,0.25,0.14285714285714285,0.1130952380952381,0.11540330417881438
support,5.0,5.0,5.0,5.0,5.0,4.0,5.0,5.0,5.0,5.0,0.14285714285714285,49.0,49.0
