,1,2,3,4,5,6,7,8,9,10,accuracy,macro avg,weighted avg
precision,0.3333333333333333,0.0,0.0,0.2,0.16666666666666666,0.14285714285714285,0.2,0.0,0.0,0.0,0.1,0.10428571428571427,0.10428571428571427
recall,0.2,0.0,0.0,0.2,0.2,0.2,0.2,0.0,0.0,0.0,0.1,0.1,0.1
f1-score,0.25,0.0,0.0,0.20000000000000004,0.1818181818181818,0.16666666666666666,0.20000000000000004,0.0,0.0,0.0,0.1,0.09984848484848485,0.09984848484848484
support,5.0,5.0,5.0,5.0,5.0,5.0,5.0,5.0,5.0,5.0,0.1,50.0,50.0
