,1,2,3,4,5,6,7,8,9,10,accuracy,macro avg,weighted avg
precision,0.0,0.0,0.5,0.25,0.0,0.0,0.07142857142857142,0.25,0.3333333333333333,0.09090909090909091,0.14285714285714285,0.14956709956709954,0.15261948935418324
recall,0.0,0.0,0.2,0.2,0.0,0.0,0.2,0.2,0.4,0.2,0.14285714285714285,0.14,0.14285714285714285
f1-score,0.0,0.0,0.28571428571428575,0.22222222222222224,0.0,0.0,0.10526315789473682,0.22222222222222224,0.3636363636363636,0.12500000000000003,0.14285714285714285,0.13240582516898308,0.13510798486630926
support,5.0,5.0,5.0,5.0,5.0,4.0,5.0,5.0,5.0,5.0,0.14285714285714285,49.0,49.0
