,1,2,3,4,5,6,7,8,9,10,accuracy,macro avg,weighted avg
precision,0.4,0.0,0.0,0.4,0.125,0.0,0.0,0.0,0.0,0.2,0.12244897959183673,0.1125,0.11479591836734694
recall,0.4,0.0,0.0,0.4,0.2,0.0,0.0,0.0,0.0,0.2,0.12244897959183673,0.12,0.12244897959183673
f1-score,0.4000000000000001,0.0,0.0,0.4000000000000001,0.15384615384615385,0.0,0.0,0.0,0.0,0.20000000000000004,0.12244897959183673,0.11538461538461539,0.11773940345368919
support,5.0,5.0,5.0,5.0,5.0,4.0,5.0,5.0,5.0,5.0,0.12244897959183673,49.0,49.0
