,1,2,3,4,5,6,7,8,9,10,accuracy,macro avg,weighted avg
precision,0.0,0.0,0.0,0.14285714285714285,0.0,0.0,0.0,0.0,0.2,0.0,0.0392156862745098,0.03428571428571429,0.03361344537815126
recall,0.0,0.0,0.0,0.2,0.0,0.0,0.0,0.0,0.2,0.0,0.0392156862745098,0.04,0.0392156862745098
f1-score,0.0,0.0,0.0,0.16666666666666666,0.0,0.0,0.0,0.0,0.20000000000000004,0.0,0.0392156862745098,0.03666666666666667,0.03594771241830066
support,5.0,5.0,5.0,5.0,5.0,6.0,5.0,5.0,5.0,5.0,0.0392156862745098,51.0,51.0
