,1,2,3,4,5,6,7,8,9,10,accuracy,macro avg,weighted avg
precision,0.0,0.0,0.0,0.0,0.0,0.0,0.0,0.0,0.08,0.2857142857142857,0.0784313725490196,0.036571428571428574,0.035854341736694675
recall,0.0,0.0,0.0,0.0,0.0,0.0,0.0,0.0,0.4,0.4,0.0784313725490196,0.08,0.0784313725490196
f1-score,0.0,0.0,0.0,0.0,0.0,0.0,0.0,0.0,0.13333333333333333,0.3333333333333333,0.0784313725490196,0.04666666666666667,0.0457516339869281
support,5.0,5.0,5.0,5.0,5.0,6.0,5.0,5.0,5.0,5.0,0.0784313725490196,51.0,51.0
