,1,2,3,4,5,6,7,8,9,10,accuracy,macro avg,weighted avg
precision,0.0,0.0,0.1111111111111111,0.0,0.0,0.0,0.0,0.14285714285714285,0.1111111111111111,0.0,0.08,0.0365079365079365,0.03650793650793651
recall,0.0,0.0,0.2,0.0,0.0,0.0,0.0,0.4,0.2,0.0,0.08,0.08,0.08
f1-score,0.0,0.0,0.14285714285714285,0.0,0.0,0.0,0.0,0.21052631578947364,0.14285714285714285,0.0,0.08,0.04962406015037593,0.04962406015037593
support,5.0,5.0,5.0,5.0,5.0,5.0,5.0,5.0,5.0,5.0,0.08,50.0,50.0
