,1,2,3,4,5,6,7,8,9,10,accuracy,macro avg,weighted avg
precision,0.0625,0.0,0.0,0.0,0.0,0.0,0.25,0.0,0.0,0.0,0.0392156862745098,0.03125,0.030637254901960783
recall,0.2,0.0,0.0,0.0,0.0,0.0,0.2,0.0,0.0,0.0,0.0392156862745098,0.04,0.0392156862745098
f1-score,0.09523809523809523,0.0,0.0,0.0,0.0,0.0,0.22222222222222224,0.0,0.0,0.0,0.0392156862745098,0.031746031746031744,0.031123560535325244
support,5.0,5.0,5.0,5.0,5.0,6.0,5.0,5.0,5.0,5.0,0.0392156862745098,51.0,51.0
