,1,2,3,4,5,6,7,8,9,10,accuracy,macro avg,weighted avg
precision,0.3333333333333333,0.0,0.0,0.5,0.0,0.2,0.16666666666666666,0.5,0.0,0.1111111111111111,0.13725490196078433,0.1811111111111111,0.18148148148148147
recall,0.2,0.0,0.0,0.2,0.0,0.3333333333333333,0.2,0.2,0.0,0.2,0.13725490196078433,0.13333333333333333,0.13725490196078433
f1-score,0.25,0.0,0.0,0.28571428571428575,0.0,0.25,0.1818181818181818,0.28571428571428575,0.0,0.14285714285714285,0.13725490196078433,0.1396103896103896,0.14177489177489178
support,5.0,5.0,5.0,5.0,5.0,6.0,5.0,5.0,5.0,5.0,0.13725490196078433,51.0,51.0
