,1,2,3,4,5,6,7,8,9,10,accuracy,macro avg,weighted avg
precision,0.0,0.08333333333333333,0.0,0.0,0.08333333333333333,0.0,0.0,0.0,0.0,0.0,0.0392156862745098,0.016666666666666666,0.01633986928104575
recall,0.0,0.2,0.0,0.0,0.2,0.0,0.0,0.0,0.0,0.0,0.0392156862745098,0.04,0.0392156862745098
f1-score,0.0,0.11764705882352941,0.0,0.0,0.11764705882352941,0.0,0.0,0.0,0.0,0.0,0.0392156862745098,0.023529411764705882,0.02306805074971165
support,5.0,5.0,5.0,5.0,5.0,6.0,5.0,5.0,5.0,5.0,0.0392156862745098,51.0,51.0
