,1,2,3,4,5,6,7,8,9,10,accuracy,macro avg,weighted avg
precision,0.23076923076923078,0.0,0.0,0.0,0.0,0.0,0.0,0.0625,0.0,0.0,0.08,0.029326923076923077,0.02932692307692308
recall,0.6,0.0,0.0,0.0,0.0,0.0,0.0,0.2,0.0,0.0,0.08,0.08,0.08
f1-score,0.33333333333333337,0.0,0.0,0.0,0.0,0.0,0.0,0.09523809523809523,0.0,0.0,0.08,0.04285714285714286,0.042857142857142864
support,5.0,5.0,5.0,5.0,5.0,5.0,5.0,5.0,5.0,5.0,0.08,50.0,50.0
