,1,2,3,4,5,6,7,8,9,10,accuracy,macro avg,weighted avg
precision,0.0,0.0,0.0,0.1,0.14285714285714285,0.0,0.5,0.16666666666666666,0.0,0.2727272727272727,0.16326530612244897,0.11822510822510823,0.12063786553582471
recall,0.0,0.0,0.0,0.2,0.2,0.0,0.4,0.2,0.0,0.6,0.16326530612244897,0.16,0.16326530612244897
f1-score,0.0,0.0,0.0,0.13333333333333333,0.16666666666666666,0.0,0.4444444444444445,0.1818181818181818,0.0,0.37499999999999994,0.16326530612244897,0.13012626262626262,0.1327819006390435
support,5.0,5.0,5.0,5.0,5.0,4.0,5.0,5.0,5.0,5.0,0.16326530612244897,49.0,49.0
