,1,2,3,4,5,6,7,8,9,10,accuracy,macro avg,weighted avg
precision,0.0,0.0,0.5,0.3333333333333333,0.0,0.0,0.07142857142857142,0.6666666666666666,0.2,0.1,0.16326530612244897,0.1871428571428571,0.1909620991253644
recall,0.0,0.0,0.2,0.4,0.0,0.0,0.2,0.4,0.2,0.2,0.16326530612244897,0.16,0.16326530612244897
f1-score,0.0,0.0,0.28571428571428575,0.3636363636363636,0.0,0.0,0.10526315789473682,0.5,0.20000000000000004,0.13333333333333333,0.16326530612244897,0.15879471405787193,0.1620354225080326
support,5.0,5.0,5.0,5.0,5.0,4.0,5.0,5.0,5.0,5.0,0.16326530612244897,49.0,49.0
