,1,2,3,4,5,6,7,8,9,10,accuracy,macro avg,weighted avg
precision,0.14285714285714285,0.0,0.0,0.2222222222222222,0.3333333333333333,0.14285714285714285,0.0,0.0,0.3333333333333333,0.0,0.2,0.11746031746031745,0.11746031746031743
recall,0.2,0.0,0.0,0.8,0.6,0.2,0.0,0.0,0.2,0.0,0.2,0.2,0.2
f1-score,0.16666666666666666,0.0,0.0,0.3478260869565218,0.42857142857142855,0.16666666666666666,0.0,0.0,0.25,0.0,0.2,0.1359730848861284,0.13597308488612836
support,5.0,5.0,5.0,5.0,5.0,5.0,5.0,5.0,5.0,5.0,0.2,50.0,50.0
