,1,2,3,4,5,6,7,8,9,10,accuracy,macro avg,weighted avg
precision,0.0,0.25,0.2,0.2222222222222222,0.0,0.0,0.16666666666666666,0.14285714285714285,0.0,0.0,0.14,0.09817460317460318,0.09817460317460316
recall,0.0,0.2,0.2,0.4,0.0,0.0,0.4,0.2,0.0,0.0,0.14,0.14,0.14
f1-score,0.0,0.22222222222222224,0.20000000000000004,0.2857142857142857,0.0,0.0,0.23529411764705882,0.16666666666666666,0.0,0.0,0.14,0.11098972922502334,0.11098972922502334
support,5.0,5.0,5.0,5.0,5.0,5.0,5.0,5.0,5.0,5.0,0.14,50.0,50.0
