,1,2,3,4,5,6,7,8,9,10,accuracy,macro avg,weighted avg
precision,0.0,0.0,0.1875,0.125,0.0,0.0,0.0,0.0,0.3333333333333333,0.0,0.14285714285714285,0.06458333333333333,0.06590136054421769
recall,0.0,0.0,0.6,0.2,0.0,0.0,0.0,0.0,0.6,0.0,0.14285714285714285,0.13999999999999999,0.14285714285714285
f1-score,0.0,0.0,0.2857142857142857,0.15384615384615385,0.0,0.0,0.0,0.0,0.42857142857142855,0.0,0.14285714285714285,0.08681318681318681,0.08858488450325185
support,5.0,5.0,5.0,5.0,5.0,4.0,5.0,5.0,5.0,5.0,0.14285714285714285,49.0,49.0
