,1,2,3,4,5,6,7,8,9,10,accuracy,macro avg,weighted avg
precision,0.25,0.0,0.1111111111111111,0.3333333333333333,0.09090909090909091,0.25,0.0,0.0,0.0,0.0,0.11764705882352941,0.10353535353535355,0.10640720934838581
recall,0.2,0.0,0.2,0.4,0.2,0.16666666666666666,0.0,0.0,0.0,0.0,0.11764705882352941,0.11666666666666667,0.11764705882352941
f1-score,0.22222222222222224,0.0,0.14285714285714285,0.3636363636363636,0.12500000000000003,0.2,0.0,0.0,0.0,0.0,0.11764705882352941,0.10537157287157287,0.10722703222703223
support,5.0,5.0,5.0,5.0,5.0,6.0,5.0,5.0,5.0,5.0,0.11764705882352941,51.0,51.0
