,1,2,3,4,5,6,7,8,9,10,accuracy,macro avg,weighted avg
precision,0.5,0.0,0.0,0.5,0.125,0.2,0.0,0.0,0.0,0.0,0.10204081632653061,0.1325,0.13112244897959183
recall,0.4,0.0,0.0,0.2,0.2,0.25,0.0,0.0,0.0,0.0,0.10204081632653061,0.10500000000000001,0.10204081632653061
f1-score,0.4444444444444445,0.0,0.0,0.28571428571428575,0.15384615384615385,0.22222222222222224,0.0,0.0,0.0,0.0,0.10204081632653061,0.11062271062271063,0.10834516956965938
support,5.0,5.0,5.0,5.0,5.0,4.0,5.0,5.0,5.0,5.0,0.10204081632653061,49.0,49.0
