,1,2,3,4,5,6,7,8,9,10,accuracy,macro avg,weighted avg
precision,0.0,0.0,0.0,0.3333333333333333,0.125,0.2857142857142857,0.0,0.0,0.0,0.0,0.08,0.0744047619047619,0.0744047619047619
recall,0.0,0.0,0.0,0.2,0.2,0.4,0.0,0.0,0.0,0.0,0.08,0.08,0.08
f1-score,0.0,0.0,0.0,0.25,0.15384615384615385,0.3333333333333333,0.0,0.0,0.0,0.0,0.08,0.07371794871794872,0.07371794871794872
support,5.0,5.0,5.0,5.0,5.0,5.0,5.0,5.0,5.0,5.0,0.08,50.0,50.0
