,1,2,3,4,5,6,7,8,9,10,accuracy,macro avg,weighted avg
precision,0.16666666666666666,0.2857142857142857,0.0,0.3333333333333333,0.3333333333333333,0.0,0.0,0.25,0.5,1.0,0.18,0.2869047619047619,0.2869047619047619
recall,0.2,0.4,0.0,0.2,0.2,0.0,0.0,0.2,0.4,0.2,0.18,0.18,0.18
f1-score,0.1818181818181818,0.3333333333333333,0.0,0.25,0.25,0.0,0.0,0.22222222222222224,0.4444444444444445,0.33333333333333337,0.18,0.2015151515151515,0.20151515151515156
support,5.0,5.0,5.0,5.0,5.0,5.0,5.0,5.0,5.0,5.0,0.18,50.0,50.0
